# UV Sphere
g sphere
v 0.000000 1.000000 0.000000
v 0.000000 1.000000 0.000000
v 0.000000 1.000000 0.000000
v 0.000000 1.000000 0.000000
v 0.000000 1.000000 0.000000
v 0.000000 1.000000 0.000000
v 0.000000 1.000000 0.000000
v 0.000000 1.000000 0.000000
v 0.000000 1.000000 0.000000
v -0.000000 1.000000 0.000000
v -0.000000 1.000000 0.000000
v -0.000000 1.000000 0.000000
v -0.000000 1.000000 0.000000
v -0.000000 1.000000 0.000000
v -0.000000 1.000000 0.000000
v -0.000000 1.000000 0.000000
v -0.000000 1.000000 0.000000
v -0.000000 1.000000 -0.000000
v -0.000000 1.000000 -0.000000
v -0.000000 1.000000 -0.000000
v -0.000000 1.000000 -0.000000
v -0.000000 1.000000 -0.000000
v -0.000000 1.000000 -0.000000
v -0.000000 1.000000 -0.000000
v -0.000000 1.000000 -0.000000
v 0.000000 1.000000 -0.000000
v 0.000000 1.000000 -0.000000
v 0.000000 1.000000 -0.000000
v 0.000000 1.000000 -0.000000
v 0.000000 1.000000 -0.000000
v 0.000000 1.000000 -0.000000
v 0.000000 1.000000 -0.000000
v 0.000000 1.000000 -0.000000
v 0.130526 0.991445 0.000000
v 0.128018 0.991445 0.025464
v 0.120590 0.991445 0.049950
v 0.108529 0.991445 0.072516
v 0.092296 0.991445 0.092296
v 0.072516 0.991445 0.108529
v 0.049950 0.991445 0.120590
v 0.025464 0.991445 0.128018
v 0.000000 0.991445 0.130526
v -0.025464 0.991445 0.128018
v -0.049950 0.991445 0.120590
v -0.072516 0.991445 0.108529
v -0.092296 0.991445 0.092296
v -0.108529 0.991445 0.072516
v -0.120590 0.991445 0.049950
v -0.128018 0.991445 0.025464
v -0.130526 0.991445 0.000000
v -0.128018 0.991445 -0.025464
v -0.120590 0.991445 -0.049950
v -0.108529 0.991445 -0.072516
v -0.092296 0.991445 -0.092296
v -0.072516 0.991445 -0.108529
v -0.049950 0.991445 -0.120590
v -0.025464 0.991445 -0.128018
v -0.000000 0.991445 -0.130526
v 0.025464 0.991445 -0.128018
v 0.049950 0.991445 -0.120590
v 0.072516 0.991445 -0.108529
v 0.092296 0.991445 -0.092296
v 0.108529 0.991445 -0.072516
v 0.120590 0.991445 -0.049950
v 0.128018 0.991445 -0.025464
v 0.130526 0.991445 -0.000000
v 0.258819 0.965926 0.000000
v 0.253846 0.965926 0.050493
v 0.239118 0.965926 0.099046
v 0.215200 0.965926 0.143792
v 0.183013 0.965926 0.183013
v 0.143792 0.965926 0.215200
v 0.099046 0.965926 0.239118
v 0.050493 0.965926 0.253846
v 0.000000 0.965926 0.258819
v -0.050493 0.965926 0.253846
v -0.099046 0.965926 0.239118
v -0.143792 0.965926 0.215200
v -0.183013 0.965926 0.183013
v -0.215200 0.965926 0.143792
v -0.239118 0.965926 0.099046
v -0.253846 0.965926 0.050493
v -0.258819 0.965926 0.000000
v -0.253846 0.965926 -0.050493
v -0.239118 0.965926 -0.099046
v -0.215200 0.965926 -0.143792
v -0.183013 0.965926 -0.183013
v -0.143792 0.965926 -0.215200
v -0.099046 0.965926 -0.239118
v -0.050493 0.965926 -0.253846
v -0.000000 0.965926 -0.258819
v 0.050493 0.965926 -0.253846
v 0.099046 0.965926 -0.239118
v 0.143792 0.965926 -0.215200
v 0.183013 0.965926 -0.183013
v 0.215200 0.965926 -0.143792
v 0.239118 0.965926 -0.099046
v 0.253846 0.965926 -0.050493
v 0.258819 0.965926 -0.000000
v 0.382683 0.923880 0.000000
v 0.375330 0.923880 0.074658
v 0.353553 0.923880 0.146447
v 0.318190 0.923880 0.212608
v 0.270598 0.923880 0.270598
v 0.212608 0.923880 0.318190
v 0.146447 0.923880 0.353553
v 0.074658 0.923880 0.375330
v 0.000000 0.923880 0.382683
v -0.074658 0.923880 0.375330
v -0.146447 0.923880 0.353553
v -0.212608 0.923880 0.318190
v -0.270598 0.923880 0.270598
v -0.318190 0.923880 0.212608
v -0.353553 0.923880 0.146447
v -0.375330 0.923880 0.074658
v -0.382683 0.923880 0.000000
v -0.375330 0.923880 -0.074658
v -0.353553 0.923880 -0.146447
v -0.318190 0.923880 -0.212608
v -0.270598 0.923880 -0.270598
v -0.212608 0.923880 -0.318190
v -0.146447 0.923880 -0.353553
v -0.074658 0.923880 -0.375330
v -0.000000 0.923880 -0.382683
v 0.074658 0.923880 -0.375330
v 0.146447 0.923880 -0.353553
v 0.212608 0.923880 -0.318190
v 0.270598 0.923880 -0.270598
v 0.318190 0.923880 -0.212608
v 0.353553 0.923880 -0.146447
v 0.375330 0.923880 -0.074658
v 0.382683 0.923880 -0.000000
v 0.500000 0.866025 0.000000
v 0.490393 0.866025 0.097545
v 0.461940 0.866025 0.191342
v 0.415735 0.866025 0.277785
v 0.353553 0.866025 0.353553
v 0.277785 0.866025 0.415735
v 0.191342 0.866025 0.461940
v 0.097545 0.866025 0.490393
v 0.000000 0.866025 0.500000
v -0.097545 0.866025 0.490393
v -0.191342 0.866025 0.461940
v -0.277785 0.866025 0.415735
v -0.353553 0.866025 0.353553
v -0.415735 0.866025 0.277785
v -0.461940 0.866025 0.191342
v -0.490393 0.866025 0.097545
v -0.500000 0.866025 0.000000
v -0.490393 0.866025 -0.097545
v -0.461940 0.866025 -0.191342
v -0.415735 0.866025 -0.277785
v -0.353553 0.866025 -0.353553
v -0.277785 0.866025 -0.415735
v -0.191342 0.866025 -0.461940
v -0.097545 0.866025 -0.490393
v -0.000000 0.866025 -0.500000
v 0.097545 0.866025 -0.490393
v 0.191342 0.866025 -0.461940
v 0.277785 0.866025 -0.415735
v 0.353553 0.866025 -0.353553
v 0.415735 0.866025 -0.277785
v 0.461940 0.866025 -0.191342
v 0.490393 0.866025 -0.097545
v 0.500000 0.866025 -0.000000
v 0.608761 0.793353 0.000000
v 0.597064 0.793353 0.118763
v 0.562422 0.793353 0.232963
v 0.506167 0.793353 0.338210
v 0.430459 0.793353 0.430459
v 0.338210 0.793353 0.506167
v 0.232963 0.793353 0.562422
v 0.118763 0.793353 0.597064
v 0.000000 0.793353 0.608761
v -0.118763 0.793353 0.597064
v -0.232963 0.793353 0.562422
v -0.338210 0.793353 0.506167
v -0.430459 0.793353 0.430459
v -0.506167 0.793353 0.338210
v -0.562422 0.793353 0.232963
v -0.597064 0.793353 0.118763
v -0.608761 0.793353 0.000000
v -0.597064 0.793353 -0.118763
v -0.562422 0.793353 -0.232963
v -0.506167 0.793353 -0.338210
v -0.430459 0.793353 -0.430459
v -0.338210 0.793353 -0.506167
v -0.232963 0.793353 -0.562422
v -0.118763 0.793353 -0.597064
v -0.000000 0.793353 -0.608761
v 0.118763 0.793353 -0.597064
v 0.232963 0.793353 -0.562422
v 0.338210 0.793353 -0.506167
v 0.430459 0.793353 -0.430459
v 0.506167 0.793353 -0.338210
v 0.562422 0.793353 -0.232963
v 0.597064 0.793353 -0.118763
v 0.608761 0.793353 -0.000000
v 0.707107 0.707107 0.000000
v 0.693520 0.707107 0.137950
v 0.653281 0.707107 0.270598
v 0.587938 0.707107 0.392847
v 0.500000 0.707107 0.500000
v 0.392847 0.707107 0.587938
v 0.270598 0.707107 0.653281
v 0.137950 0.707107 0.693520
v 0.000000 0.707107 0.707107
v -0.137950 0.707107 0.693520
v -0.270598 0.707107 0.653281
v -0.392847 0.707107 0.587938
v -0.500000 0.707107 0.500000
v -0.587938 0.707107 0.392847
v -0.653281 0.707107 0.270598
v -0.693520 0.707107 0.137950
v -0.707107 0.707107 0.000000
v -0.693520 0.707107 -0.137950
v -0.653281 0.707107 -0.270598
v -0.587938 0.707107 -0.392847
v -0.500000 0.707107 -0.500000
v -0.392847 0.707107 -0.587938
v -0.270598 0.707107 -0.653281
v -0.137950 0.707107 -0.693520
v -0.000000 0.707107 -0.707107
v 0.137950 0.707107 -0.693520
v 0.270598 0.707107 -0.653281
v 0.392847 0.707107 -0.587938
v 0.500000 0.707107 -0.500000
v 0.587938 0.707107 -0.392847
v 0.653281 0.707107 -0.270598
v 0.693520 0.707107 -0.137950
v 0.707107 0.707107 -0.000000
v 0.793353 0.608761 0.000000
v 0.778109 0.608761 0.154776
v 0.732963 0.608761 0.303603
v 0.659649 0.608761 0.440764
v 0.560986 0.608761 0.560986
v 0.440764 0.608761 0.659649
v 0.303603 0.608761 0.732963
v 0.154776 0.608761 0.778109
v 0.000000 0.608761 0.793353
v -0.154776 0.608761 0.778109
v -0.303603 0.608761 0.732963
v -0.440764 0.608761 0.659649
v -0.560986 0.608761 0.560986
v -0.659649 0.608761 0.440764
v -0.732963 0.608761 0.303603
v -0.778109 0.608761 0.154776
v -0.793353 0.608761 0.000000
v -0.778109 0.608761 -0.154776
v -0.732963 0.608761 -0.303603
v -0.659649 0.608761 -0.440764
v -0.560986 0.608761 -0.560986
v -0.440764 0.608761 -0.659649
v -0.303603 0.608761 -0.732963
v -0.154776 0.608761 -0.778109
v -0.000000 0.608761 -0.793353
v 0.154776 0.608761 -0.778109
v 0.303603 0.608761 -0.732963
v 0.440764 0.608761 -0.659649
v 0.560986 0.608761 -0.560986
v 0.659649 0.608761 -0.440764
v 0.732963 0.608761 -0.303603
v 0.778109 0.608761 -0.154776
v 0.793353 0.608761 -0.000000
v 0.866025 0.500000 0.000000
v 0.849385 0.500000 0.168953
v 0.800103 0.500000 0.331414
v 0.720074 0.500000 0.481138
v 0.612372 0.500000 0.612372
v 0.481138 0.500000 0.720074
v 0.331414 0.500000 0.800103
v 0.168953 0.500000 0.849385
v 0.000000 0.500000 0.866025
v -0.168953 0.500000 0.849385
v -0.331414 0.500000 0.800103
v -0.481138 0.500000 0.720074
v -0.612372 0.500000 0.612372
v -0.720074 0.500000 0.481138
v -0.800103 0.500000 0.331414
v -0.849385 0.500000 0.168953
v -0.866025 0.500000 0.000000
v -0.849385 0.500000 -0.168953
v -0.800103 0.500000 -0.331414
v -0.720074 0.500000 -0.481138
v -0.612372 0.500000 -0.612372
v -0.481138 0.500000 -0.720074
v -0.331414 0.500000 -0.800103
v -0.168953 0.500000 -0.849385
v -0.000000 0.500000 -0.866025
v 0.168953 0.500000 -0.849385
v 0.331414 0.500000 -0.800103
v 0.481138 0.500000 -0.720074
v 0.612372 0.500000 -0.612372
v 0.720074 0.500000 -0.481138
v 0.800103 0.500000 -0.331414
v 0.849385 0.500000 -0.168953
v 0.866025 0.500000 -0.000000
v 0.923880 0.382683 0.000000
v 0.906127 0.382683 0.180240
v 0.853553 0.382683 0.353553
v 0.768178 0.382683 0.513280
v 0.653281 0.382683 0.653281
v 0.513280 0.382683 0.768178
v 0.353553 0.382683 0.853553
v 0.180240 0.382683 0.906127
v 0.000000 0.382683 0.923880
v -0.180240 0.382683 0.906127
v -0.353553 0.382683 0.853553
v -0.513280 0.382683 0.768178
v -0.653281 0.382683 0.653281
v -0.768178 0.382683 0.513280
v -0.853553 0.382683 0.353553
v -0.906127 0.382683 0.180240
v -0.923880 0.382683 0.000000
v -0.906127 0.382683 -0.180240
v -0.853553 0.382683 -0.353553
v -0.768178 0.382683 -0.513280
v -0.653281 0.382683 -0.653281
v -0.513280 0.382683 -0.768178
v -0.353553 0.382683 -0.853553
v -0.180240 0.382683 -0.906127
v -0.000000 0.382683 -0.923880
v 0.180240 0.382683 -0.906127
v 0.353553 0.382683 -0.853553
v 0.513280 0.382683 -0.768178
v 0.653281 0.382683 -0.653281
v 0.768178 0.382683 -0.513280
v 0.853553 0.382683 -0.353553
v 0.906127 0.382683 -0.180240
v 0.923880 0.382683 -0.000000
v 0.965926 0.258819 0.000000
v 0.947366 0.258819 0.188443
v 0.892399 0.258819 0.369644
v 0.803138 0.258819 0.536640
v 0.683013 0.258819 0.683013
v 0.536640 0.258819 0.803138
v 0.369644 0.258819 0.892399
v 0.188443 0.258819 0.947366
v 0.000000 0.258819 0.965926
v -0.188443 0.258819 0.947366
v -0.369644 0.258819 0.892399
v -0.536640 0.258819 0.803138
v -0.683013 0.258819 0.683013
v -0.803138 0.258819 0.536640
v -0.892399 0.258819 0.369644
v -0.947366 0.258819 0.188443
v -0.965926 0.258819 0.000000
v -0.947366 0.258819 -0.188443
v -0.892399 0.258819 -0.369644
v -0.803138 0.258819 -0.536640
v -0.683013 0.258819 -0.683013
v -0.536640 0.258819 -0.803138
v -0.369644 0.258819 -0.892399
v -0.188443 0.258819 -0.947366
v -0.000000 0.258819 -0.965926
v 0.188443 0.258819 -0.947366
v 0.369644 0.258819 -0.892399
v 0.536640 0.258819 -0.803138
v 0.683013 0.258819 -0.683013
v 0.803138 0.258819 -0.536640
v 0.892399 0.258819 -0.369644
v 0.947366 0.258819 -0.188443
v 0.965926 0.258819 -0.000000
v 0.991445 0.130526 0.000000
v 0.972395 0.130526 0.193421
v 0.915976 0.130526 0.379410
v 0.824356 0.130526 0.550817
v 0.701057 0.130526 0.701057
v 0.550817 0.130526 0.824356
v 0.379410 0.130526 0.915976
v 0.193421 0.130526 0.972395
v 0.000000 0.130526 0.991445
v -0.193421 0.130526 0.972395
v -0.379410 0.130526 0.915976
v -0.550817 0.130526 0.824356
v -0.701057 0.130526 0.701057
v -0.824356 0.130526 0.550817
v -0.915976 0.130526 0.379410
v -0.972395 0.130526 0.193421
v -0.991445 0.130526 0.000000
v -0.972395 0.130526 -0.193421
v -0.915976 0.130526 -0.379410
v -0.824356 0.130526 -0.550817
v -0.701057 0.130526 -0.701057
v -0.550817 0.130526 -0.824356
v -0.379410 0.130526 -0.915976
v -0.193421 0.130526 -0.972395
v -0.000000 0.130526 -0.991445
v 0.193421 0.130526 -0.972395
v 0.379410 0.130526 -0.915976
v 0.550817 0.130526 -0.824356
v 0.701057 0.130526 -0.701057
v 0.824356 0.130526 -0.550817
v 0.915976 0.130526 -0.379410
v 0.972395 0.130526 -0.193421
v 0.991445 0.130526 -0.000000
v 1.000000 0.000000 0.000000
v 0.980785 0.000000 0.195090
v 0.923880 0.000000 0.382683
v 0.831470 0.000000 0.555570
v 0.707107 0.000000 0.707107
v 0.555570 0.000000 0.831470
v 0.382683 0.000000 0.923880
v 0.195090 0.000000 0.980785
v 0.000000 0.000000 1.000000
v -0.195090 0.000000 0.980785
v -0.382683 0.000000 0.923880
v -0.555570 0.000000 0.831470
v -0.707107 0.000000 0.707107
v -0.831470 0.000000 0.555570
v -0.923880 0.000000 0.382683
v -0.980785 0.000000 0.195090
v -1.000000 0.000000 0.000000
v -0.980785 0.000000 -0.195090
v -0.923880 0.000000 -0.382683
v -0.831470 0.000000 -0.555570
v -0.707107 0.000000 -0.707107
v -0.555570 0.000000 -0.831470
v -0.382683 0.000000 -0.923880
v -0.195090 0.000000 -0.980785
v -0.000000 0.000000 -1.000000
v 0.195090 0.000000 -0.980785
v 0.382683 0.000000 -0.923880
v 0.555570 0.000000 -0.831470
v 0.707107 0.000000 -0.707107
v 0.831470 0.000000 -0.555570
v 0.923880 0.000000 -0.382683
v 0.980785 0.000000 -0.195090
v 1.000000 0.000000 -0.000000
v 0.991445 -0.130526 0.000000
v 0.972395 -0.130526 0.193421
v 0.915976 -0.130526 0.379410
v 0.824356 -0.130526 0.550817
v 0.701057 -0.130526 0.701057
v 0.550817 -0.130526 0.824356
v 0.379410 -0.130526 0.915976
v 0.193421 -0.130526 0.972395
v 0.000000 -0.130526 0.991445
v -0.193421 -0.130526 0.972395
v -0.379410 -0.130526 0.915976
v -0.550817 -0.130526 0.824356
v -0.701057 -0.130526 0.701057
v -0.824356 -0.130526 0.550817
v -0.915976 -0.130526 0.379410
v -0.972395 -0.130526 0.193421
v -0.991445 -0.130526 0.000000
v -0.972395 -0.130526 -0.193421
v -0.915976 -0.130526 -0.379410
v -0.824356 -0.130526 -0.550817
v -0.701057 -0.130526 -0.701057
v -0.550817 -0.130526 -0.824356
v -0.379410 -0.130526 -0.915976
v -0.193421 -0.130526 -0.972395
v -0.000000 -0.130526 -0.991445
v 0.193421 -0.130526 -0.972395
v 0.379410 -0.130526 -0.915976
v 0.550817 -0.130526 -0.824356
v 0.701057 -0.130526 -0.701057
v 0.824356 -0.130526 -0.550817
v 0.915976 -0.130526 -0.379410
v 0.972395 -0.130526 -0.193421
v 0.991445 -0.130526 -0.000000
v 0.965926 -0.258819 0.000000
v 0.947366 -0.258819 0.188443
v 0.892399 -0.258819 0.369644
v 0.803138 -0.258819 0.536640
v 0.683013 -0.258819 0.683013
v 0.536640 -0.258819 0.803138
v 0.369644 -0.258819 0.892399
v 0.188443 -0.258819 0.947366
v 0.000000 -0.258819 0.965926
v -0.188443 -0.258819 0.947366
v -0.369644 -0.258819 0.892399
v -0.536640 -0.258819 0.803138
v -0.683013 -0.258819 0.683013
v -0.803138 -0.258819 0.536640
v -0.892399 -0.258819 0.369644
v -0.947366 -0.258819 0.188443
v -0.965926 -0.258819 0.000000
v -0.947366 -0.258819 -0.188443
v -0.892399 -0.258819 -0.369644
v -0.803138 -0.258819 -0.536640
v -0.683013 -0.258819 -0.683013
v -0.536640 -0.258819 -0.803138
v -0.369644 -0.258819 -0.892399
v -0.188443 -0.258819 -0.947366
v -0.000000 -0.258819 -0.965926
v 0.188443 -0.258819 -0.947366
v 0.369644 -0.258819 -0.892399
v 0.536640 -0.258819 -0.803138
v 0.683013 -0.258819 -0.683013
v 0.803138 -0.258819 -0.536640
v 0.892399 -0.258819 -0.369644
v 0.947366 -0.258819 -0.188443
v 0.965926 -0.258819 -0.000000
v 0.923880 -0.382683 0.000000
v 0.906127 -0.382683 0.180240
v 0.853553 -0.382683 0.353553
v 0.768178 -0.382683 0.513280
v 0.653281 -0.382683 0.653281
v 0.513280 -0.382683 0.768178
v 0.353553 -0.382683 0.853553
v 0.180240 -0.382683 0.906127
v 0.000000 -0.382683 0.923880
v -0.180240 -0.382683 0.906127
v -0.353553 -0.382683 0.853553
v -0.513280 -0.382683 0.768178
v -0.653281 -0.382683 0.653281
v -0.768178 -0.382683 0.513280
v -0.853553 -0.382683 0.353553
v -0.906127 -0.382683 0.180240
v -0.923880 -0.382683 0.000000
v -0.906127 -0.382683 -0.180240
v -0.853553 -0.382683 -0.353553
v -0.768178 -0.382683 -0.513280
v -0.653281 -0.382683 -0.653281
v -0.513280 -0.382683 -0.768178
v -0.353553 -0.382683 -0.853553
v -0.180240 -0.382683 -0.906127
v -0.000000 -0.382683 -0.923880
v 0.180240 -0.382683 -0.906127
v 0.353553 -0.382683 -0.853553
v 0.513280 -0.382683 -0.768178
v 0.653281 -0.382683 -0.653281
v 0.768178 -0.382683 -0.513280
v 0.853553 -0.382683 -0.353553
v 0.906127 -0.382683 -0.180240
v 0.923880 -0.382683 -0.000000
v 0.866025 -0.500000 0.000000
v 0.849385 -0.500000 0.168953
v 0.800103 -0.500000 0.331414
v 0.720074 -0.500000 0.481138
v 0.612372 -0.500000 0.612372
v 0.481138 -0.500000 0.720074
v 0.331414 -0.500000 0.800103
v 0.168953 -0.500000 0.849385
v 0.000000 -0.500000 0.866025
v -0.168953 -0.500000 0.849385
v -0.331414 -0.500000 0.800103
v -0.481138 -0.500000 0.720074
v -0.612372 -0.500000 0.612372
v -0.720074 -0.500000 0.481138
v -0.800103 -0.500000 0.331414
v -0.849385 -0.500000 0.168953
v -0.866025 -0.500000 0.000000
v -0.849385 -0.500000 -0.168953
v -0.800103 -0.500000 -0.331414
v -0.720074 -0.500000 -0.481138
v -0.612372 -0.500000 -0.612372
v -0.481138 -0.500000 -0.720074
v -0.331414 -0.500000 -0.800103
v -0.168953 -0.500000 -0.849385
v -0.000000 -0.500000 -0.866025
v 0.168953 -0.500000 -0.849385
v 0.331414 -0.500000 -0.800103
v 0.481138 -0.500000 -0.720074
v 0.612372 -0.500000 -0.612372
v 0.720074 -0.500000 -0.481138
v 0.800103 -0.500000 -0.331414
v 0.849385 -0.500000 -0.168953
v 0.866025 -0.500000 -0.000000
v 0.793353 -0.608761 0.000000
v 0.778109 -0.608761 0.154776
v 0.732963 -0.608761 0.303603
v 0.659649 -0.608761 0.440764
v 0.560986 -0.608761 0.560986
v 0.440764 -0.608761 0.659649
v 0.303603 -0.608761 0.732963
v 0.154776 -0.608761 0.778109
v 0.000000 -0.608761 0.793353
v -0.154776 -0.608761 0.778109
v -0.303603 -0.608761 0.732963
v -0.440764 -0.608761 0.659649
v -0.560986 -0.608761 0.560986
v -0.659649 -0.608761 0.440764
v -0.732963 -0.608761 0.303603
v -0.778109 -0.608761 0.154776
v -0.793353 -0.608761 0.000000
v -0.778109 -0.608761 -0.154776
v -0.732963 -0.608761 -0.303603
v -0.659649 -0.608761 -0.440764
v -0.560986 -0.608761 -0.560986
v -0.440764 -0.608761 -0.659649
v -0.303603 -0.608761 -0.732963
v -0.154776 -0.608761 -0.778109
v -0.000000 -0.608761 -0.793353
v 0.154776 -0.608761 -0.778109
v 0.303603 -0.608761 -0.732963
v 0.440764 -0.608761 -0.659649
v 0.560986 -0.608761 -0.560986
v 0.659649 -0.608761 -0.440764
v 0.732963 -0.608761 -0.303603
v 0.778109 -0.608761 -0.154776
v 0.793353 -0.608761 -0.000000
v 0.707107 -0.707107 0.000000
v 0.693520 -0.707107 0.137950
v 0.653281 -0.707107 0.270598
v 0.587938 -0.707107 0.392847
v 0.500000 -0.707107 0.500000
v 0.392847 -0.707107 0.587938
v 0.270598 -0.707107 0.653281
v 0.137950 -0.707107 0.693520
v 0.000000 -0.707107 0.707107
v -0.137950 -0.707107 0.693520
v -0.270598 -0.707107 0.653281
v -0.392847 -0.707107 0.587938
v -0.500000 -0.707107 0.500000
v -0.587938 -0.707107 0.392847
v -0.653281 -0.707107 0.270598
v -0.693520 -0.707107 0.137950
v -0.707107 -0.707107 0.000000
v -0.693520 -0.707107 -0.137950
v -0.653281 -0.707107 -0.270598
v -0.587938 -0.707107 -0.392847
v -0.500000 -0.707107 -0.500000
v -0.392847 -0.707107 -0.587938
v -0.270598 -0.707107 -0.653281
v -0.137950 -0.707107 -0.693520
v -0.000000 -0.707107 -0.707107
v 0.137950 -0.707107 -0.693520
v 0.270598 -0.707107 -0.653281
v 0.392847 -0.707107 -0.587938
v 0.500000 -0.707107 -0.500000
v 0.587938 -0.707107 -0.392847
v 0.653281 -0.707107 -0.270598
v 0.693520 -0.707107 -0.137950
v 0.707107 -0.707107 -0.000000
v 0.608761 -0.793353 0.000000
v 0.597064 -0.793353 0.118763
v 0.562422 -0.793353 0.232963
v 0.506167 -0.793353 0.338210
v 0.430459 -0.793353 0.430459
v 0.338210 -0.793353 0.506167
v 0.232963 -0.793353 0.562422
v 0.118763 -0.793353 0.597064
v 0.000000 -0.793353 0.608761
v -0.118763 -0.793353 0.597064
v -0.232963 -0.793353 0.562422
v -0.338210 -0.793353 0.506167
v -0.430459 -0.793353 0.430459
v -0.506167 -0.793353 0.338210
v -0.562422 -0.793353 0.232963
v -0.597064 -0.793353 0.118763
v -0.608761 -0.793353 0.000000
v -0.597064 -0.793353 -0.118763
v -0.562422 -0.793353 -0.232963
v -0.506167 -0.793353 -0.338210
v -0.430459 -0.793353 -0.430459
v -0.338210 -0.793353 -0.506167
v -0.232963 -0.793353 -0.562422
v -0.118763 -0.793353 -0.597064
v -0.000000 -0.793353 -0.608761
v 0.118763 -0.793353 -0.597064
v 0.232963 -0.793353 -0.562422
v 0.338210 -0.793353 -0.506167
v 0.430459 -0.793353 -0.430459
v 0.506167 -0.793353 -0.338210
v 0.562422 -0.793353 -0.232963
v 0.597064 -0.793353 -0.118763
v 0.608761 -0.793353 -0.000000
v 0.500000 -0.866025 0.000000
v 0.490393 -0.866025 0.097545
v 0.461940 -0.866025 0.191342
v 0.415735 -0.866025 0.277785
v 0.353553 -0.866025 0.353553
v 0.277785 -0.866025 0.415735
v 0.191342 -0.866025 0.461940
v 0.097545 -0.866025 0.490393
v 0.000000 -0.866025 0.500000
v -0.097545 -0.866025 0.490393
v -0.191342 -0.866025 0.461940
v -0.277785 -0.866025 0.415735
v -0.353553 -0.866025 0.353553
v -0.415735 -0.866025 0.277785
v -0.461940 -0.866025 0.191342
v -0.490393 -0.866025 0.097545
v -0.500000 -0.866025 0.000000
v -0.490393 -0.866025 -0.097545
v -0.461940 -0.866025 -0.191342
v -0.415735 -0.866025 -0.277785
v -0.353553 -0.866025 -0.353553
v -0.277785 -0.866025 -0.415735
v -0.191342 -0.866025 -0.461940
v -0.097545 -0.866025 -0.490393
v -0.000000 -0.866025 -0.500000
v 0.097545 -0.866025 -0.490393
v 0.191342 -0.866025 -0.461940
v 0.277785 -0.866025 -0.415735
v 0.353553 -0.866025 -0.353553
v 0.415735 -0.866025 -0.277785
v 0.461940 -0.866025 -0.191342
v 0.490393 -0.866025 -0.097545
v 0.500000 -0.866025 -0.000000
v 0.382683 -0.923880 0.000000
v 0.375330 -0.923880 0.074658
v 0.353553 -0.923880 0.146447
v 0.318190 -0.923880 0.212608
v 0.270598 -0.923880 0.270598
v 0.212608 -0.923880 0.318190
v 0.146447 -0.923880 0.353553
v 0.074658 -0.923880 0.375330
v 0.000000 -0.923880 0.382683
v -0.074658 -0.923880 0.375330
v -0.146447 -0.923880 0.353553
v -0.212608 -0.923880 0.318190
v -0.270598 -0.923880 0.270598
v -0.318190 -0.923880 0.212608
v -0.353553 -0.923880 0.146447
v -0.375330 -0.923880 0.074658
v -0.382683 -0.923880 0.000000
v -0.375330 -0.923880 -0.074658
v -0.353553 -0.923880 -0.146447
v -0.318190 -0.923880 -0.212608
v -0.270598 -0.923880 -0.270598
v -0.212608 -0.923880 -0.318190
v -0.146447 -0.923880 -0.353553
v -0.074658 -0.923880 -0.375330
v -0.000000 -0.923880 -0.382683
v 0.074658 -0.923880 -0.375330
v 0.146447 -0.923880 -0.353553
v 0.212608 -0.923880 -0.318190
v 0.270598 -0.923880 -0.270598
v 0.318190 -0.923880 -0.212608
v 0.353553 -0.923880 -0.146447
v 0.375330 -0.923880 -0.074658
v 0.382683 -0.923880 -0.000000
v 0.258819 -0.965926 0.000000
v 0.253846 -0.965926 0.050493
v 0.239118 -0.965926 0.099046
v 0.215200 -0.965926 0.143792
v 0.183013 -0.965926 0.183013
v 0.143792 -0.965926 0.215200
v 0.099046 -0.965926 0.239118
v 0.050493 -0.965926 0.253846
v 0.000000 -0.965926 0.258819
v -0.050493 -0.965926 0.253846
v -0.099046 -0.965926 0.239118
v -0.143792 -0.965926 0.215200
v -0.183013 -0.965926 0.183013
v -0.215200 -0.965926 0.143792
v -0.239118 -0.965926 0.099046
v -0.253846 -0.965926 0.050493
v -0.258819 -0.965926 0.000000
v -0.253846 -0.965926 -0.050493
v -0.239118 -0.965926 -0.099046
v -0.215200 -0.965926 -0.143792
v -0.183013 -0.965926 -0.183013
v -0.143792 -0.965926 -0.215200
v -0.099046 -0.965926 -0.239118
v -0.050493 -0.965926 -0.253846
v -0.000000 -0.965926 -0.258819
v 0.050493 -0.965926 -0.253846
v 0.099046 -0.965926 -0.239118
v 0.143792 -0.965926 -0.215200
v 0.183013 -0.965926 -0.183013
v 0.215200 -0.965926 -0.143792
v 0.239118 -0.965926 -0.099046
v 0.253846 -0.965926 -0.050493
v 0.258819 -0.965926 -0.000000
v 0.130526 -0.991445 0.000000
v 0.128018 -0.991445 0.025464
v 0.120590 -0.991445 0.049950
v 0.108529 -0.991445 0.072516
v 0.092296 -0.991445 0.092296
v 0.072516 -0.991445 0.108529
v 0.049950 -0.991445 0.120590
v 0.025464 -0.991445 0.128018
v 0.000000 -0.991445 0.130526
v -0.025464 -0.991445 0.128018
v -0.049950 -0.991445 0.120590
v -0.072516 -0.991445 0.108529
v -0.092296 -0.991445 0.092296
v -0.108529 -0.991445 0.072516
v -0.120590 -0.991445 0.049950
v -0.128018 -0.991445 0.025464
v -0.130526 -0.991445 0.000000
v -0.128018 -0.991445 -0.025464
v -0.120590 -0.991445 -0.049950
v -0.108529 -0.991445 -0.072516
v -0.092296 -0.991445 -0.092296
v -0.072516 -0.991445 -0.108529
v -0.049950 -0.991445 -0.120590
v -0.025464 -0.991445 -0.128018
v -0.000000 -0.991445 -0.130526
v 0.025464 -0.991445 -0.128018
v 0.049950 -0.991445 -0.120590
v 0.072516 -0.991445 -0.108529
v 0.092296 -0.991445 -0.092296
v 0.108529 -0.991445 -0.072516
v 0.120590 -0.991445 -0.049950
v 0.128018 -0.991445 -0.025464
v 0.130526 -0.991445 -0.000000
v 0.000000 -1.000000 0.000000
v 0.000000 -1.000000 0.000000
v 0.000000 -1.000000 0.000000
v 0.000000 -1.000000 0.000000
v 0.000000 -1.000000 0.000000
v 0.000000 -1.000000 0.000000
v 0.000000 -1.000000 0.000000
v 0.000000 -1.000000 0.000000
v 0.000000 -1.000000 0.000000
v -0.000000 -1.000000 0.000000
v -0.000000 -1.000000 0.000000
v -0.000000 -1.000000 0.000000
v -0.000000 -1.000000 0.000000
v -0.000000 -1.000000 0.000000
v -0.000000 -1.000000 0.000000
v -0.000000 -1.000000 0.000000
v -0.000000 -1.000000 0.000000
v -0.000000 -1.000000 -0.000000
v -0.000000 -1.000000 -0.000000
v -0.000000 -1.000000 -0.000000
v -0.000000 -1.000000 -0.000000
v -0.000000 -1.000000 -0.000000
v -0.000000 -1.000000 -0.000000
v -0.000000 -1.000000 -0.000000
v -0.000000 -1.000000 -0.000000
v 0.000000 -1.000000 -0.000000
v 0.000000 -1.000000 -0.000000
v 0.000000 -1.000000 -0.000000
v 0.000000 -1.000000 -0.000000
v 0.000000 -1.000000 -0.000000
v 0.000000 -1.000000 -0.000000
v 0.000000 -1.000000 -0.000000
v 0.000000 -1.000000 -0.000000
vt 0.000000 1.000000
vt 0.031250 1.000000
vt 0.062500 1.000000
vt 0.093750 1.000000
vt 0.125000 1.000000
vt 0.156250 1.000000
vt 0.187500 1.000000
vt 0.218750 1.000000
vt 0.250000 1.000000
vt 0.281250 1.000000
vt 0.312500 1.000000
vt 0.343750 1.000000
vt 0.375000 1.000000
vt 0.406250 1.000000
vt 0.437500 1.000000
vt 0.468750 1.000000
vt 0.500000 1.000000
vt 0.531250 1.000000
vt 0.562500 1.000000
vt 0.593750 1.000000
vt 0.625000 1.000000
vt 0.656250 1.000000
vt 0.687500 1.000000
vt 0.718750 1.000000
vt 0.750000 1.000000
vt 0.781250 1.000000
vt 0.812500 1.000000
vt 0.843750 1.000000
vt 0.875000 1.000000
vt 0.906250 1.000000
vt 0.937500 1.000000
vt 0.968750 1.000000
vt 1.000000 1.000000
vt 0.000000 0.958333
vt 0.031250 0.958333
vt 0.062500 0.958333
vt 0.093750 0.958333
vt 0.125000 0.958333
vt 0.156250 0.958333
vt 0.187500 0.958333
vt 0.218750 0.958333
vt 0.250000 0.958333
vt 0.281250 0.958333
vt 0.312500 0.958333
vt 0.343750 0.958333
vt 0.375000 0.958333
vt 0.406250 0.958333
vt 0.437500 0.958333
vt 0.468750 0.958333
vt 0.500000 0.958333
vt 0.531250 0.958333
vt 0.562500 0.958333
vt 0.593750 0.958333
vt 0.625000 0.958333
vt 0.656250 0.958333
vt 0.687500 0.958333
vt 0.718750 0.958333
vt 0.750000 0.958333
vt 0.781250 0.958333
vt 0.812500 0.958333
vt 0.843750 0.958333
vt 0.875000 0.958333
vt 0.906250 0.958333
vt 0.937500 0.958333
vt 0.968750 0.958333
vt 1.000000 0.958333
vt 0.000000 0.916667
vt 0.031250 0.916667
vt 0.062500 0.916667
vt 0.093750 0.916667
vt 0.125000 0.916667
vt 0.156250 0.916667
vt 0.187500 0.916667
vt 0.218750 0.916667
vt 0.250000 0.916667
vt 0.281250 0.916667
vt 0.312500 0.916667
vt 0.343750 0.916667
vt 0.375000 0.916667
vt 0.406250 0.916667
vt 0.437500 0.916667
vt 0.468750 0.916667
vt 0.500000 0.916667
vt 0.531250 0.916667
vt 0.562500 0.916667
vt 0.593750 0.916667
vt 0.625000 0.916667
vt 0.656250 0.916667
vt 0.687500 0.916667
vt 0.718750 0.916667
vt 0.750000 0.916667
vt 0.781250 0.916667
vt 0.812500 0.916667
vt 0.843750 0.916667
vt 0.875000 0.916667
vt 0.906250 0.916667
vt 0.937500 0.916667
vt 0.968750 0.916667
vt 1.000000 0.916667
vt 0.000000 0.875000
vt 0.031250 0.875000
vt 0.062500 0.875000
vt 0.093750 0.875000
vt 0.125000 0.875000
vt 0.156250 0.875000
vt 0.187500 0.875000
vt 0.218750 0.875000
vt 0.250000 0.875000
vt 0.281250 0.875000
vt 0.312500 0.875000
vt 0.343750 0.875000
vt 0.375000 0.875000
vt 0.406250 0.875000
vt 0.437500 0.875000
vt 0.468750 0.875000
vt 0.500000 0.875000
vt 0.531250 0.875000
vt 0.562500 0.875000
vt 0.593750 0.875000
vt 0.625000 0.875000
vt 0.656250 0.875000
vt 0.687500 0.875000
vt 0.718750 0.875000
vt 0.750000 0.875000
vt 0.781250 0.875000
vt 0.812500 0.875000
vt 0.843750 0.875000
vt 0.875000 0.875000
vt 0.906250 0.875000
vt 0.937500 0.875000
vt 0.968750 0.875000
vt 1.000000 0.875000
vt 0.000000 0.833333
vt 0.031250 0.833333
vt 0.062500 0.833333
vt 0.093750 0.833333
vt 0.125000 0.833333
vt 0.156250 0.833333
vt 0.187500 0.833333
vt 0.218750 0.833333
vt 0.250000 0.833333
vt 0.281250 0.833333
vt 0.312500 0.833333
vt 0.343750 0.833333
vt 0.375000 0.833333
vt 0.406250 0.833333
vt 0.437500 0.833333
vt 0.468750 0.833333
vt 0.500000 0.833333
vt 0.531250 0.833333
vt 0.562500 0.833333
vt 0.593750 0.833333
vt 0.625000 0.833333
vt 0.656250 0.833333
vt 0.687500 0.833333
vt 0.718750 0.833333
vt 0.750000 0.833333
vt 0.781250 0.833333
vt 0.812500 0.833333
vt 0.843750 0.833333
vt 0.875000 0.833333
vt 0.906250 0.833333
vt 0.937500 0.833333
vt 0.968750 0.833333
vt 1.000000 0.833333
vt 0.000000 0.791667
vt 0.031250 0.791667
vt 0.062500 0.791667
vt 0.093750 0.791667
vt 0.125000 0.791667
vt 0.156250 0.791667
vt 0.187500 0.791667
vt 0.218750 0.791667
vt 0.250000 0.791667
vt 0.281250 0.791667
vt 0.312500 0.791667
vt 0.343750 0.791667
vt 0.375000 0.791667
vt 0.406250 0.791667
vt 0.437500 0.791667
vt 0.468750 0.791667
vt 0.500000 0.791667
vt 0.531250 0.791667
vt 0.562500 0.791667
vt 0.593750 0.791667
vt 0.625000 0.791667
vt 0.656250 0.791667
vt 0.687500 0.791667
vt 0.718750 0.791667
vt 0.750000 0.791667
vt 0.781250 0.791667
vt 0.812500 0.791667
vt 0.843750 0.791667
vt 0.875000 0.791667
vt 0.906250 0.791667
vt 0.937500 0.791667
vt 0.968750 0.791667
vt 1.000000 0.791667
vt 0.000000 0.750000
vt 0.031250 0.750000
vt 0.062500 0.750000
vt 0.093750 0.750000
vt 0.125000 0.750000
vt 0.156250 0.750000
vt 0.187500 0.750000
vt 0.218750 0.750000
vt 0.250000 0.750000
vt 0.281250 0.750000
vt 0.312500 0.750000
vt 0.343750 0.750000
vt 0.375000 0.750000
vt 0.406250 0.750000
vt 0.437500 0.750000
vt 0.468750 0.750000
vt 0.500000 0.750000
vt 0.531250 0.750000
vt 0.562500 0.750000
vt 0.593750 0.750000
vt 0.625000 0.750000
vt 0.656250 0.750000
vt 0.687500 0.750000
vt 0.718750 0.750000
vt 0.750000 0.750000
vt 0.781250 0.750000
vt 0.812500 0.750000
vt 0.843750 0.750000
vt 0.875000 0.750000
vt 0.906250 0.750000
vt 0.937500 0.750000
vt 0.968750 0.750000
vt 1.000000 0.750000
vt 0.000000 0.708333
vt 0.031250 0.708333
vt 0.062500 0.708333
vt 0.093750 0.708333
vt 0.125000 0.708333
vt 0.156250 0.708333
vt 0.187500 0.708333
vt 0.218750 0.708333
vt 0.250000 0.708333
vt 0.281250 0.708333
vt 0.312500 0.708333
vt 0.343750 0.708333
vt 0.375000 0.708333
vt 0.406250 0.708333
vt 0.437500 0.708333
vt 0.468750 0.708333
vt 0.500000 0.708333
vt 0.531250 0.708333
vt 0.562500 0.708333
vt 0.593750 0.708333
vt 0.625000 0.708333
vt 0.656250 0.708333
vt 0.687500 0.708333
vt 0.718750 0.708333
vt 0.750000 0.708333
vt 0.781250 0.708333
vt 0.812500 0.708333
vt 0.843750 0.708333
vt 0.875000 0.708333
vt 0.906250 0.708333
vt 0.937500 0.708333
vt 0.968750 0.708333
vt 1.000000 0.708333
vt 0.000000 0.666667
vt 0.031250 0.666667
vt 0.062500 0.666667
vt 0.093750 0.666667
vt 0.125000 0.666667
vt 0.156250 0.666667
vt 0.187500 0.666667
vt 0.218750 0.666667
vt 0.250000 0.666667
vt 0.281250 0.666667
vt 0.312500 0.666667
vt 0.343750 0.666667
vt 0.375000 0.666667
vt 0.406250 0.666667
vt 0.437500 0.666667
vt 0.468750 0.666667
vt 0.500000 0.666667
vt 0.531250 0.666667
vt 0.562500 0.666667
vt 0.593750 0.666667
vt 0.625000 0.666667
vt 0.656250 0.666667
vt 0.687500 0.666667
vt 0.718750 0.666667
vt 0.750000 0.666667
vt 0.781250 0.666667
vt 0.812500 0.666667
vt 0.843750 0.666667
vt 0.875000 0.666667
vt 0.906250 0.666667
vt 0.937500 0.666667
vt 0.968750 0.666667
vt 1.000000 0.666667
vt 0.000000 0.625000
vt 0.031250 0.625000
vt 0.062500 0.625000
vt 0.093750 0.625000
vt 0.125000 0.625000
vt 0.156250 0.625000
vt 0.187500 0.625000
vt 0.218750 0.625000
vt 0.250000 0.625000
vt 0.281250 0.625000
vt 0.312500 0.625000
vt 0.343750 0.625000
vt 0.375000 0.625000
vt 0.406250 0.625000
vt 0.437500 0.625000
vt 0.468750 0.625000
vt 0.500000 0.625000
vt 0.531250 0.625000
vt 0.562500 0.625000
vt 0.593750 0.625000
vt 0.625000 0.625000
vt 0.656250 0.625000
vt 0.687500 0.625000
vt 0.718750 0.625000
vt 0.750000 0.625000
vt 0.781250 0.625000
vt 0.812500 0.625000
vt 0.843750 0.625000
vt 0.875000 0.625000
vt 0.906250 0.625000
vt 0.937500 0.625000
vt 0.968750 0.625000
vt 1.000000 0.625000
vt 0.000000 0.583333
vt 0.031250 0.583333
vt 0.062500 0.583333
vt 0.093750 0.583333
vt 0.125000 0.583333
vt 0.156250 0.583333
vt 0.187500 0.583333
vt 0.218750 0.583333
vt 0.250000 0.583333
vt 0.281250 0.583333
vt 0.312500 0.583333
vt 0.343750 0.583333
vt 0.375000 0.583333
vt 0.406250 0.583333
vt 0.437500 0.583333
vt 0.468750 0.583333
vt 0.500000 0.583333
vt 0.531250 0.583333
vt 0.562500 0.583333
vt 0.593750 0.583333
vt 0.625000 0.583333
vt 0.656250 0.583333
vt 0.687500 0.583333
vt 0.718750 0.583333
vt 0.750000 0.583333
vt 0.781250 0.583333
vt 0.812500 0.583333
vt 0.843750 0.583333
vt 0.875000 0.583333
vt 0.906250 0.583333
vt 0.937500 0.583333
vt 0.968750 0.583333
vt 1.000000 0.583333
vt 0.000000 0.541667
vt 0.031250 0.541667
vt 0.062500 0.541667
vt 0.093750 0.541667
vt 0.125000 0.541667
vt 0.156250 0.541667
vt 0.187500 0.541667
vt 0.218750 0.541667
vt 0.250000 0.541667
vt 0.281250 0.541667
vt 0.312500 0.541667
vt 0.343750 0.541667
vt 0.375000 0.541667
vt 0.406250 0.541667
vt 0.437500 0.541667
vt 0.468750 0.541667
vt 0.500000 0.541667
vt 0.531250 0.541667
vt 0.562500 0.541667
vt 0.593750 0.541667
vt 0.625000 0.541667
vt 0.656250 0.541667
vt 0.687500 0.541667
vt 0.718750 0.541667
vt 0.750000 0.541667
vt 0.781250 0.541667
vt 0.812500 0.541667
vt 0.843750 0.541667
vt 0.875000 0.541667
vt 0.906250 0.541667
vt 0.937500 0.541667
vt 0.968750 0.541667
vt 1.000000 0.541667
vt 0.000000 0.500000
vt 0.031250 0.500000
vt 0.062500 0.500000
vt 0.093750 0.500000
vt 0.125000 0.500000
vt 0.156250 0.500000
vt 0.187500 0.500000
vt 0.218750 0.500000
vt 0.250000 0.500000
vt 0.281250 0.500000
vt 0.312500 0.500000
vt 0.343750 0.500000
vt 0.375000 0.500000
vt 0.406250 0.500000
vt 0.437500 0.500000
vt 0.468750 0.500000
vt 0.500000 0.500000
vt 0.531250 0.500000
vt 0.562500 0.500000
vt 0.593750 0.500000
vt 0.625000 0.500000
vt 0.656250 0.500000
vt 0.687500 0.500000
vt 0.718750 0.500000
vt 0.750000 0.500000
vt 0.781250 0.500000
vt 0.812500 0.500000
vt 0.843750 0.500000
vt 0.875000 0.500000
vt 0.906250 0.500000
vt 0.937500 0.500000
vt 0.968750 0.500000
vt 1.000000 0.500000
vt 0.000000 0.458333
vt 0.031250 0.458333
vt 0.062500 0.458333
vt 0.093750 0.458333
vt 0.125000 0.458333
vt 0.156250 0.458333
vt 0.187500 0.458333
vt 0.218750 0.458333
vt 0.250000 0.458333
vt 0.281250 0.458333
vt 0.312500 0.458333
vt 0.343750 0.458333
vt 0.375000 0.458333
vt 0.406250 0.458333
vt 0.437500 0.458333
vt 0.468750 0.458333
vt 0.500000 0.458333
vt 0.531250 0.458333
vt 0.562500 0.458333
vt 0.593750 0.458333
vt 0.625000 0.458333
vt 0.656250 0.458333
vt 0.687500 0.458333
vt 0.718750 0.458333
vt 0.750000 0.458333
vt 0.781250 0.458333
vt 0.812500 0.458333
vt 0.843750 0.458333
vt 0.875000 0.458333
vt 0.906250 0.458333
vt 0.937500 0.458333
vt 0.968750 0.458333
vt 1.000000 0.458333
vt 0.000000 0.416667
vt 0.031250 0.416667
vt 0.062500 0.416667
vt 0.093750 0.416667
vt 0.125000 0.416667
vt 0.156250 0.416667
vt 0.187500 0.416667
vt 0.218750 0.416667
vt 0.250000 0.416667
vt 0.281250 0.416667
vt 0.312500 0.416667
vt 0.343750 0.416667
vt 0.375000 0.416667
vt 0.406250 0.416667
vt 0.437500 0.416667
vt 0.468750 0.416667
vt 0.500000 0.416667
vt 0.531250 0.416667
vt 0.562500 0.416667
vt 0.593750 0.416667
vt 0.625000 0.416667
vt 0.656250 0.416667
vt 0.687500 0.416667
vt 0.718750 0.416667
vt 0.750000 0.416667
vt 0.781250 0.416667
vt 0.812500 0.416667
vt 0.843750 0.416667
vt 0.875000 0.416667
vt 0.906250 0.416667
vt 0.937500 0.416667
vt 0.968750 0.416667
vt 1.000000 0.416667
vt 0.000000 0.375000
vt 0.031250 0.375000
vt 0.062500 0.375000
vt 0.093750 0.375000
vt 0.125000 0.375000
vt 0.156250 0.375000
vt 0.187500 0.375000
vt 0.218750 0.375000
vt 0.250000 0.375000
vt 0.281250 0.375000
vt 0.312500 0.375000
vt 0.343750 0.375000
vt 0.375000 0.375000
vt 0.406250 0.375000
vt 0.437500 0.375000
vt 0.468750 0.375000
vt 0.500000 0.375000
vt 0.531250 0.375000
vt 0.562500 0.375000
vt 0.593750 0.375000
vt 0.625000 0.375000
vt 0.656250 0.375000
vt 0.687500 0.375000
vt 0.718750 0.375000
vt 0.750000 0.375000
vt 0.781250 0.375000
vt 0.812500 0.375000
vt 0.843750 0.375000
vt 0.875000 0.375000
vt 0.906250 0.375000
vt 0.937500 0.375000
vt 0.968750 0.375000
vt 1.000000 0.375000
vt 0.000000 0.333333
vt 0.031250 0.333333
vt 0.062500 0.333333
vt 0.093750 0.333333
vt 0.125000 0.333333
vt 0.156250 0.333333
vt 0.187500 0.333333
vt 0.218750 0.333333
vt 0.250000 0.333333
vt 0.281250 0.333333
vt 0.312500 0.333333
vt 0.343750 0.333333
vt 0.375000 0.333333
vt 0.406250 0.333333
vt 0.437500 0.333333
vt 0.468750 0.333333
vt 0.500000 0.333333
vt 0.531250 0.333333
vt 0.562500 0.333333
vt 0.593750 0.333333
vt 0.625000 0.333333
vt 0.656250 0.333333
vt 0.687500 0.333333
vt 0.718750 0.333333
vt 0.750000 0.333333
vt 0.781250 0.333333
vt 0.812500 0.333333
vt 0.843750 0.333333
vt 0.875000 0.333333
vt 0.906250 0.333333
vt 0.937500 0.333333
vt 0.968750 0.333333
vt 1.000000 0.333333
vt 0.000000 0.291667
vt 0.031250 0.291667
vt 0.062500 0.291667
vt 0.093750 0.291667
vt 0.125000 0.291667
vt 0.156250 0.291667
vt 0.187500 0.291667
vt 0.218750 0.291667
vt 0.250000 0.291667
vt 0.281250 0.291667
vt 0.312500 0.291667
vt 0.343750 0.291667
vt 0.375000 0.291667
vt 0.406250 0.291667
vt 0.437500 0.291667
vt 0.468750 0.291667
vt 0.500000 0.291667
vt 0.531250 0.291667
vt 0.562500 0.291667
vt 0.593750 0.291667
vt 0.625000 0.291667
vt 0.656250 0.291667
vt 0.687500 0.291667
vt 0.718750 0.291667
vt 0.750000 0.291667
vt 0.781250 0.291667
vt 0.812500 0.291667
vt 0.843750 0.291667
vt 0.875000 0.291667
vt 0.906250 0.291667
vt 0.937500 0.291667
vt 0.968750 0.291667
vt 1.000000 0.291667
vt 0.000000 0.250000
vt 0.031250 0.250000
vt 0.062500 0.250000
vt 0.093750 0.250000
vt 0.125000 0.250000
vt 0.156250 0.250000
vt 0.187500 0.250000
vt 0.218750 0.250000
vt 0.250000 0.250000
vt 0.281250 0.250000
vt 0.312500 0.250000
vt 0.343750 0.250000
vt 0.375000 0.250000
vt 0.406250 0.250000
vt 0.437500 0.250000
vt 0.468750 0.250000
vt 0.500000 0.250000
vt 0.531250 0.250000
vt 0.562500 0.250000
vt 0.593750 0.250000
vt 0.625000 0.250000
vt 0.656250 0.250000
vt 0.687500 0.250000
vt 0.718750 0.250000
vt 0.750000 0.250000
vt 0.781250 0.250000
vt 0.812500 0.250000
vt 0.843750 0.250000
vt 0.875000 0.250000
vt 0.906250 0.250000
vt 0.937500 0.250000
vt 0.968750 0.250000
vt 1.000000 0.250000
vt 0.000000 0.208333
vt 0.031250 0.208333
vt 0.062500 0.208333
vt 0.093750 0.208333
vt 0.125000 0.208333
vt 0.156250 0.208333
vt 0.187500 0.208333
vt 0.218750 0.208333
vt 0.250000 0.208333
vt 0.281250 0.208333
vt 0.312500 0.208333
vt 0.343750 0.208333
vt 0.375000 0.208333
vt 0.406250 0.208333
vt 0.437500 0.208333
vt 0.468750 0.208333
vt 0.500000 0.208333
vt 0.531250 0.208333
vt 0.562500 0.208333
vt 0.593750 0.208333
vt 0.625000 0.208333
vt 0.656250 0.208333
vt 0.687500 0.208333
vt 0.718750 0.208333
vt 0.750000 0.208333
vt 0.781250 0.208333
vt 0.812500 0.208333
vt 0.843750 0.208333
vt 0.875000 0.208333
vt 0.906250 0.208333
vt 0.937500 0.208333
vt 0.968750 0.208333
vt 1.000000 0.208333
vt 0.000000 0.166667
vt 0.031250 0.166667
vt 0.062500 0.166667
vt 0.093750 0.166667
vt 0.125000 0.166667
vt 0.156250 0.166667
vt 0.187500 0.166667
vt 0.218750 0.166667
vt 0.250000 0.166667
vt 0.281250 0.166667
vt 0.312500 0.166667
vt 0.343750 0.166667
vt 0.375000 0.166667
vt 0.406250 0.166667
vt 0.437500 0.166667
vt 0.468750 0.166667
vt 0.500000 0.166667
vt 0.531250 0.166667
vt 0.562500 0.166667
vt 0.593750 0.166667
vt 0.625000 0.166667
vt 0.656250 0.166667
vt 0.687500 0.166667
vt 0.718750 0.166667
vt 0.750000 0.166667
vt 0.781250 0.166667
vt 0.812500 0.166667
vt 0.843750 0.166667
vt 0.875000 0.166667
vt 0.906250 0.166667
vt 0.937500 0.166667
vt 0.968750 0.166667
vt 1.000000 0.166667
vt 0.000000 0.125000
vt 0.031250 0.125000
vt 0.062500 0.125000
vt 0.093750 0.125000
vt 0.125000 0.125000
vt 0.156250 0.125000
vt 0.187500 0.125000
vt 0.218750 0.125000
vt 0.250000 0.125000
vt 0.281250 0.125000
vt 0.312500 0.125000
vt 0.343750 0.125000
vt 0.375000 0.125000
vt 0.406250 0.125000
vt 0.437500 0.125000
vt 0.468750 0.125000
vt 0.500000 0.125000
vt 0.531250 0.125000
vt 0.562500 0.125000
vt 0.593750 0.125000
vt 0.625000 0.125000
vt 0.656250 0.125000
vt 0.687500 0.125000
vt 0.718750 0.125000
vt 0.750000 0.125000
vt 0.781250 0.125000
vt 0.812500 0.125000
vt 0.843750 0.125000
vt 0.875000 0.125000
vt 0.906250 0.125000
vt 0.937500 0.125000
vt 0.968750 0.125000
vt 1.000000 0.125000
vt 0.000000 0.083333
vt 0.031250 0.083333
vt 0.062500 0.083333
vt 0.093750 0.083333
vt 0.125000 0.083333
vt 0.156250 0.083333
vt 0.187500 0.083333
vt 0.218750 0.083333
vt 0.250000 0.083333
vt 0.281250 0.083333
vt 0.312500 0.083333
vt 0.343750 0.083333
vt 0.375000 0.083333
vt 0.406250 0.083333
vt 0.437500 0.083333
vt 0.468750 0.083333
vt 0.500000 0.083333
vt 0.531250 0.083333
vt 0.562500 0.083333
vt 0.593750 0.083333
vt 0.625000 0.083333
vt 0.656250 0.083333
vt 0.687500 0.083333
vt 0.718750 0.083333
vt 0.750000 0.083333
vt 0.781250 0.083333
vt 0.812500 0.083333
vt 0.843750 0.083333
vt 0.875000 0.083333
vt 0.906250 0.083333
vt 0.937500 0.083333
vt 0.968750 0.083333
vt 1.000000 0.083333
vt 0.000000 0.041667
vt 0.031250 0.041667
vt 0.062500 0.041667
vt 0.093750 0.041667
vt 0.125000 0.041667
vt 0.156250 0.041667
vt 0.187500 0.041667
vt 0.218750 0.041667
vt 0.250000 0.041667
vt 0.281250 0.041667
vt 0.312500 0.041667
vt 0.343750 0.041667
vt 0.375000 0.041667
vt 0.406250 0.041667
vt 0.437500 0.041667
vt 0.468750 0.041667
vt 0.500000 0.041667
vt 0.531250 0.041667
vt 0.562500 0.041667
vt 0.593750 0.041667
vt 0.625000 0.041667
vt 0.656250 0.041667
vt 0.687500 0.041667
vt 0.718750 0.041667
vt 0.750000 0.041667
vt 0.781250 0.041667
vt 0.812500 0.041667
vt 0.843750 0.041667
vt 0.875000 0.041667
vt 0.906250 0.041667
vt 0.937500 0.041667
vt 0.968750 0.041667
vt 1.000000 0.041667
vt 0.000000 0.000000
vt 0.031250 0.000000
vt 0.062500 0.000000
vt 0.093750 0.000000
vt 0.125000 0.000000
vt 0.156250 0.000000
vt 0.187500 0.000000
vt 0.218750 0.000000
vt 0.250000 0.000000
vt 0.281250 0.000000
vt 0.312500 0.000000
vt 0.343750 0.000000
vt 0.375000 0.000000
vt 0.406250 0.000000
vt 0.437500 0.000000
vt 0.468750 0.000000
vt 0.500000 0.000000
vt 0.531250 0.000000
vt 0.562500 0.000000
vt 0.593750 0.000000
vt 0.625000 0.000000
vt 0.656250 0.000000
vt 0.687500 0.000000
vt 0.718750 0.000000
vt 0.750000 0.000000
vt 0.781250 0.000000
vt 0.812500 0.000000
vt 0.843750 0.000000
vt 0.875000 0.000000
vt 0.906250 0.000000
vt 0.937500 0.000000
vt 0.968750 0.000000
vt 1.000000 0.000000
vn 0.000000 1.000000 0.000000
vn 0.000000 1.000000 0.000000
vn 0.000000 1.000000 0.000000
vn 0.000000 1.000000 0.000000
vn 0.000000 1.000000 0.000000
vn 0.000000 1.000000 0.000000
vn 0.000000 1.000000 0.000000
vn 0.000000 1.000000 0.000000
vn 0.000000 1.000000 0.000000
vn -0.000000 1.000000 0.000000
vn -0.000000 1.000000 0.000000
vn -0.000000 1.000000 0.000000
vn -0.000000 1.000000 0.000000
vn -0.000000 1.000000 0.000000
vn -0.000000 1.000000 0.000000
vn -0.000000 1.000000 0.000000
vn -0.000000 1.000000 0.000000
vn -0.000000 1.000000 -0.000000
vn -0.000000 1.000000 -0.000000
vn -0.000000 1.000000 -0.000000
vn -0.000000 1.000000 -0.000000
vn -0.000000 1.000000 -0.000000
vn -0.000000 1.000000 -0.000000
vn -0.000000 1.000000 -0.000000
vn -0.000000 1.000000 -0.000000
vn 0.000000 1.000000 -0.000000
vn 0.000000 1.000000 -0.000000
vn 0.000000 1.000000 -0.000000
vn 0.000000 1.000000 -0.000000
vn 0.000000 1.000000 -0.000000
vn 0.000000 1.000000 -0.000000
vn 0.000000 1.000000 -0.000000
vn 0.000000 1.000000 -0.000000
vn 0.130526 0.991445 0.000000
vn 0.128018 0.991445 0.025464
vn 0.120590 0.991445 0.049950
vn 0.108529 0.991445 0.072516
vn 0.092296 0.991445 0.092296
vn 0.072516 0.991445 0.108529
vn 0.049950 0.991445 0.120590
vn 0.025464 0.991445 0.128018
vn 0.000000 0.991445 0.130526
vn -0.025464 0.991445 0.128018
vn -0.049950 0.991445 0.120590
vn -0.072516 0.991445 0.108529
vn -0.092296 0.991445 0.092296
vn -0.108529 0.991445 0.072516
vn -0.120590 0.991445 0.049950
vn -0.128018 0.991445 0.025464
vn -0.130526 0.991445 0.000000
vn -0.128018 0.991445 -0.025464
vn -0.120590 0.991445 -0.049950
vn -0.108529 0.991445 -0.072516
vn -0.092296 0.991445 -0.092296
vn -0.072516 0.991445 -0.108529
vn -0.049950 0.991445 -0.120590
vn -0.025464 0.991445 -0.128018
vn -0.000000 0.991445 -0.130526
vn 0.025464 0.991445 -0.128018
vn 0.049950 0.991445 -0.120590
vn 0.072516 0.991445 -0.108529
vn 0.092296 0.991445 -0.092296
vn 0.108529 0.991445 -0.072516
vn 0.120590 0.991445 -0.049950
vn 0.128018 0.991445 -0.025464
vn 0.130526 0.991445 -0.000000
vn 0.258819 0.965926 0.000000
vn 0.253846 0.965926 0.050493
vn 0.239118 0.965926 0.099046
vn 0.215200 0.965926 0.143792
vn 0.183013 0.965926 0.183013
vn 0.143792 0.965926 0.215200
vn 0.099046 0.965926 0.239118
vn 0.050493 0.965926 0.253846
vn 0.000000 0.965926 0.258819
vn -0.050493 0.965926 0.253846
vn -0.099046 0.965926 0.239118
vn -0.143792 0.965926 0.215200
vn -0.183013 0.965926 0.183013
vn -0.215200 0.965926 0.143792
vn -0.239118 0.965926 0.099046
vn -0.253846 0.965926 0.050493
vn -0.258819 0.965926 0.000000
vn -0.253846 0.965926 -0.050493
vn -0.239118 0.965926 -0.099046
vn -0.215200 0.965926 -0.143792
vn -0.183013 0.965926 -0.183013
vn -0.143792 0.965926 -0.215200
vn -0.099046 0.965926 -0.239118
vn -0.050493 0.965926 -0.253846
vn -0.000000 0.965926 -0.258819
vn 0.050493 0.965926 -0.253846
vn 0.099046 0.965926 -0.239118
vn 0.143792 0.965926 -0.215200
vn 0.183013 0.965926 -0.183013
vn 0.215200 0.965926 -0.143792
vn 0.239118 0.965926 -0.099046
vn 0.253846 0.965926 -0.050493
vn 0.258819 0.965926 -0.000000
vn 0.382683 0.923880 0.000000
vn 0.375330 0.923880 0.074658
vn 0.353553 0.923880 0.146447
vn 0.318190 0.923880 0.212608
vn 0.270598 0.923880 0.270598
vn 0.212608 0.923880 0.318190
vn 0.146447 0.923880 0.353553
vn 0.074658 0.923880 0.375330
vn 0.000000 0.923880 0.382683
vn -0.074658 0.923880 0.375330
vn -0.146447 0.923880 0.353553
vn -0.212608 0.923880 0.318190
vn -0.270598 0.923880 0.270598
vn -0.318190 0.923880 0.212608
vn -0.353553 0.923880 0.146447
vn -0.375330 0.923880 0.074658
vn -0.382683 0.923880 0.000000
vn -0.375330 0.923880 -0.074658
vn -0.353553 0.923880 -0.146447
vn -0.318190 0.923880 -0.212608
vn -0.270598 0.923880 -0.270598
vn -0.212608 0.923880 -0.318190
vn -0.146447 0.923880 -0.353553
vn -0.074658 0.923880 -0.375330
vn -0.000000 0.923880 -0.382683
vn 0.074658 0.923880 -0.375330
vn 0.146447 0.923880 -0.353553
vn 0.212608 0.923880 -0.318190
vn 0.270598 0.923880 -0.270598
vn 0.318190 0.923880 -0.212608
vn 0.353553 0.923880 -0.146447
vn 0.375330 0.923880 -0.074658
vn 0.382683 0.923880 -0.000000
vn 0.500000 0.866025 0.000000
vn 0.490393 0.866025 0.097545
vn 0.461940 0.866025 0.191342
vn 0.415735 0.866025 0.277785
vn 0.353553 0.866025 0.353553
vn 0.277785 0.866025 0.415735
vn 0.191342 0.866025 0.461940
vn 0.097545 0.866025 0.490393
vn 0.000000 0.866025 0.500000
vn -0.097545 0.866025 0.490393
vn -0.191342 0.866025 0.461940
vn -0.277785 0.866025 0.415735
vn -0.353553 0.866025 0.353553
vn -0.415735 0.866025 0.277785
vn -0.461940 0.866025 0.191342
vn -0.490393 0.866025 0.097545
vn -0.500000 0.866025 0.000000
vn -0.490393 0.866025 -0.097545
vn -0.461940 0.866025 -0.191342
vn -0.415735 0.866025 -0.277785
vn -0.353553 0.866025 -0.353553
vn -0.277785 0.866025 -0.415735
vn -0.191342 0.866025 -0.461940
vn -0.097545 0.866025 -0.490393
vn -0.000000 0.866025 -0.500000
vn 0.097545 0.866025 -0.490393
vn 0.191342 0.866025 -0.461940
vn 0.277785 0.866025 -0.415735
vn 0.353553 0.866025 -0.353553
vn 0.415735 0.866025 -0.277785
vn 0.461940 0.866025 -0.191342
vn 0.490393 0.866025 -0.097545
vn 0.500000 0.866025 -0.000000
vn 0.608761 0.793353 0.000000
vn 0.597064 0.793353 0.118763
vn 0.562422 0.793353 0.232963
vn 0.506167 0.793353 0.338210
vn 0.430459 0.793353 0.430459
vn 0.338210 0.793353 0.506167
vn 0.232963 0.793353 0.562422
vn 0.118763 0.793353 0.597064
vn 0.000000 0.793353 0.608761
vn -0.118763 0.793353 0.597064
vn -0.232963 0.793353 0.562422
vn -0.338210 0.793353 0.506167
vn -0.430459 0.793353 0.430459
vn -0.506167 0.793353 0.338210
vn -0.562422 0.793353 0.232963
vn -0.597064 0.793353 0.118763
vn -0.608761 0.793353 0.000000
vn -0.597064 0.793353 -0.118763
vn -0.562422 0.793353 -0.232963
vn -0.506167 0.793353 -0.338210
vn -0.430459 0.793353 -0.430459
vn -0.338210 0.793353 -0.506167
vn -0.232963 0.793353 -0.562422
vn -0.118763 0.793353 -0.597064
vn -0.000000 0.793353 -0.608761
vn 0.118763 0.793353 -0.597064
vn 0.232963 0.793353 -0.562422
vn 0.338210 0.793353 -0.506167
vn 0.430459 0.793353 -0.430459
vn 0.506167 0.793353 -0.338210
vn 0.562422 0.793353 -0.232963
vn 0.597064 0.793353 -0.118763
vn 0.608761 0.793353 -0.000000
vn 0.707107 0.707107 0.000000
vn 0.693520 0.707107 0.137950
vn 0.653281 0.707107 0.270598
vn 0.587938 0.707107 0.392847
vn 0.500000 0.707107 0.500000
vn 0.392847 0.707107 0.587938
vn 0.270598 0.707107 0.653281
vn 0.137950 0.707107 0.693520
vn 0.000000 0.707107 0.707107
vn -0.137950 0.707107 0.693520
vn -0.270598 0.707107 0.653281
vn -0.392847 0.707107 0.587938
vn -0.500000 0.707107 0.500000
vn -0.587938 0.707107 0.392847
vn -0.653281 0.707107 0.270598
vn -0.693520 0.707107 0.137950
vn -0.707107 0.707107 0.000000
vn -0.693520 0.707107 -0.137950
vn -0.653281 0.707107 -0.270598
vn -0.587938 0.707107 -0.392847
vn -0.500000 0.707107 -0.500000
vn -0.392847 0.707107 -0.587938
vn -0.270598 0.707107 -0.653281
vn -0.137950 0.707107 -0.693520
vn -0.000000 0.707107 -0.707107
vn 0.137950 0.707107 -0.693520
vn 0.270598 0.707107 -0.653281
vn 0.392847 0.707107 -0.587938
vn 0.500000 0.707107 -0.500000
vn 0.587938 0.707107 -0.392847
vn 0.653281 0.707107 -0.270598
vn 0.693520 0.707107 -0.137950
vn 0.707107 0.707107 -0.000000
vn 0.793353 0.608761 0.000000
vn 0.778109 0.608761 0.154776
vn 0.732963 0.608761 0.303603
vn 0.659649 0.608761 0.440764
vn 0.560986 0.608761 0.560986
vn 0.440764 0.608761 0.659649
vn 0.303603 0.608761 0.732963
vn 0.154776 0.608761 0.778109
vn 0.000000 0.608761 0.793353
vn -0.154776 0.608761 0.778109
vn -0.303603 0.608761 0.732963
vn -0.440764 0.608761 0.659649
vn -0.560986 0.608761 0.560986
vn -0.659649 0.608761 0.440764
vn -0.732963 0.608761 0.303603
vn -0.778109 0.608761 0.154776
vn -0.793353 0.608761 0.000000
vn -0.778109 0.608761 -0.154776
vn -0.732963 0.608761 -0.303603
vn -0.659649 0.608761 -0.440764
vn -0.560986 0.608761 -0.560986
vn -0.440764 0.608761 -0.659649
vn -0.303603 0.608761 -0.732963
vn -0.154776 0.608761 -0.778109
vn -0.000000 0.608761 -0.793353
vn 0.154776 0.608761 -0.778109
vn 0.303603 0.608761 -0.732963
vn 0.440764 0.608761 -0.659649
vn 0.560986 0.608761 -0.560986
vn 0.659649 0.608761 -0.440764
vn 0.732963 0.608761 -0.303603
vn 0.778109 0.608761 -0.154776
vn 0.793353 0.608761 -0.000000
vn 0.866025 0.500000 0.000000
vn 0.849385 0.500000 0.168953
vn 0.800103 0.500000 0.331414
vn 0.720074 0.500000 0.481138
vn 0.612372 0.500000 0.612372
vn 0.481138 0.500000 0.720074
vn 0.331414 0.500000 0.800103
vn 0.168953 0.500000 0.849385
vn 0.000000 0.500000 0.866025
vn -0.168953 0.500000 0.849385
vn -0.331414 0.500000 0.800103
vn -0.481138 0.500000 0.720074
vn -0.612372 0.500000 0.612372
vn -0.720074 0.500000 0.481138
vn -0.800103 0.500000 0.331414
vn -0.849385 0.500000 0.168953
vn -0.866025 0.500000 0.000000
vn -0.849385 0.500000 -0.168953
vn -0.800103 0.500000 -0.331414
vn -0.720074 0.500000 -0.481138
vn -0.612372 0.500000 -0.612372
vn -0.481138 0.500000 -0.720074
vn -0.331414 0.500000 -0.800103
vn -0.168953 0.500000 -0.849385
vn -0.000000 0.500000 -0.866025
vn 0.168953 0.500000 -0.849385
vn 0.331414 0.500000 -0.800103
vn 0.481138 0.500000 -0.720074
vn 0.612372 0.500000 -0.612372
vn 0.720074 0.500000 -0.481138
vn 0.800103 0.500000 -0.331414
vn 0.849385 0.500000 -0.168953
vn 0.866025 0.500000 -0.000000
vn 0.923880 0.382683 0.000000
vn 0.906127 0.382683 0.180240
vn 0.853553 0.382683 0.353553
vn 0.768178 0.382683 0.513280
vn 0.653281 0.382683 0.653281
vn 0.513280 0.382683 0.768178
vn 0.353553 0.382683 0.853553
vn 0.180240 0.382683 0.906127
vn 0.000000 0.382683 0.923880
vn -0.180240 0.382683 0.906127
vn -0.353553 0.382683 0.853553
vn -0.513280 0.382683 0.768178
vn -0.653281 0.382683 0.653281
vn -0.768178 0.382683 0.513280
vn -0.853553 0.382683 0.353553
vn -0.906127 0.382683 0.180240
vn -0.923880 0.382683 0.000000
vn -0.906127 0.382683 -0.180240
vn -0.853553 0.382683 -0.353553
vn -0.768178 0.382683 -0.513280
vn -0.653281 0.382683 -0.653281
vn -0.513280 0.382683 -0.768178
vn -0.353553 0.382683 -0.853553
vn -0.180240 0.382683 -0.906127
vn -0.000000 0.382683 -0.923880
vn 0.180240 0.382683 -0.906127
vn 0.353553 0.382683 -0.853553
vn 0.513280 0.382683 -0.768178
vn 0.653281 0.382683 -0.653281
vn 0.768178 0.382683 -0.513280
vn 0.853553 0.382683 -0.353553
vn 0.906127 0.382683 -0.180240
vn 0.923880 0.382683 -0.000000
vn 0.965926 0.258819 0.000000
vn 0.947366 0.258819 0.188443
vn 0.892399 0.258819 0.369644
vn 0.803138 0.258819 0.536640
vn 0.683013 0.258819 0.683013
vn 0.536640 0.258819 0.803138
vn 0.369644 0.258819 0.892399
vn 0.188443 0.258819 0.947366
vn 0.000000 0.258819 0.965926
vn -0.188443 0.258819 0.947366
vn -0.369644 0.258819 0.892399
vn -0.536640 0.258819 0.803138
vn -0.683013 0.258819 0.683013
vn -0.803138 0.258819 0.536640
vn -0.892399 0.258819 0.369644
vn -0.947366 0.258819 0.188443
vn -0.965926 0.258819 0.000000
vn -0.947366 0.258819 -0.188443
vn -0.892399 0.258819 -0.369644
vn -0.803138 0.258819 -0.536640
vn -0.683013 0.258819 -0.683013
vn -0.536640 0.258819 -0.803138
vn -0.369644 0.258819 -0.892399
vn -0.188443 0.258819 -0.947366
vn -0.000000 0.258819 -0.965926
vn 0.188443 0.258819 -0.947366
vn 0.369644 0.258819 -0.892399
vn 0.536640 0.258819 -0.803138
vn 0.683013 0.258819 -0.683013
vn 0.803138 0.258819 -0.536640
vn 0.892399 0.258819 -0.369644
vn 0.947366 0.258819 -0.188443
vn 0.965926 0.258819 -0.000000
vn 0.991445 0.130526 0.000000
vn 0.972395 0.130526 0.193421
vn 0.915976 0.130526 0.379410
vn 0.824356 0.130526 0.550817
vn 0.701057 0.130526 0.701057
vn 0.550817 0.130526 0.824356
vn 0.379410 0.130526 0.915976
vn 0.193421 0.130526 0.972395
vn 0.000000 0.130526 0.991445
vn -0.193421 0.130526 0.972395
vn -0.379410 0.130526 0.915976
vn -0.550817 0.130526 0.824356
vn -0.701057 0.130526 0.701057
vn -0.824356 0.130526 0.550817
vn -0.915976 0.130526 0.379410
vn -0.972395 0.130526 0.193421
vn -0.991445 0.130526 0.000000
vn -0.972395 0.130526 -0.193421
vn -0.915976 0.130526 -0.379410
vn -0.824356 0.130526 -0.550817
vn -0.701057 0.130526 -0.701057
vn -0.550817 0.130526 -0.824356
vn -0.379410 0.130526 -0.915976
vn -0.193421 0.130526 -0.972395
vn -0.000000 0.130526 -0.991445
vn 0.193421 0.130526 -0.972395
vn 0.379410 0.130526 -0.915976
vn 0.550817 0.130526 -0.824356
vn 0.701057 0.130526 -0.701057
vn 0.824356 0.130526 -0.550817
vn 0.915976 0.130526 -0.379410
vn 0.972395 0.130526 -0.193421
vn 0.991445 0.130526 -0.000000
vn 1.000000 0.000000 0.000000
vn 0.980785 0.000000 0.195090
vn 0.923880 0.000000 0.382683
vn 0.831470 0.000000 0.555570
vn 0.707107 0.000000 0.707107
vn 0.555570 0.000000 0.831470
vn 0.382683 0.000000 0.923880
vn 0.195090 0.000000 0.980785
vn 0.000000 0.000000 1.000000
vn -0.195090 0.000000 0.980785
vn -0.382683 0.000000 0.923880
vn -0.555570 0.000000 0.831470
vn -0.707107 0.000000 0.707107
vn -0.831470 0.000000 0.555570
vn -0.923880 0.000000 0.382683
vn -0.980785 0.000000 0.195090
vn -1.000000 0.000000 0.000000
vn -0.980785 0.000000 -0.195090
vn -0.923880 0.000000 -0.382683
vn -0.831470 0.000000 -0.555570
vn -0.707107 0.000000 -0.707107
vn -0.555570 0.000000 -0.831470
vn -0.382683 0.000000 -0.923880
vn -0.195090 0.000000 -0.980785
vn -0.000000 0.000000 -1.000000
vn 0.195090 0.000000 -0.980785
vn 0.382683 0.000000 -0.923880
vn 0.555570 0.000000 -0.831470
vn 0.707107 0.000000 -0.707107
vn 0.831470 0.000000 -0.555570
vn 0.923880 0.000000 -0.382683
vn 0.980785 0.000000 -0.195090
vn 1.000000 0.000000 -0.000000
vn 0.991445 -0.130526 0.000000
vn 0.972395 -0.130526 0.193421
vn 0.915976 -0.130526 0.379410
vn 0.824356 -0.130526 0.550817
vn 0.701057 -0.130526 0.701057
vn 0.550817 -0.130526 0.824356
vn 0.379410 -0.130526 0.915976
vn 0.193421 -0.130526 0.972395
vn 0.000000 -0.130526 0.991445
vn -0.193421 -0.130526 0.972395
vn -0.379410 -0.130526 0.915976
vn -0.550817 -0.130526 0.824356
vn -0.701057 -0.130526 0.701057
vn -0.824356 -0.130526 0.550817
vn -0.915976 -0.130526 0.379410
vn -0.972395 -0.130526 0.193421
vn -0.991445 -0.130526 0.000000
vn -0.972395 -0.130526 -0.193421
vn -0.915976 -0.130526 -0.379410
vn -0.824356 -0.130526 -0.550817
vn -0.701057 -0.130526 -0.701057
vn -0.550817 -0.130526 -0.824356
vn -0.379410 -0.130526 -0.915976
vn -0.193421 -0.130526 -0.972395
vn -0.000000 -0.130526 -0.991445
vn 0.193421 -0.130526 -0.972395
vn 0.379410 -0.130526 -0.915976
vn 0.550817 -0.130526 -0.824356
vn 0.701057 -0.130526 -0.701057
vn 0.824356 -0.130526 -0.550817
vn 0.915976 -0.130526 -0.379410
vn 0.972395 -0.130526 -0.193421
vn 0.991445 -0.130526 -0.000000
vn 0.965926 -0.258819 0.000000
vn 0.947366 -0.258819 0.188443
vn 0.892399 -0.258819 0.369644
vn 0.803138 -0.258819 0.536640
vn 0.683013 -0.258819 0.683013
vn 0.536640 -0.258819 0.803138
vn 0.369644 -0.258819 0.892399
vn 0.188443 -0.258819 0.947366
vn 0.000000 -0.258819 0.965926
vn -0.188443 -0.258819 0.947366
vn -0.369644 -0.258819 0.892399
vn -0.536640 -0.258819 0.803138
vn -0.683013 -0.258819 0.683013
vn -0.803138 -0.258819 0.536640
vn -0.892399 -0.258819 0.369644
vn -0.947366 -0.258819 0.188443
vn -0.965926 -0.258819 0.000000
vn -0.947366 -0.258819 -0.188443
vn -0.892399 -0.258819 -0.369644
vn -0.803138 -0.258819 -0.536640
vn -0.683013 -0.258819 -0.683013
vn -0.536640 -0.258819 -0.803138
vn -0.369644 -0.258819 -0.892399
vn -0.188443 -0.258819 -0.947366
vn -0.000000 -0.258819 -0.965926
vn 0.188443 -0.258819 -0.947366
vn 0.369644 -0.258819 -0.892399
vn 0.536640 -0.258819 -0.803138
vn 0.683013 -0.258819 -0.683013
vn 0.803138 -0.258819 -0.536640
vn 0.892399 -0.258819 -0.369644
vn 0.947366 -0.258819 -0.188443
vn 0.965926 -0.258819 -0.000000
vn 0.923880 -0.382683 0.000000
vn 0.906127 -0.382683 0.180240
vn 0.853553 -0.382683 0.353553
vn 0.768178 -0.382683 0.513280
vn 0.653281 -0.382683 0.653281
vn 0.513280 -0.382683 0.768178
vn 0.353553 -0.382683 0.853553
vn 0.180240 -0.382683 0.906127
vn 0.000000 -0.382683 0.923880
vn -0.180240 -0.382683 0.906127
vn -0.353553 -0.382683 0.853553
vn -0.513280 -0.382683 0.768178
vn -0.653281 -0.382683 0.653281
vn -0.768178 -0.382683 0.513280
vn -0.853553 -0.382683 0.353553
vn -0.906127 -0.382683 0.180240
vn -0.923880 -0.382683 0.000000
vn -0.906127 -0.382683 -0.180240
vn -0.853553 -0.382683 -0.353553
vn -0.768178 -0.382683 -0.513280
vn -0.653281 -0.382683 -0.653281
vn -0.513280 -0.382683 -0.768178
vn -0.353553 -0.382683 -0.853553
vn -0.180240 -0.382683 -0.906127
vn -0.000000 -0.382683 -0.923880
vn 0.180240 -0.382683 -0.906127
vn 0.353553 -0.382683 -0.853553
vn 0.513280 -0.382683 -0.768178
vn 0.653281 -0.382683 -0.653281
vn 0.768178 -0.382683 -0.513280
vn 0.853553 -0.382683 -0.353553
vn 0.906127 -0.382683 -0.180240
vn 0.923880 -0.382683 -0.000000
vn 0.866025 -0.500000 0.000000
vn 0.849385 -0.500000 0.168953
vn 0.800103 -0.500000 0.331414
vn 0.720074 -0.500000 0.481138
vn 0.612372 -0.500000 0.612372
vn 0.481138 -0.500000 0.720074
vn 0.331414 -0.500000 0.800103
vn 0.168953 -0.500000 0.849385
vn 0.000000 -0.500000 0.866025
vn -0.168953 -0.500000 0.849385
vn -0.331414 -0.500000 0.800103
vn -0.481138 -0.500000 0.720074
vn -0.612372 -0.500000 0.612372
vn -0.720074 -0.500000 0.481138
vn -0.800103 -0.500000 0.331414
vn -0.849385 -0.500000 0.168953
vn -0.866025 -0.500000 0.000000
vn -0.849385 -0.500000 -0.168953
vn -0.800103 -0.500000 -0.331414
vn -0.720074 -0.500000 -0.481138
vn -0.612372 -0.500000 -0.612372
vn -0.481138 -0.500000 -0.720074
vn -0.331414 -0.500000 -0.800103
vn -0.168953 -0.500000 -0.849385
vn -0.000000 -0.500000 -0.866025
vn 0.168953 -0.500000 -0.849385
vn 0.331414 -0.500000 -0.800103
vn 0.481138 -0.500000 -0.720074
vn 0.612372 -0.500000 -0.612372
vn 0.720074 -0.500000 -0.481138
vn 0.800103 -0.500000 -0.331414
vn 0.849385 -0.500000 -0.168953
vn 0.866025 -0.500000 -0.000000
vn 0.793353 -0.608761 0.000000
vn 0.778109 -0.608761 0.154776
vn 0.732963 -0.608761 0.303603
vn 0.659649 -0.608761 0.440764
vn 0.560986 -0.608761 0.560986
vn 0.440764 -0.608761 0.659649
vn 0.303603 -0.608761 0.732963
vn 0.154776 -0.608761 0.778109
vn 0.000000 -0.608761 0.793353
vn -0.154776 -0.608761 0.778109
vn -0.303603 -0.608761 0.732963
vn -0.440764 -0.608761 0.659649
vn -0.560986 -0.608761 0.560986
vn -0.659649 -0.608761 0.440764
vn -0.732963 -0.608761 0.303603
vn -0.778109 -0.608761 0.154776
vn -0.793353 -0.608761 0.000000
vn -0.778109 -0.608761 -0.154776
vn -0.732963 -0.608761 -0.303603
vn -0.659649 -0.608761 -0.440764
vn -0.560986 -0.608761 -0.560986
vn -0.440764 -0.608761 -0.659649
vn -0.303603 -0.608761 -0.732963
vn -0.154776 -0.608761 -0.778109
vn -0.000000 -0.608761 -0.793353
vn 0.154776 -0.608761 -0.778109
vn 0.303603 -0.608761 -0.732963
vn 0.440764 -0.608761 -0.659649
vn 0.560986 -0.608761 -0.560986
vn 0.659649 -0.608761 -0.440764
vn 0.732963 -0.608761 -0.303603
vn 0.778109 -0.608761 -0.154776
vn 0.793353 -0.608761 -0.000000
vn 0.707107 -0.707107 0.000000
vn 0.693520 -0.707107 0.137950
vn 0.653281 -0.707107 0.270598
vn 0.587938 -0.707107 0.392847
vn 0.500000 -0.707107 0.500000
vn 0.392847 -0.707107 0.587938
vn 0.270598 -0.707107 0.653281
vn 0.137950 -0.707107 0.693520
vn 0.000000 -0.707107 0.707107
vn -0.137950 -0.707107 0.693520
vn -0.270598 -0.707107 0.653281
vn -0.392847 -0.707107 0.587938
vn -0.500000 -0.707107 0.500000
vn -0.587938 -0.707107 0.392847
vn -0.653281 -0.707107 0.270598
vn -0.693520 -0.707107 0.137950
vn -0.707107 -0.707107 0.000000
vn -0.693520 -0.707107 -0.137950
vn -0.653281 -0.707107 -0.270598
vn -0.587938 -0.707107 -0.392847
vn -0.500000 -0.707107 -0.500000
vn -0.392847 -0.707107 -0.587938
vn -0.270598 -0.707107 -0.653281
vn -0.137950 -0.707107 -0.693520
vn -0.000000 -0.707107 -0.707107
vn 0.137950 -0.707107 -0.693520
vn 0.270598 -0.707107 -0.653281
vn 0.392847 -0.707107 -0.587938
vn 0.500000 -0.707107 -0.500000
vn 0.587938 -0.707107 -0.392847
vn 0.653281 -0.707107 -0.270598
vn 0.693520 -0.707107 -0.137950
vn 0.707107 -0.707107 -0.000000
vn 0.608761 -0.793353 0.000000
vn 0.597064 -0.793353 0.118763
vn 0.562422 -0.793353 0.232963
vn 0.506167 -0.793353 0.338210
vn 0.430459 -0.793353 0.430459
vn 0.338210 -0.793353 0.506167
vn 0.232963 -0.793353 0.562422
vn 0.118763 -0.793353 0.597064
vn 0.000000 -0.793353 0.608761
vn -0.118763 -0.793353 0.597064
vn -0.232963 -0.793353 0.562422
vn -0.338210 -0.793353 0.506167
vn -0.430459 -0.793353 0.430459
vn -0.506167 -0.793353 0.338210
vn -0.562422 -0.793353 0.232963
vn -0.597064 -0.793353 0.118763
vn -0.608761 -0.793353 0.000000
vn -0.597064 -0.793353 -0.118763
vn -0.562422 -0.793353 -0.232963
vn -0.506167 -0.793353 -0.338210
vn -0.430459 -0.793353 -0.430459
vn -0.338210 -0.793353 -0.506167
vn -0.232963 -0.793353 -0.562422
vn -0.118763 -0.793353 -0.597064
vn -0.000000 -0.793353 -0.608761
vn 0.118763 -0.793353 -0.597064
vn 0.232963 -0.793353 -0.562422
vn 0.338210 -0.793353 -0.506167
vn 0.430459 -0.793353 -0.430459
vn 0.506167 -0.793353 -0.338210
vn 0.562422 -0.793353 -0.232963
vn 0.597064 -0.793353 -0.118763
vn 0.608761 -0.793353 -0.000000
vn 0.500000 -0.866025 0.000000
vn 0.490393 -0.866025 0.097545
vn 0.461940 -0.866025 0.191342
vn 0.415735 -0.866025 0.277785
vn 0.353553 -0.866025 0.353553
vn 0.277785 -0.866025 0.415735
vn 0.191342 -0.866025 0.461940
vn 0.097545 -0.866025 0.490393
vn 0.000000 -0.866025 0.500000
vn -0.097545 -0.866025 0.490393
vn -0.191342 -0.866025 0.461940
vn -0.277785 -0.866025 0.415735
vn -0.353553 -0.866025 0.353553
vn -0.415735 -0.866025 0.277785
vn -0.461940 -0.866025 0.191342
vn -0.490393 -0.866025 0.097545
vn -0.500000 -0.866025 0.000000
vn -0.490393 -0.866025 -0.097545
vn -0.461940 -0.866025 -0.191342
vn -0.415735 -0.866025 -0.277785
vn -0.353553 -0.866025 -0.353553
vn -0.277785 -0.866025 -0.415735
vn -0.191342 -0.866025 -0.461940
vn -0.097545 -0.866025 -0.490393
vn -0.000000 -0.866025 -0.500000
vn 0.097545 -0.866025 -0.490393
vn 0.191342 -0.866025 -0.461940
vn 0.277785 -0.866025 -0.415735
vn 0.353553 -0.866025 -0.353553
vn 0.415735 -0.866025 -0.277785
vn 0.461940 -0.866025 -0.191342
vn 0.490393 -0.866025 -0.097545
vn 0.500000 -0.866025 -0.000000
vn 0.382683 -0.923880 0.000000
vn 0.375330 -0.923880 0.074658
vn 0.353553 -0.923880 0.146447
vn 0.318190 -0.923880 0.212608
vn 0.270598 -0.923880 0.270598
vn 0.212608 -0.923880 0.318190
vn 0.146447 -0.923880 0.353553
vn 0.074658 -0.923880 0.375330
vn 0.000000 -0.923880 0.382683
vn -0.074658 -0.923880 0.375330
vn -0.146447 -0.923880 0.353553
vn -0.212608 -0.923880 0.318190
vn -0.270598 -0.923880 0.270598
vn -0.318190 -0.923880 0.212608
vn -0.353553 -0.923880 0.146447
vn -0.375330 -0.923880 0.074658
vn -0.382683 -0.923880 0.000000
vn -0.375330 -0.923880 -0.074658
vn -0.353553 -0.923880 -0.146447
vn -0.318190 -0.923880 -0.212608
vn -0.270598 -0.923880 -0.270598
vn -0.212608 -0.923880 -0.318190
vn -0.146447 -0.923880 -0.353553
vn -0.074658 -0.923880 -0.375330
vn -0.000000 -0.923880 -0.382683
vn 0.074658 -0.923880 -0.375330
vn 0.146447 -0.923880 -0.353553
vn 0.212608 -0.923880 -0.318190
vn 0.270598 -0.923880 -0.270598
vn 0.318190 -0.923880 -0.212608
vn 0.353553 -0.923880 -0.146447
vn 0.375330 -0.923880 -0.074658
vn 0.382683 -0.923880 -0.000000
vn 0.258819 -0.965926 0.000000
vn 0.253846 -0.965926 0.050493
vn 0.239118 -0.965926 0.099046
vn 0.215200 -0.965926 0.143792
vn 0.183013 -0.965926 0.183013
vn 0.143792 -0.965926 0.215200
vn 0.099046 -0.965926 0.239118
vn 0.050493 -0.965926 0.253846
vn 0.000000 -0.965926 0.258819
vn -0.050493 -0.965926 0.253846
vn -0.099046 -0.965926 0.239118
vn -0.143792 -0.965926 0.215200
vn -0.183013 -0.965926 0.183013
vn -0.215200 -0.965926 0.143792
vn -0.239118 -0.965926 0.099046
vn -0.253846 -0.965926 0.050493
vn -0.258819 -0.965926 0.000000
vn -0.253846 -0.965926 -0.050493
vn -0.239118 -0.965926 -0.099046
vn -0.215200 -0.965926 -0.143792
vn -0.183013 -0.965926 -0.183013
vn -0.143792 -0.965926 -0.215200
vn -0.099046 -0.965926 -0.239118
vn -0.050493 -0.965926 -0.253846
vn -0.000000 -0.965926 -0.258819
vn 0.050493 -0.965926 -0.253846
vn 0.099046 -0.965926 -0.239118
vn 0.143792 -0.965926 -0.215200
vn 0.183013 -0.965926 -0.183013
vn 0.215200 -0.965926 -0.143792
vn 0.239118 -0.965926 -0.099046
vn 0.253846 -0.965926 -0.050493
vn 0.258819 -0.965926 -0.000000
vn 0.130526 -0.991445 0.000000
vn 0.128018 -0.991445 0.025464
vn 0.120590 -0.991445 0.049950
vn 0.108529 -0.991445 0.072516
vn 0.092296 -0.991445 0.092296
vn 0.072516 -0.991445 0.108529
vn 0.049950 -0.991445 0.120590
vn 0.025464 -0.991445 0.128018
vn 0.000000 -0.991445 0.130526
vn -0.025464 -0.991445 0.128018
vn -0.049950 -0.991445 0.120590
vn -0.072516 -0.991445 0.108529
vn -0.092296 -0.991445 0.092296
vn -0.108529 -0.991445 0.072516
vn -0.120590 -0.991445 0.049950
vn -0.128018 -0.991445 0.025464
vn -0.130526 -0.991445 0.000000
vn -0.128018 -0.991445 -0.025464
vn -0.120590 -0.991445 -0.049950
vn -0.108529 -0.991445 -0.072516
vn -0.092296 -0.991445 -0.092296
vn -0.072516 -0.991445 -0.108529
vn -0.049950 -0.991445 -0.120590
vn -0.025464 -0.991445 -0.128018
vn -0.000000 -0.991445 -0.130526
vn 0.025464 -0.991445 -0.128018
vn 0.049950 -0.991445 -0.120590
vn 0.072516 -0.991445 -0.108529
vn 0.092296 -0.991445 -0.092296
vn 0.108529 -0.991445 -0.072516
vn 0.120590 -0.991445 -0.049950
vn 0.128018 -0.991445 -0.025464
vn 0.130526 -0.991445 -0.000000
vn 0.000000 -1.000000 0.000000
vn 0.000000 -1.000000 0.000000
vn 0.000000 -1.000000 0.000000
vn 0.000000 -1.000000 0.000000
vn 0.000000 -1.000000 0.000000
vn 0.000000 -1.000000 0.000000
vn 0.000000 -1.000000 0.000000
vn 0.000000 -1.000000 0.000000
vn 0.000000 -1.000000 0.000000
vn -0.000000 -1.000000 0.000000
vn -0.000000 -1.000000 0.000000
vn -0.000000 -1.000000 0.000000
vn -0.000000 -1.000000 0.000000
vn -0.000000 -1.000000 0.000000
vn -0.000000 -1.000000 0.000000
vn -0.000000 -1.000000 0.000000
vn -0.000000 -1.000000 0.000000
vn -0.000000 -1.000000 -0.000000
vn -0.000000 -1.000000 -0.000000
vn -0.000000 -1.000000 -0.000000
vn -0.000000 -1.000000 -0.000000
vn -0.000000 -1.000000 -0.000000
vn -0.000000 -1.000000 -0.000000
vn -0.000000 -1.000000 -0.000000
vn -0.000000 -1.000000 -0.000000
vn 0.000000 -1.000000 -0.000000
vn 0.000000 -1.000000 -0.000000
vn 0.000000 -1.000000 -0.000000
vn 0.000000 -1.000000 -0.000000
vn 0.000000 -1.000000 -0.000000
vn 0.000000 -1.000000 -0.000000
vn 0.000000 -1.000000 -0.000000
vn 0.000000 -1.000000 -0.000000
f 1/1/1 34/34/34 2/2/2
f 34/34/34 35/35/35 2/2/2
f 2/2/2 35/35/35 3/3/3
f 35/35/35 36/36/36 3/3/3
f 3/3/3 36/36/36 4/4/4
f 36/36/36 37/37/37 4/4/4
f 4/4/4 37/37/37 5/5/5
f 37/37/37 38/38/38 5/5/5
f 5/5/5 38/38/38 6/6/6
f 38/38/38 39/39/39 6/6/6
f 6/6/6 39/39/39 7/7/7
f 39/39/39 40/40/40 7/7/7
f 7/7/7 40/40/40 8/8/8
f 40/40/40 41/41/41 8/8/8
f 8/8/8 41/41/41 9/9/9
f 41/41/41 42/42/42 9/9/9
f 9/9/9 42/42/42 10/10/10
f 42/42/42 43/43/43 10/10/10
f 10/10/10 43/43/43 11/11/11
f 43/43/43 44/44/44 11/11/11
f 11/11/11 44/44/44 12/12/12
f 44/44/44 45/45/45 12/12/12
f 12/12/12 45/45/45 13/13/13
f 45/45/45 46/46/46 13/13/13
f 13/13/13 46/46/46 14/14/14
f 46/46/46 47/47/47 14/14/14
f 14/14/14 47/47/47 15/15/15
f 47/47/47 48/48/48 15/15/15
f 15/15/15 48/48/48 16/16/16
f 48/48/48 49/49/49 16/16/16
f 16/16/16 49/49/49 17/17/17
f 49/49/49 50/50/50 17/17/17
f 17/17/17 50/50/50 18/18/18
f 50/50/50 51/51/51 18/18/18
f 18/18/18 51/51/51 19/19/19
f 51/51/51 52/52/52 19/19/19
f 19/19/19 52/52/52 20/20/20
f 52/52/52 53/53/53 20/20/20
f 20/20/20 53/53/53 21/21/21
f 53/53/53 54/54/54 21/21/21
f 21/21/21 54/54/54 22/22/22
f 54/54/54 55/55/55 22/22/22
f 22/22/22 55/55/55 23/23/23
f 55/55/55 56/56/56 23/23/23
f 23/23/23 56/56/56 24/24/24
f 56/56/56 57/57/57 24/24/24
f 24/24/24 57/57/57 25/25/25
f 57/57/57 58/58/58 25/25/25
f 25/25/25 58/58/58 26/26/26
f 58/58/58 59/59/59 26/26/26
f 26/26/26 59/59/59 27/27/27
f 59/59/59 60/60/60 27/27/27
f 27/27/27 60/60/60 28/28/28
f 60/60/60 61/61/61 28/28/28
f 28/28/28 61/61/61 29/29/29
f 61/61/61 62/62/62 29/29/29
f 29/29/29 62/62/62 30/30/30
f 62/62/62 63/63/63 30/30/30
f 30/30/30 63/63/63 31/31/31
f 63/63/63 64/64/64 31/31/31
f 31/31/31 64/64/64 32/32/32
f 64/64/64 65/65/65 32/32/32
f 32/32/32 65/65/65 33/33/33
f 65/65/65 66/66/66 33/33/33
f 34/34/34 67/67/67 35/35/35
f 67/67/67 68/68/68 35/35/35
f 35/35/35 68/68/68 36/36/36
f 68/68/68 69/69/69 36/36/36
f 36/36/36 69/69/69 37/37/37
f 69/69/69 70/70/70 37/37/37
f 37/37/37 70/70/70 38/38/38
f 70/70/70 71/71/71 38/38/38
f 38/38/38 71/71/71 39/39/39
f 71/71/71 72/72/72 39/39/39
f 39/39/39 72/72/72 40/40/40
f 72/72/72 73/73/73 40/40/40
f 40/40/40 73/73/73 41/41/41
f 73/73/73 74/74/74 41/41/41
f 41/41/41 74/74/74 42/42/42
f 74/74/74 75/75/75 42/42/42
f 42/42/42 75/75/75 43/43/43
f 75/75/75 76/76/76 43/43/43
f 43/43/43 76/76/76 44/44/44
f 76/76/76 77/77/77 44/44/44
f 44/44/44 77/77/77 45/45/45
f 77/77/77 78/78/78 45/45/45
f 45/45/45 78/78/78 46/46/46
f 78/78/78 79/79/79 46/46/46
f 46/46/46 79/79/79 47/47/47
f 79/79/79 80/80/80 47/47/47
f 47/47/47 80/80/80 48/48/48
f 80/80/80 81/81/81 48/48/48
f 48/48/48 81/81/81 49/49/49
f 81/81/81 82/82/82 49/49/49
f 49/49/49 82/82/82 50/50/50
f 82/82/82 83/83/83 50/50/50
f 50/50/50 83/83/83 51/51/51
f 83/83/83 84/84/84 51/51/51
f 51/51/51 84/84/84 52/52/52
f 84/84/84 85/85/85 52/52/52
f 52/52/52 85/85/85 53/53/53
f 85/85/85 86/86/86 53/53/53
f 53/53/53 86/86/86 54/54/54
f 86/86/86 87/87/87 54/54/54
f 54/54/54 87/87/87 55/55/55
f 87/87/87 88/88/88 55/55/55
f 55/55/55 88/88/88 56/56/56
f 88/88/88 89/89/89 56/56/56
f 56/56/56 89/89/89 57/57/57
f 89/89/89 90/90/90 57/57/57
f 57/57/57 90/90/90 58/58/58
f 90/90/90 91/91/91 58/58/58
f 58/58/58 91/91/91 59/59/59
f 91/91/91 92/92/92 59/59/59
f 59/59/59 92/92/92 60/60/60
f 92/92/92 93/93/93 60/60/60
f 60/60/60 93/93/93 61/61/61
f 93/93/93 94/94/94 61/61/61
f 61/61/61 94/94/94 62/62/62
f 94/94/94 95/95/95 62/62/62
f 62/62/62 95/95/95 63/63/63
f 95/95/95 96/96/96 63/63/63
f 63/63/63 96/96/96 64/64/64
f 96/96/96 97/97/97 64/64/64
f 64/64/64 97/97/97 65/65/65
f 97/97/97 98/98/98 65/65/65
f 65/65/65 98/98/98 66/66/66
f 98/98/98 99/99/99 66/66/66
f 67/67/67 100/100/100 68/68/68
f 100/100/100 101/101/101 68/68/68
f 68/68/68 101/101/101 69/69/69
f 101/101/101 102/102/102 69/69/69
f 69/69/69 102/102/102 70/70/70
f 102/102/102 103/103/103 70/70/70
f 70/70/70 103/103/103 71/71/71
f 103/103/103 104/104/104 71/71/71
f 71/71/71 104/104/104 72/72/72
f 104/104/104 105/105/105 72/72/72
f 72/72/72 105/105/105 73/73/73
f 105/105/105 106/106/106 73/73/73
f 73/73/73 106/106/106 74/74/74
f 106/106/106 107/107/107 74/74/74
f 74/74/74 107/107/107 75/75/75
f 107/107/107 108/108/108 75/75/75
f 75/75/75 108/108/108 76/76/76
f 108/108/108 109/109/109 76/76/76
f 76/76/76 109/109/109 77/77/77
f 109/109/109 110/110/110 77/77/77
f 77/77/77 110/110/110 78/78/78
f 110/110/110 111/111/111 78/78/78
f 78/78/78 111/111/111 79/79/79
f 111/111/111 112/112/112 79/79/79
f 79/79/79 112/112/112 80/80/80
f 112/112/112 113/113/113 80/80/80
f 80/80/80 113/113/113 81/81/81
f 113/113/113 114/114/114 81/81/81
f 81/81/81 114/114/114 82/82/82
f 114/114/114 115/115/115 82/82/82
f 82/82/82 115/115/115 83/83/83
f 115/115/115 116/116/116 83/83/83
f 83/83/83 116/116/116 84/84/84
f 116/116/116 117/117/117 84/84/84
f 84/84/84 117/117/117 85/85/85
f 117/117/117 118/118/118 85/85/85
f 85/85/85 118/118/118 86/86/86
f 118/118/118 119/119/119 86/86/86
f 86/86/86 119/119/119 87/87/87
f 119/119/119 120/120/120 87/87/87
f 87/87/87 120/120/120 88/88/88
f 120/120/120 121/121/121 88/88/88
f 88/88/88 121/121/121 89/89/89
f 121/121/121 122/122/122 89/89/89
f 89/89/89 122/122/122 90/90/90
f 122/122/122 123/123/123 90/90/90
f 90/90/90 123/123/123 91/91/91
f 123/123/123 124/124/124 91/91/91
f 91/91/91 124/124/124 92/92/92
f 124/124/124 125/125/125 92/92/92
f 92/92/92 125/125/125 93/93/93
f 125/125/125 126/126/126 93/93/93
f 93/93/93 126/126/126 94/94/94
f 126/126/126 127/127/127 94/94/94
f 94/94/94 127/127/127 95/95/95
f 127/127/127 128/128/128 95/95/95
f 95/95/95 128/128/128 96/96/96
f 128/128/128 129/129/129 96/96/96
f 96/96/96 129/129/129 97/97/97
f 129/129/129 130/130/130 97/97/97
f 97/97/97 130/130/130 98/98/98
f 130/130/130 131/131/131 98/98/98
f 98/98/98 131/131/131 99/99/99
f 131/131/131 132/132/132 99/99/99
f 100/100/100 133/133/133 101/101/101
f 133/133/133 134/134/134 101/101/101
f 101/101/101 134/134/134 102/102/102
f 134/134/134 135/135/135 102/102/102
f 102/102/102 135/135/135 103/103/103
f 135/135/135 136/136/136 103/103/103
f 103/103/103 136/136/136 104/104/104
f 136/136/136 137/137/137 104/104/104
f 104/104/104 137/137/137 105/105/105
f 137/137/137 138/138/138 105/105/105
f 105/105/105 138/138/138 106/106/106
f 138/138/138 139/139/139 106/106/106
f 106/106/106 139/139/139 107/107/107
f 139/139/139 140/140/140 107/107/107
f 107/107/107 140/140/140 108/108/108
f 140/140/140 141/141/141 108/108/108
f 108/108/108 141/141/141 109/109/109
f 141/141/141 142/142/142 109/109/109
f 109/109/109 142/142/142 110/110/110
f 142/142/142 143/143/143 110/110/110
f 110/110/110 143/143/143 111/111/111
f 143/143/143 144/144/144 111/111/111
f 111/111/111 144/144/144 112/112/112
f 144/144/144 145/145/145 112/112/112
f 112/112/112 145/145/145 113/113/113
f 145/145/145 146/146/146 113/113/113
f 113/113/113 146/146/146 114/114/114
f 146/146/146 147/147/147 114/114/114
f 114/114/114 147/147/147 115/115/115
f 147/147/147 148/148/148 115/115/115
f 115/115/115 148/148/148 116/116/116
f 148/148/148 149/149/149 116/116/116
f 116/116/116 149/149/149 117/117/117
f 149/149/149 150/150/150 117/117/117
f 117/117/117 150/150/150 118/118/118
f 150/150/150 151/151/151 118/118/118
f 118/118/118 151/151/151 119/119/119
f 151/151/151 152/152/152 119/119/119
f 119/119/119 152/152/152 120/120/120
f 152/152/152 153/153/153 120/120/120
f 120/120/120 153/153/153 121/121/121
f 153/153/153 154/154/154 121/121/121
f 121/121/121 154/154/154 122/122/122
f 154/154/154 155/155/155 122/122/122
f 122/122/122 155/155/155 123/123/123
f 155/155/155 156/156/156 123/123/123
f 123/123/123 156/156/156 124/124/124
f 156/156/156 157/157/157 124/124/124
f 124/124/124 157/157/157 125/125/125
f 157/157/157 158/158/158 125/125/125
f 125/125/125 158/158/158 126/126/126
f 158/158/158 159/159/159 126/126/126
f 126/126/126 159/159/159 127/127/127
f 159/159/159 160/160/160 127/127/127
f 127/127/127 160/160/160 128/128/128
f 160/160/160 161/161/161 128/128/128
f 128/128/128 161/161/161 129/129/129
f 161/161/161 162/162/162 129/129/129
f 129/129/129 162/162/162 130/130/130
f 162/162/162 163/163/163 130/130/130
f 130/130/130 163/163/163 131/131/131
f 163/163/163 164/164/164 131/131/131
f 131/131/131 164/164/164 132/132/132
f 164/164/164 165/165/165 132/132/132
f 133/133/133 166/166/166 134/134/134
f 166/166/166 167/167/167 134/134/134
f 134/134/134 167/167/167 135/135/135
f 167/167/167 168/168/168 135/135/135
f 135/135/135 168/168/168 136/136/136
f 168/168/168 169/169/169 136/136/136
f 136/136/136 169/169/169 137/137/137
f 169/169/169 170/170/170 137/137/137
f 137/137/137 170/170/170 138/138/138
f 170/170/170 171/171/171 138/138/138
f 138/138/138 171/171/171 139/139/139
f 171/171/171 172/172/172 139/139/139
f 139/139/139 172/172/172 140/140/140
f 172/172/172 173/173/173 140/140/140
f 140/140/140 173/173/173 141/141/141
f 173/173/173 174/174/174 141/141/141
f 141/141/141 174/174/174 142/142/142
f 174/174/174 175/175/175 142/142/142
f 142/142/142 175/175/175 143/143/143
f 175/175/175 176/176/176 143/143/143
f 143/143/143 176/176/176 144/144/144
f 176/176/176 177/177/177 144/144/144
f 144/144/144 177/177/177 145/145/145
f 177/177/177 178/178/178 145/145/145
f 145/145/145 178/178/178 146/146/146
f 178/178/178 179/179/179 146/146/146
f 146/146/146 179/179/179 147/147/147
f 179/179/179 180/180/180 147/147/147
f 147/147/147 180/180/180 148/148/148
f 180/180/180 181/181/181 148/148/148
f 148/148/148 181/181/181 149/149/149
f 181/181/181 182/182/182 149/149/149
f 149/149/149 182/182/182 150/150/150
f 182/182/182 183/183/183 150/150/150
f 150/150/150 183/183/183 151/151/151
f 183/183/183 184/184/184 151/151/151
f 151/151/151 184/184/184 152/152/152
f 184/184/184 185/185/185 152/152/152
f 152/152/152 185/185/185 153/153/153
f 185/185/185 186/186/186 153/153/153
f 153/153/153 186/186/186 154/154/154
f 186/186/186 187/187/187 154/154/154
f 154/154/154 187/187/187 155/155/155
f 187/187/187 188/188/188 155/155/155
f 155/155/155 188/188/188 156/156/156
f 188/188/188 189/189/189 156/156/156
f 156/156/156 189/189/189 157/157/157
f 189/189/189 190/190/190 157/157/157
f 157/157/157 190/190/190 158/158/158
f 190/190/190 191/191/191 158/158/158
f 158/158/158 191/191/191 159/159/159
f 191/191/191 192/192/192 159/159/159
f 159/159/159 192/192/192 160/160/160
f 192/192/192 193/193/193 160/160/160
f 160/160/160 193/193/193 161/161/161
f 193/193/193 194/194/194 161/161/161
f 161/161/161 194/194/194 162/162/162
f 194/194/194 195/195/195 162/162/162
f 162/162/162 195/195/195 163/163/163
f 195/195/195 196/196/196 163/163/163
f 163/163/163 196/196/196 164/164/164
f 196/196/196 197/197/197 164/164/164
f 164/164/164 197/197/197 165/165/165
f 197/197/197 198/198/198 165/165/165
f 166/166/166 199/199/199 167/167/167
f 199/199/199 200/200/200 167/167/167
f 167/167/167 200/200/200 168/168/168
f 200/200/200 201/201/201 168/168/168
f 168/168/168 201/201/201 169/169/169
f 201/201/201 202/202/202 169/169/169
f 169/169/169 202/202/202 170/170/170
f 202/202/202 203/203/203 170/170/170
f 170/170/170 203/203/203 171/171/171
f 203/203/203 204/204/204 171/171/171
f 171/171/171 204/204/204 172/172/172
f 204/204/204 205/205/205 172/172/172
f 172/172/172 205/205/205 173/173/173
f 205/205/205 206/206/206 173/173/173
f 173/173/173 206/206/206 174/174/174
f 206/206/206 207/207/207 174/174/174
f 174/174/174 207/207/207 175/175/175
f 207/207/207 208/208/208 175/175/175
f 175/175/175 208/208/208 176/176/176
f 208/208/208 209/209/209 176/176/176
f 176/176/176 209/209/209 177/177/177
f 209/209/209 210/210/210 177/177/177
f 177/177/177 210/210/210 178/178/178
f 210/210/210 211/211/211 178/178/178
f 178/178/178 211/211/211 179/179/179
f 211/211/211 212/212/212 179/179/179
f 179/179/179 212/212/212 180/180/180
f 212/212/212 213/213/213 180/180/180
f 180/180/180 213/213/213 181/181/181
f 213/213/213 214/214/214 181/181/181
f 181/181/181 214/214/214 182/182/182
f 214/214/214 215/215/215 182/182/182
f 182/182/182 215/215/215 183/183/183
f 215/215/215 216/216/216 183/183/183
f 183/183/183 216/216/216 184/184/184
f 216/216/216 217/217/217 184/184/184
f 184/184/184 217/217/217 185/185/185
f 217/217/217 218/218/218 185/185/185
f 185/185/185 218/218/218 186/186/186
f 218/218/218 219/219/219 186/186/186
f 186/186/186 219/219/219 187/187/187
f 219/219/219 220/220/220 187/187/187
f 187/187/187 220/220/220 188/188/188
f 220/220/220 221/221/221 188/188/188
f 188/188/188 221/221/221 189/189/189
f 221/221/221 222/222/222 189/189/189
f 189/189/189 222/222/222 190/190/190
f 222/222/222 223/223/223 190/190/190
f 190/190/190 223/223/223 191/191/191
f 223/223/223 224/224/224 191/191/191
f 191/191/191 224/224/224 192/192/192
f 224/224/224 225/225/225 192/192/192
f 192/192/192 225/225/225 193/193/193
f 225/225/225 226/226/226 193/193/193
f 193/193/193 226/226/226 194/194/194
f 226/226/226 227/227/227 194/194/194
f 194/194/194 227/227/227 195/195/195
f 227/227/227 228/228/228 195/195/195
f 195/195/195 228/228/228 196/196/196
f 228/228/228 229/229/229 196/196/196
f 196/196/196 229/229/229 197/197/197
f 229/229/229 230/230/230 197/197/197
f 197/197/197 230/230/230 198/198/198
f 230/230/230 231/231/231 198/198/198
f 199/199/199 232/232/232 200/200/200
f 232/232/232 233/233/233 200/200/200
f 200/200/200 233/233/233 201/201/201
f 233/233/233 234/234/234 201/201/201
f 201/201/201 234/234/234 202/202/202
f 234/234/234 235/235/235 202/202/202
f 202/202/202 235/235/235 203/203/203
f 235/235/235 236/236/236 203/203/203
f 203/203/203 236/236/236 204/204/204
f 236/236/236 237/237/237 204/204/204
f 204/204/204 237/237/237 205/205/205
f 237/237/237 238/238/238 205/205/205
f 205/205/205 238/238/238 206/206/206
f 238/238/238 239/239/239 206/206/206
f 206/206/206 239/239/239 207/207/207
f 239/239/239 240/240/240 207/207/207
f 207/207/207 240/240/240 208/208/208
f 240/240/240 241/241/241 208/208/208
f 208/208/208 241/241/241 209/209/209
f 241/241/241 242/242/242 209/209/209
f 209/209/209 242/242/242 210/210/210
f 242/242/242 243/243/243 210/210/210
f 210/210/210 243/243/243 211/211/211
f 243/243/243 244/244/244 211/211/211
f 211/211/211 244/244/244 212/212/212
f 244/244/244 245/245/245 212/212/212
f 212/212/212 245/245/245 213/213/213
f 245/245/245 246/246/246 213/213/213
f 213/213/213 246/246/246 214/214/214
f 246/246/246 247/247/247 214/214/214
f 214/214/214 247/247/247 215/215/215
f 247/247/247 248/248/248 215/215/215
f 215/215/215 248/248/248 216/216/216
f 248/248/248 249/249/249 216/216/216
f 216/216/216 249/249/249 217/217/217
f 249/249/249 250/250/250 217/217/217
f 217/217/217 250/250/250 218/218/218
f 250/250/250 251/251/251 218/218/218
f 218/218/218 251/251/251 219/219/219
f 251/251/251 252/252/252 219/219/219
f 219/219/219 252/252/252 220/220/220
f 252/252/252 253/253/253 220/220/220
f 220/220/220 253/253/253 221/221/221
f 253/253/253 254/254/254 221/221/221
f 221/221/221 254/254/254 222/222/222
f 254/254/254 255/255/255 222/222/222
f 222/222/222 255/255/255 223/223/223
f 255/255/255 256/256/256 223/223/223
f 223/223/223 256/256/256 224/224/224
f 256/256/256 257/257/257 224/224/224
f 224/224/224 257/257/257 225/225/225
f 257/257/257 258/258/258 225/225/225
f 225/225/225 258/258/258 226/226/226
f 258/258/258 259/259/259 226/226/226
f 226/226/226 259/259/259 227/227/227
f 259/259/259 260/260/260 227/227/227
f 227/227/227 260/260/260 228/228/228
f 260/260/260 261/261/261 228/228/228
f 228/228/228 261/261/261 229/229/229
f 261/261/261 262/262/262 229/229/229
f 229/229/229 262/262/262 230/230/230
f 262/262/262 263/263/263 230/230/230
f 230/230/230 263/263/263 231/231/231
f 263/263/263 264/264/264 231/231/231
f 232/232/232 265/265/265 233/233/233
f 265/265/265 266/266/266 233/233/233
f 233/233/233 266/266/266 234/234/234
f 266/266/266 267/267/267 234/234/234
f 234/234/234 267/267/267 235/235/235
f 267/267/267 268/268/268 235/235/235
f 235/235/235 268/268/268 236/236/236
f 268/268/268 269/269/269 236/236/236
f 236/236/236 269/269/269 237/237/237
f 269/269/269 270/270/270 237/237/237
f 237/237/237 270/270/270 238/238/238
f 270/270/270 271/271/271 238/238/238
f 238/238/238 271/271/271 239/239/239
f 271/271/271 272/272/272 239/239/239
f 239/239/239 272/272/272 240/240/240
f 272/272/272 273/273/273 240/240/240
f 240/240/240 273/273/273 241/241/241
f 273/273/273 274/274/274 241/241/241
f 241/241/241 274/274/274 242/242/242
f 274/274/274 275/275/275 242/242/242
f 242/242/242 275/275/275 243/243/243
f 275/275/275 276/276/276 243/243/243
f 243/243/243 276/276/276 244/244/244
f 276/276/276 277/277/277 244/244/244
f 244/244/244 277/277/277 245/245/245
f 277/277/277 278/278/278 245/245/245
f 245/245/245 278/278/278 246/246/246
f 278/278/278 279/279/279 246/246/246
f 246/246/246 279/279/279 247/247/247
f 279/279/279 280/280/280 247/247/247
f 247/247/247 280/280/280 248/248/248
f 280/280/280 281/281/281 248/248/248
f 248/248/248 281/281/281 249/249/249
f 281/281/281 282/282/282 249/249/249
f 249/249/249 282/282/282 250/250/250
f 282/282/282 283/283/283 250/250/250
f 250/250/250 283/283/283 251/251/251
f 283/283/283 284/284/284 251/251/251
f 251/251/251 284/284/284 252/252/252
f 284/284/284 285/285/285 252/252/252
f 252/252/252 285/285/285 253/253/253
f 285/285/285 286/286/286 253/253/253
f 253/253/253 286/286/286 254/254/254
f 286/286/286 287/287/287 254/254/254
f 254/254/254 287/287/287 255/255/255
f 287/287/287 288/288/288 255/255/255
f 255/255/255 288/288/288 256/256/256
f 288/288/288 289/289/289 256/256/256
f 256/256/256 289/289/289 257/257/257
f 289/289/289 290/290/290 257/257/257
f 257/257/257 290/290/290 258/258/258
f 290/290/290 291/291/291 258/258/258
f 258/258/258 291/291/291 259/259/259
f 291/291/291 292/292/292 259/259/259
f 259/259/259 292/292/292 260/260/260
f 292/292/292 293/293/293 260/260/260
f 260/260/260 293/293/293 261/261/261
f 293/293/293 294/294/294 261/261/261
f 261/261/261 294/294/294 262/262/262
f 294/294/294 295/295/295 262/262/262
f 262/262/262 295/295/295 263/263/263
f 295/295/295 296/296/296 263/263/263
f 263/263/263 296/296/296 264/264/264
f 296/296/296 297/297/297 264/264/264
f 265/265/265 298/298/298 266/266/266
f 298/298/298 299/299/299 266/266/266
f 266/266/266 299/299/299 267/267/267
f 299/299/299 300/300/300 267/267/267
f 267/267/267 300/300/300 268/268/268
f 300/300/300 301/301/301 268/268/268
f 268/268/268 301/301/301 269/269/269
f 301/301/301 302/302/302 269/269/269
f 269/269/269 302/302/302 270/270/270
f 302/302/302 303/303/303 270/270/270
f 270/270/270 303/303/303 271/271/271
f 303/303/303 304/304/304 271/271/271
f 271/271/271 304/304/304 272/272/272
f 304/304/304 305/305/305 272/272/272
f 272/272/272 305/305/305 273/273/273
f 305/305/305 306/306/306 273/273/273
f 273/273/273 306/306/306 274/274/274
f 306/306/306 307/307/307 274/274/274
f 274/274/274 307/307/307 275/275/275
f 307/307/307 308/308/308 275/275/275
f 275/275/275 308/308/308 276/276/276
f 308/308/308 309/309/309 276/276/276
f 276/276/276 309/309/309 277/277/277
f 309/309/309 310/310/310 277/277/277
f 277/277/277 310/310/310 278/278/278
f 310/310/310 311/311/311 278/278/278
f 278/278/278 311/311/311 279/279/279
f 311/311/311 312/312/312 279/279/279
f 279/279/279 312/312/312 280/280/280
f 312/312/312 313/313/313 280/280/280
f 280/280/280 313/313/313 281/281/281
f 313/313/313 314/314/314 281/281/281
f 281/281/281 314/314/314 282/282/282
f 314/314/314 315/315/315 282/282/282
f 282/282/282 315/315/315 283/283/283
f 315/315/315 316/316/316 283/283/283
f 283/283/283 316/316/316 284/284/284
f 316/316/316 317/317/317 284/284/284
f 284/284/284 317/317/317 285/285/285
f 317/317/317 318/318/318 285/285/285
f 285/285/285 318/318/318 286/286/286
f 318/318/318 319/319/319 286/286/286
f 286/286/286 319/319/319 287/287/287
f 319/319/319 320/320/320 287/287/287
f 287/287/287 320/320/320 288/288/288
f 320/320/320 321/321/321 288/288/288
f 288/288/288 321/321/321 289/289/289
f 321/321/321 322/322/322 289/289/289
f 289/289/289 322/322/322 290/290/290
f 322/322/322 323/323/323 290/290/290
f 290/290/290 323/323/323 291/291/291
f 323/323/323 324/324/324 291/291/291
f 291/291/291 324/324/324 292/292/292
f 324/324/324 325/325/325 292/292/292
f 292/292/292 325/325/325 293/293/293
f 325/325/325 326/326/326 293/293/293
f 293/293/293 326/326/326 294/294/294
f 326/326/326 327/327/327 294/294/294
f 294/294/294 327/327/327 295/295/295
f 327/327/327 328/328/328 295/295/295
f 295/295/295 328/328/328 296/296/296
f 328/328/328 329/329/329 296/296/296
f 296/296/296 329/329/329 297/297/297
f 329/329/329 330/330/330 297/297/297
f 298/298/298 331/331/331 299/299/299
f 331/331/331 332/332/332 299/299/299
f 299/299/299 332/332/332 300/300/300
f 332/332/332 333/333/333 300/300/300
f 300/300/300 333/333/333 301/301/301
f 333/333/333 334/334/334 301/301/301
f 301/301/301 334/334/334 302/302/302
f 334/334/334 335/335/335 302/302/302
f 302/302/302 335/335/335 303/303/303
f 335/335/335 336/336/336 303/303/303
f 303/303/303 336/336/336 304/304/304
f 336/336/336 337/337/337 304/304/304
f 304/304/304 337/337/337 305/305/305
f 337/337/337 338/338/338 305/305/305
f 305/305/305 338/338/338 306/306/306
f 338/338/338 339/339/339 306/306/306
f 306/306/306 339/339/339 307/307/307
f 339/339/339 340/340/340 307/307/307
f 307/307/307 340/340/340 308/308/308
f 340/340/340 341/341/341 308/308/308
f 308/308/308 341/341/341 309/309/309
f 341/341/341 342/342/342 309/309/309
f 309/309/309 342/342/342 310/310/310
f 342/342/342 343/343/343 310/310/310
f 310/310/310 343/343/343 311/311/311
f 343/343/343 344/344/344 311/311/311
f 311/311/311 344/344/344 312/312/312
f 344/344/344 345/345/345 312/312/312
f 312/312/312 345/345/345 313/313/313
f 345/345/345 346/346/346 313/313/313
f 313/313/313 346/346/346 314/314/314
f 346/346/346 347/347/347 314/314/314
f 314/314/314 347/347/347 315/315/315
f 347/347/347 348/348/348 315/315/315
f 315/315/315 348/348/348 316/316/316
f 348/348/348 349/349/349 316/316/316
f 316/316/316 349/349/349 317/317/317
f 349/349/349 350/350/350 317/317/317
f 317/317/317 350/350/350 318/318/318
f 350/350/350 351/351/351 318/318/318
f 318/318/318 351/351/351 319/319/319
f 351/351/351 352/352/352 319/319/319
f 319/319/319 352/352/352 320/320/320
f 352/352/352 353/353/353 320/320/320
f 320/320/320 353/353/353 321/321/321
f 353/353/353 354/354/354 321/321/321
f 321/321/321 354/354/354 322/322/322
f 354/354/354 355/355/355 322/322/322
f 322/322/322 355/355/355 323/323/323
f 355/355/355 356/356/356 323/323/323
f 323/323/323 356/356/356 324/324/324
f 356/356/356 357/357/357 324/324/324
f 324/324/324 357/357/357 325/325/325
f 357/357/357 358/358/358 325/325/325
f 325/325/325 358/358/358 326/326/326
f 358/358/358 359/359/359 326/326/326
f 326/326/326 359/359/359 327/327/327
f 359/359/359 360/360/360 327/327/327
f 327/327/327 360/360/360 328/328/328
f 360/360/360 361/361/361 328/328/328
f 328/328/328 361/361/361 329/329/329
f 361/361/361 362/362/362 329/329/329
f 329/329/329 362/362/362 330/330/330
f 362/362/362 363/363/363 330/330/330
f 331/331/331 364/364/364 332/332/332
f 364/364/364 365/365/365 332/332/332
f 332/332/332 365/365/365 333/333/333
f 365/365/365 366/366/366 333/333/333
f 333/333/333 366/366/366 334/334/334
f 366/366/366 367/367/367 334/334/334
f 334/334/334 367/367/367 335/335/335
f 367/367/367 368/368/368 335/335/335
f 335/335/335 368/368/368 336/336/336
f 368/368/368 369/369/369 336/336/336
f 336/336/336 369/369/369 337/337/337
f 369/369/369 370/370/370 337/337/337
f 337/337/337 370/370/370 338/338/338
f 370/370/370 371/371/371 338/338/338
f 338/338/338 371/371/371 339/339/339
f 371/371/371 372/372/372 339/339/339
f 339/339/339 372/372/372 340/340/340
f 372/372/372 373/373/373 340/340/340
f 340/340/340 373/373/373 341/341/341
f 373/373/373 374/374/374 341/341/341
f 341/341/341 374/374/374 342/342/342
f 374/374/374 375/375/375 342/342/342
f 342/342/342 375/375/375 343/343/343
f 375/375/375 376/376/376 343/343/343
f 343/343/343 376/376/376 344/344/344
f 376/376/376 377/377/377 344/344/344
f 344/344/344 377/377/377 345/345/345
f 377/377/377 378/378/378 345/345/345
f 345/345/345 378/378/378 346/346/346
f 378/378/378 379/379/379 346/346/346
f 346/346/346 379/379/379 347/347/347
f 379/379/379 380/380/380 347/347/347
f 347/347/347 380/380/380 348/348/348
f 380/380/380 381/381/381 348/348/348
f 348/348/348 381/381/381 349/349/349
f 381/381/381 382/382/382 349/349/349
f 349/349/349 382/382/382 350/350/350
f 382/382/382 383/383/383 350/350/350
f 350/350/350 383/383/383 351/351/351
f 383/383/383 384/384/384 351/351/351
f 351/351/351 384/384/384 352/352/352
f 384/384/384 385/385/385 352/352/352
f 352/352/352 385/385/385 353/353/353
f 385/385/385 386/386/386 353/353/353
f 353/353/353 386/386/386 354/354/354
f 386/386/386 387/387/387 354/354/354
f 354/354/354 387/387/387 355/355/355
f 387/387/387 388/388/388 355/355/355
f 355/355/355 388/388/388 356/356/356
f 388/388/388 389/389/389 356/356/356
f 356/356/356 389/389/389 357/357/357
f 389/389/389 390/390/390 357/357/357
f 357/357/357 390/390/390 358/358/358
f 390/390/390 391/391/391 358/358/358
f 358/358/358 391/391/391 359/359/359
f 391/391/391 392/392/392 359/359/359
f 359/359/359 392/392/392 360/360/360
f 392/392/392 393/393/393 360/360/360
f 360/360/360 393/393/393 361/361/361
f 393/393/393 394/394/394 361/361/361
f 361/361/361 394/394/394 362/362/362
f 394/394/394 395/395/395 362/362/362
f 362/362/362 395/395/395 363/363/363
f 395/395/395 396/396/396 363/363/363
f 364/364/364 397/397/397 365/365/365
f 397/397/397 398/398/398 365/365/365
f 365/365/365 398/398/398 366/366/366
f 398/398/398 399/399/399 366/366/366
f 366/366/366 399/399/399 367/367/367
f 399/399/399 400/400/400 367/367/367
f 367/367/367 400/400/400 368/368/368
f 400/400/400 401/401/401 368/368/368
f 368/368/368 401/401/401 369/369/369
f 401/401/401 402/402/402 369/369/369
f 369/369/369 402/402/402 370/370/370
f 402/402/402 403/403/403 370/370/370
f 370/370/370 403/403/403 371/371/371
f 403/403/403 404/404/404 371/371/371
f 371/371/371 404/404/404 372/372/372
f 404/404/404 405/405/405 372/372/372
f 372/372/372 405/405/405 373/373/373
f 405/405/405 406/406/406 373/373/373
f 373/373/373 406/406/406 374/374/374
f 406/406/406 407/407/407 374/374/374
f 374/374/374 407/407/407 375/375/375
f 407/407/407 408/408/408 375/375/375
f 375/375/375 408/408/408 376/376/376
f 408/408/408 409/409/409 376/376/376
f 376/376/376 409/409/409 377/377/377
f 409/409/409 410/410/410 377/377/377
f 377/377/377 410/410/410 378/378/378
f 410/410/410 411/411/411 378/378/378
f 378/378/378 411/411/411 379/379/379
f 411/411/411 412/412/412 379/379/379
f 379/379/379 412/412/412 380/380/380
f 412/412/412 413/413/413 380/380/380
f 380/380/380 413/413/413 381/381/381
f 413/413/413 414/414/414 381/381/381
f 381/381/381 414/414/414 382/382/382
f 414/414/414 415/415/415 382/382/382
f 382/382/382 415/415/415 383/383/383
f 415/415/415 416/416/416 383/383/383
f 383/383/383 416/416/416 384/384/384
f 416/416/416 417/417/417 384/384/384
f 384/384/384 417/417/417 385/385/385
f 417/417/417 418/418/418 385/385/385
f 385/385/385 418/418/418 386/386/386
f 418/418/418 419/419/419 386/386/386
f 386/386/386 419/419/419 387/387/387
f 419/419/419 420/420/420 387/387/387
f 387/387/387 420/420/420 388/388/388
f 420/420/420 421/421/421 388/388/388
f 388/388/388 421/421/421 389/389/389
f 421/421/421 422/422/422 389/389/389
f 389/389/389 422/422/422 390/390/390
f 422/422/422 423/423/423 390/390/390
f 390/390/390 423/423/423 391/391/391
f 423/423/423 424/424/424 391/391/391
f 391/391/391 424/424/424 392/392/392
f 424/424/424 425/425/425 392/392/392
f 392/392/392 425/425/425 393/393/393
f 425/425/425 426/426/426 393/393/393
f 393/393/393 426/426/426 394/394/394
f 426/426/426 427/427/427 394/394/394
f 394/394/394 427/427/427 395/395/395
f 427/427/427 428/428/428 395/395/395
f 395/395/395 428/428/428 396/396/396
f 428/428/428 429/429/429 396/396/396
f 397/397/397 430/430/430 398/398/398
f 430/430/430 431/431/431 398/398/398
f 398/398/398 431/431/431 399/399/399
f 431/431/431 432/432/432 399/399/399
f 399/399/399 432/432/432 400/400/400
f 432/432/432 433/433/433 400/400/400
f 400/400/400 433/433/433 401/401/401
f 433/433/433 434/434/434 401/401/401
f 401/401/401 434/434/434 402/402/402
f 434/434/434 435/435/435 402/402/402
f 402/402/402 435/435/435 403/403/403
f 435/435/435 436/436/436 403/403/403
f 403/403/403 436/436/436 404/404/404
f 436/436/436 437/437/437 404/404/404
f 404/404/404 437/437/437 405/405/405
f 437/437/437 438/438/438 405/405/405
f 405/405/405 438/438/438 406/406/406
f 438/438/438 439/439/439 406/406/406
f 406/406/406 439/439/439 407/407/407
f 439/439/439 440/440/440 407/407/407
f 407/407/407 440/440/440 408/408/408
f 440/440/440 441/441/441 408/408/408
f 408/408/408 441/441/441 409/409/409
f 441/441/441 442/442/442 409/409/409
f 409/409/409 442/442/442 410/410/410
f 442/442/442 443/443/443 410/410/410
f 410/410/410 443/443/443 411/411/411
f 443/443/443 444/444/444 411/411/411
f 411/411/411 444/444/444 412/412/412
f 444/444/444 445/445/445 412/412/412
f 412/412/412 445/445/445 413/413/413
f 445/445/445 446/446/446 413/413/413
f 413/413/413 446/446/446 414/414/414
f 446/446/446 447/447/447 414/414/414
f 414/414/414 447/447/447 415/415/415
f 447/447/447 448/448/448 415/415/415
f 415/415/415 448/448/448 416/416/416
f 448/448/448 449/449/449 416/416/416
f 416/416/416 449/449/449 417/417/417
f 449/449/449 450/450/450 417/417/417
f 417/417/417 450/450/450 418/418/418
f 450/450/450 451/451/451 418/418/418
f 418/418/418 451/451/451 419/419/419
f 451/451/451 452/452/452 419/419/419
f 419/419/419 452/452/452 420/420/420
f 452/452/452 453/453/453 420/420/420
f 420/420/420 453/453/453 421/421/421
f 453/453/453 454/454/454 421/421/421
f 421/421/421 454/454/454 422/422/422
f 454/454/454 455/455/455 422/422/422
f 422/422/422 455/455/455 423/423/423
f 455/455/455 456/456/456 423/423/423
f 423/423/423 456/456/456 424/424/424
f 456/456/456 457/457/457 424/424/424
f 424/424/424 457/457/457 425/425/425
f 457/457/457 458/458/458 425/425/425
f 425/425/425 458/458/458 426/426/426
f 458/458/458 459/459/459 426/426/426
f 426/426/426 459/459/459 427/427/427
f 459/459/459 460/460/460 427/427/427
f 427/427/427 460/460/460 428/428/428
f 460/460/460 461/461/461 428/428/428
f 428/428/428 461/461/461 429/429/429
f 461/461/461 462/462/462 429/429/429
f 430/430/430 463/463/463 431/431/431
f 463/463/463 464/464/464 431/431/431
f 431/431/431 464/464/464 432/432/432
f 464/464/464 465/465/465 432/432/432
f 432/432/432 465/465/465 433/433/433
f 465/465/465 466/466/466 433/433/433
f 433/433/433 466/466/466 434/434/434
f 466/466/466 467/467/467 434/434/434
f 434/434/434 467/467/467 435/435/435
f 467/467/467 468/468/468 435/435/435
f 435/435/435 468/468/468 436/436/436
f 468/468/468 469/469/469 436/436/436
f 436/436/436 469/469/469 437/437/437
f 469/469/469 470/470/470 437/437/437
f 437/437/437 470/470/470 438/438/438
f 470/470/470 471/471/471 438/438/438
f 438/438/438 471/471/471 439/439/439
f 471/471/471 472/472/472 439/439/439
f 439/439/439 472/472/472 440/440/440
f 472/472/472 473/473/473 440/440/440
f 440/440/440 473/473/473 441/441/441
f 473/473/473 474/474/474 441/441/441
f 441/441/441 474/474/474 442/442/442
f 474/474/474 475/475/475 442/442/442
f 442/442/442 475/475/475 443/443/443
f 475/475/475 476/476/476 443/443/443
f 443/443/443 476/476/476 444/444/444
f 476/476/476 477/477/477 444/444/444
f 444/444/444 477/477/477 445/445/445
f 477/477/477 478/478/478 445/445/445
f 445/445/445 478/478/478 446/446/446
f 478/478/478 479/479/479 446/446/446
f 446/446/446 479/479/479 447/447/447
f 479/479/479 480/480/480 447/447/447
f 447/447/447 480/480/480 448/448/448
f 480/480/480 481/481/481 448/448/448
f 448/448/448 481/481/481 449/449/449
f 481/481/481 482/482/482 449/449/449
f 449/449/449 482/482/482 450/450/450
f 482/482/482 483/483/483 450/450/450
f 450/450/450 483/483/483 451/451/451
f 483/483/483 484/484/484 451/451/451
f 451/451/451 484/484/484 452/452/452
f 484/484/484 485/485/485 452/452/452
f 452/452/452 485/485/485 453/453/453
f 485/485/485 486/486/486 453/453/453
f 453/453/453 486/486/486 454/454/454
f 486/486/486 487/487/487 454/454/454
f 454/454/454 487/487/487 455/455/455
f 487/487/487 488/488/488 455/455/455
f 455/455/455 488/488/488 456/456/456
f 488/488/488 489/489/489 456/456/456
f 456/456/456 489/489/489 457/457/457
f 489/489/489 490/490/490 457/457/457
f 457/457/457 490/490/490 458/458/458
f 490/490/490 491/491/491 458/458/458
f 458/458/458 491/491/491 459/459/459
f 491/491/491 492/492/492 459/459/459
f 459/459/459 492/492/492 460/460/460
f 492/492/492 493/493/493 460/460/460
f 460/460/460 493/493/493 461/461/461
f 493/493/493 494/494/494 461/461/461
f 461/461/461 494/494/494 462/462/462
f 494/494/494 495/495/495 462/462/462
f 463/463/463 496/496/496 464/464/464
f 496/496/496 497/497/497 464/464/464
f 464/464/464 497/497/497 465/465/465
f 497/497/497 498/498/498 465/465/465
f 465/465/465 498/498/498 466/466/466
f 498/498/498 499/499/499 466/466/466
f 466/466/466 499/499/499 467/467/467
f 499/499/499 500/500/500 467/467/467
f 467/467/467 500/500/500 468/468/468
f 500/500/500 501/501/501 468/468/468
f 468/468/468 501/501/501 469/469/469
f 501/501/501 502/502/502 469/469/469
f 469/469/469 502/502/502 470/470/470
f 502/502/502 503/503/503 470/470/470
f 470/470/470 503/503/503 471/471/471
f 503/503/503 504/504/504 471/471/471
f 471/471/471 504/504/504 472/472/472
f 504/504/504 505/505/505 472/472/472
f 472/472/472 505/505/505 473/473/473
f 505/505/505 506/506/506 473/473/473
f 473/473/473 506/506/506 474/474/474
f 506/506/506 507/507/507 474/474/474
f 474/474/474 507/507/507 475/475/475
f 507/507/507 508/508/508 475/475/475
f 475/475/475 508/508/508 476/476/476
f 508/508/508 509/509/509 476/476/476
f 476/476/476 509/509/509 477/477/477
f 509/509/509 510/510/510 477/477/477
f 477/477/477 510/510/510 478/478/478
f 510/510/510 511/511/511 478/478/478
f 478/478/478 511/511/511 479/479/479
f 511/511/511 512/512/512 479/479/479
f 479/479/479 512/512/512 480/480/480
f 512/512/512 513/513/513 480/480/480
f 480/480/480 513/513/513 481/481/481
f 513/513/513 514/514/514 481/481/481
f 481/481/481 514/514/514 482/482/482
f 514/514/514 515/515/515 482/482/482
f 482/482/482 515/515/515 483/483/483
f 515/515/515 516/516/516 483/483/483
f 483/483/483 516/516/516 484/484/484
f 516/516/516 517/517/517 484/484/484
f 484/484/484 517/517/517 485/485/485
f 517/517/517 518/518/518 485/485/485
f 485/485/485 518/518/518 486/486/486
f 518/518/518 519/519/519 486/486/486
f 486/486/486 519/519/519 487/487/487
f 519/519/519 520/520/520 487/487/487
f 487/487/487 520/520/520 488/488/488
f 520/520/520 521/521/521 488/488/488
f 488/488/488 521/521/521 489/489/489
f 521/521/521 522/522/522 489/489/489
f 489/489/489 522/522/522 490/490/490
f 522/522/522 523/523/523 490/490/490
f 490/490/490 523/523/523 491/491/491
f 523/523/523 524/524/524 491/491/491
f 491/491/491 524/524/524 492/492/492
f 524/524/524 525/525/525 492/492/492
f 492/492/492 525/525/525 493/493/493
f 525/525/525 526/526/526 493/493/493
f 493/493/493 526/526/526 494/494/494
f 526/526/526 527/527/527 494/494/494
f 494/494/494 527/527/527 495/495/495
f 527/527/527 528/528/528 495/495/495
f 496/496/496 529/529/529 497/497/497
f 529/529/529 530/530/530 497/497/497
f 497/497/497 530/530/530 498/498/498
f 530/530/530 531/531/531 498/498/498
f 498/498/498 531/531/531 499/499/499
f 531/531/531 532/532/532 499/499/499
f 499/499/499 532/532/532 500/500/500
f 532/532/532 533/533/533 500/500/500
f 500/500/500 533/533/533 501/501/501
f 533/533/533 534/534/534 501/501/501
f 501/501/501 534/534/534 502/502/502
f 534/534/534 535/535/535 502/502/502
f 502/502/502 535/535/535 503/503/503
f 535/535/535 536/536/536 503/503/503
f 503/503/503 536/536/536 504/504/504
f 536/536/536 537/537/537 504/504/504
f 504/504/504 537/537/537 505/505/505
f 537/537/537 538/538/538 505/505/505
f 505/505/505 538/538/538 506/506/506
f 538/538/538 539/539/539 506/506/506
f 506/506/506 539/539/539 507/507/507
f 539/539/539 540/540/540 507/507/507
f 507/507/507 540/540/540 508/508/508
f 540/540/540 541/541/541 508/508/508
f 508/508/508 541/541/541 509/509/509
f 541/541/541 542/542/542 509/509/509
f 509/509/509 542/542/542 510/510/510
f 542/542/542 543/543/543 510/510/510
f 510/510/510 543/543/543 511/511/511
f 543/543/543 544/544/544 511/511/511
f 511/511/511 544/544/544 512/512/512
f 544/544/544 545/545/545 512/512/512
f 512/512/512 545/545/545 513/513/513
f 545/545/545 546/546/546 513/513/513
f 513/513/513 546/546/546 514/514/514
f 546/546/546 547/547/547 514/514/514
f 514/514/514 547/547/547 515/515/515
f 547/547/547 548/548/548 515/515/515
f 515/515/515 548/548/548 516/516/516
f 548/548/548 549/549/549 516/516/516
f 516/516/516 549/549/549 517/517/517
f 549/549/549 550/550/550 517/517/517
f 517/517/517 550/550/550 518/518/518
f 550/550/550 551/551/551 518/518/518
f 518/518/518 551/551/551 519/519/519
f 551/551/551 552/552/552 519/519/519
f 519/519/519 552/552/552 520/520/520
f 552/552/552 553/553/553 520/520/520
f 520/520/520 553/553/553 521/521/521
f 553/553/553 554/554/554 521/521/521
f 521/521/521 554/554/554 522/522/522
f 554/554/554 555/555/555 522/522/522
f 522/522/522 555/555/555 523/523/523
f 555/555/555 556/556/556 523/523/523
f 523/523/523 556/556/556 524/524/524
f 556/556/556 557/557/557 524/524/524
f 524/524/524 557/557/557 525/525/525
f 557/557/557 558/558/558 525/525/525
f 525/525/525 558/558/558 526/526/526
f 558/558/558 559/559/559 526/526/526
f 526/526/526 559/559/559 527/527/527
f 559/559/559 560/560/560 527/527/527
f 527/527/527 560/560/560 528/528/528
f 560/560/560 561/561/561 528/528/528
f 529/529/529 562/562/562 530/530/530
f 562/562/562 563/563/563 530/530/530
f 530/530/530 563/563/563 531/531/531
f 563/563/563 564/564/564 531/531/531
f 531/531/531 564/564/564 532/532/532
f 564/564/564 565/565/565 532/532/532
f 532/532/532 565/565/565 533/533/533
f 565/565/565 566/566/566 533/533/533
f 533/533/533 566/566/566 534/534/534
f 566/566/566 567/567/567 534/534/534
f 534/534/534 567/567/567 535/535/535
f 567/567/567 568/568/568 535/535/535
f 535/535/535 568/568/568 536/536/536
f 568/568/568 569/569/569 536/536/536
f 536/536/536 569/569/569 537/537/537
f 569/569/569 570/570/570 537/537/537
f 537/537/537 570/570/570 538/538/538
f 570/570/570 571/571/571 538/538/538
f 538/538/538 571/571/571 539/539/539
f 571/571/571 572/572/572 539/539/539
f 539/539/539 572/572/572 540/540/540
f 572/572/572 573/573/573 540/540/540
f 540/540/540 573/573/573 541/541/541
f 573/573/573 574/574/574 541/541/541
f 541/541/541 574/574/574 542/542/542
f 574/574/574 575/575/575 542/542/542
f 542/542/542 575/575/575 543/543/543
f 575/575/575 576/576/576 543/543/543
f 543/543/543 576/576/576 544/544/544
f 576/576/576 577/577/577 544/544/544
f 544/544/544 577/577/577 545/545/545
f 577/577/577 578/578/578 545/545/545
f 545/545/545 578/578/578 546/546/546
f 578/578/578 579/579/579 546/546/546
f 546/546/546 579/579/579 547/547/547
f 579/579/579 580/580/580 547/547/547
f 547/547/547 580/580/580 548/548/548
f 580/580/580 581/581/581 548/548/548
f 548/548/548 581/581/581 549/549/549
f 581/581/581 582/582/582 549/549/549
f 549/549/549 582/582/582 550/550/550
f 582/582/582 583/583/583 550/550/550
f 550/550/550 583/583/583 551/551/551
f 583/583/583 584/584/584 551/551/551
f 551/551/551 584/584/584 552/552/552
f 584/584/584 585/585/585 552/552/552
f 552/552/552 585/585/585 553/553/553
f 585/585/585 586/586/586 553/553/553
f 553/553/553 586/586/586 554/554/554
f 586/586/586 587/587/587 554/554/554
f 554/554/554 587/587/587 555/555/555
f 587/587/587 588/588/588 555/555/555
f 555/555/555 588/588/588 556/556/556
f 588/588/588 589/589/589 556/556/556
f 556/556/556 589/589/589 557/557/557
f 589/589/589 590/590/590 557/557/557
f 557/557/557 590/590/590 558/558/558
f 590/590/590 591/591/591 558/558/558
f 558/558/558 591/591/591 559/559/559
f 591/591/591 592/592/592 559/559/559
f 559/559/559 592/592/592 560/560/560
f 592/592/592 593/593/593 560/560/560
f 560/560/560 593/593/593 561/561/561
f 593/593/593 594/594/594 561/561/561
f 562/562/562 595/595/595 563/563/563
f 595/595/595 596/596/596 563/563/563
f 563/563/563 596/596/596 564/564/564
f 596/596/596 597/597/597 564/564/564
f 564/564/564 597/597/597 565/565/565
f 597/597/597 598/598/598 565/565/565
f 565/565/565 598/598/598 566/566/566
f 598/598/598 599/599/599 566/566/566
f 566/566/566 599/599/599 567/567/567
f 599/599/599 600/600/600 567/567/567
f 567/567/567 600/600/600 568/568/568
f 600/600/600 601/601/601 568/568/568
f 568/568/568 601/601/601 569/569/569
f 601/601/601 602/602/602 569/569/569
f 569/569/569 602/602/602 570/570/570
f 602/602/602 603/603/603 570/570/570
f 570/570/570 603/603/603 571/571/571
f 603/603/603 604/604/604 571/571/571
f 571/571/571 604/604/604 572/572/572
f 604/604/604 605/605/605 572/572/572
f 572/572/572 605/605/605 573/573/573
f 605/605/605 606/606/606 573/573/573
f 573/573/573 606/606/606 574/574/574
f 606/606/606 607/607/607 574/574/574
f 574/574/574 607/607/607 575/575/575
f 607/607/607 608/608/608 575/575/575
f 575/575/575 608/608/608 576/576/576
f 608/608/608 609/609/609 576/576/576
f 576/576/576 609/609/609 577/577/577
f 609/609/609 610/610/610 577/577/577
f 577/577/577 610/610/610 578/578/578
f 610/610/610 611/611/611 578/578/578
f 578/578/578 611/611/611 579/579/579
f 611/611/611 612/612/612 579/579/579
f 579/579/579 612/612/612 580/580/580
f 612/612/612 613/613/613 580/580/580
f 580/580/580 613/613/613 581/581/581
f 613/613/613 614/614/614 581/581/581
f 581/581/581 614/614/614 582/582/582
f 614/614/614 615/615/615 582/582/582
f 582/582/582 615/615/615 583/583/583
f 615/615/615 616/616/616 583/583/583
f 583/583/583 616/616/616 584/584/584
f 616/616/616 617/617/617 584/584/584
f 584/584/584 617/617/617 585/585/585
f 617/617/617 618/618/618 585/585/585
f 585/585/585 618/618/618 586/586/586
f 618/618/618 619/619/619 586/586/586
f 586/586/586 619/619/619 587/587/587
f 619/619/619 620/620/620 587/587/587
f 587/587/587 620/620/620 588/588/588
f 620/620/620 621/621/621 588/588/588
f 588/588/588 621/621/621 589/589/589
f 621/621/621 622/622/622 589/589/589
f 589/589/589 622/622/622 590/590/590
f 622/622/622 623/623/623 590/590/590
f 590/590/590 623/623/623 591/591/591
f 623/623/623 624/624/624 591/591/591
f 591/591/591 624/624/624 592/592/592
f 624/624/624 625/625/625 592/592/592
f 592/592/592 625/625/625 593/593/593
f 625/625/625 626/626/626 593/593/593
f 593/593/593 626/626/626 594/594/594
f 626/626/626 627/627/627 594/594/594
f 595/595/595 628/628/628 596/596/596
f 628/628/628 629/629/629 596/596/596
f 596/596/596 629/629/629 597/597/597
f 629/629/629 630/630/630 597/597/597
f 597/597/597 630/630/630 598/598/598
f 630/630/630 631/631/631 598/598/598
f 598/598/598 631/631/631 599/599/599
f 631/631/631 632/632/632 599/599/599
f 599/599/599 632/632/632 600/600/600
f 632/632/632 633/633/633 600/600/600
f 600/600/600 633/633/633 601/601/601
f 633/633/633 634/634/634 601/601/601
f 601/601/601 634/634/634 602/602/602
f 634/634/634 635/635/635 602/602/602
f 602/602/602 635/635/635 603/603/603
f 635/635/635 636/636/636 603/603/603
f 603/603/603 636/636/636 604/604/604
f 636/636/636 637/637/637 604/604/604
f 604/604/604 637/637/637 605/605/605
f 637/637/637 638/638/638 605/605/605
f 605/605/605 638/638/638 606/606/606
f 638/638/638 639/639/639 606/606/606
f 606/606/606 639/639/639 607/607/607
f 639/639/639 640/640/640 607/607/607
f 607/607/607 640/640/640 608/608/608
f 640/640/640 641/641/641 608/608/608
f 608/608/608 641/641/641 609/609/609
f 641/641/641 642/642/642 609/609/609
f 609/609/609 642/642/642 610/610/610
f 642/642/642 643/643/643 610/610/610
f 610/610/610 643/643/643 611/611/611
f 643/643/643 644/644/644 611/611/611
f 611/611/611 644/644/644 612/612/612
f 644/644/644 645/645/645 612/612/612
f 612/612/612 645/645/645 613/613/613
f 645/645/645 646/646/646 613/613/613
f 613/613/613 646/646/646 614/614/614
f 646/646/646 647/647/647 614/614/614
f 614/614/614 647/647/647 615/615/615
f 647/647/647 648/648/648 615/615/615
f 615/615/615 648/648/648 616/616/616
f 648/648/648 649/649/649 616/616/616
f 616/616/616 649/649/649 617/617/617
f 649/649/649 650/650/650 617/617/617
f 617/617/617 650/650/650 618/618/618
f 650/650/650 651/651/651 618/618/618
f 618/618/618 651/651/651 619/619/619
f 651/651/651 652/652/652 619/619/619
f 619/619/619 652/652/652 620/620/620
f 652/652/652 653/653/653 620/620/620
f 620/620/620 653/653/653 621/621/621
f 653/653/653 654/654/654 621/621/621
f 621/621/621 654/654/654 622/622/622
f 654/654/654 655/655/655 622/622/622
f 622/622/622 655/655/655 623/623/623
f 655/655/655 656/656/656 623/623/623
f 623/623/623 656/656/656 624/624/624
f 656/656/656 657/657/657 624/624/624
f 624/624/624 657/657/657 625/625/625
f 657/657/657 658/658/658 625/625/625
f 625/625/625 658/658/658 626/626/626
f 658/658/658 659/659/659 626/626/626
f 626/626/626 659/659/659 627/627/627
f 659/659/659 660/660/660 627/627/627
f 628/628/628 661/661/661 629/629/629
f 661/661/661 662/662/662 629/629/629
f 629/629/629 662/662/662 630/630/630
f 662/662/662 663/663/663 630/630/630
f 630/630/630 663/663/663 631/631/631
f 663/663/663 664/664/664 631/631/631
f 631/631/631 664/664/664 632/632/632
f 664/664/664 665/665/665 632/632/632
f 632/632/632 665/665/665 633/633/633
f 665/665/665 666/666/666 633/633/633
f 633/633/633 666/666/666 634/634/634
f 666/666/666 667/667/667 634/634/634
f 634/634/634 667/667/667 635/635/635
f 667/667/667 668/668/668 635/635/635
f 635/635/635 668/668/668 636/636/636
f 668/668/668 669/669/669 636/636/636
f 636/636/636 669/669/669 637/637/637
f 669/669/669 670/670/670 637/637/637
f 637/637/637 670/670/670 638/638/638
f 670/670/670 671/671/671 638/638/638
f 638/638/638 671/671/671 639/639/639
f 671/671/671 672/672/672 639/639/639
f 639/639/639 672/672/672 640/640/640
f 672/672/672 673/673/673 640/640/640
f 640/640/640 673/673/673 641/641/641
f 673/673/673 674/674/674 641/641/641
f 641/641/641 674/674/674 642/642/642
f 674/674/674 675/675/675 642/642/642
f 642/642/642 675/675/675 643/643/643
f 675/675/675 676/676/676 643/643/643
f 643/643/643 676/676/676 644/644/644
f 676/676/676 677/677/677 644/644/644
f 644/644/644 677/677/677 645/645/645
f 677/677/677 678/678/678 645/645/645
f 645/645/645 678/678/678 646/646/646
f 678/678/678 679/679/679 646/646/646
f 646/646/646 679/679/679 647/647/647
f 679/679/679 680/680/680 647/647/647
f 647/647/647 680/680/680 648/648/648
f 680/680/680 681/681/681 648/648/648
f 648/648/648 681/681/681 649/649/649
f 681/681/681 682/682/682 649/649/649
f 649/649/649 682/682/682 650/650/650
f 682/682/682 683/683/683 650/650/650
f 650/650/650 683/683/683 651/651/651
f 683/683/683 684/684/684 651/651/651
f 651/651/651 684/684/684 652/652/652
f 684/684/684 685/685/685 652/652/652
f 652/652/652 685/685/685 653/653/653
f 685/685/685 686/686/686 653/653/653
f 653/653/653 686/686/686 654/654/654
f 686/686/686 687/687/687 654/654/654
f 654/654/654 687/687/687 655/655/655
f 687/687/687 688/688/688 655/655/655
f 655/655/655 688/688/688 656/656/656
f 688/688/688 689/689/689 656/656/656
f 656/656/656 689/689/689 657/657/657
f 689/689/689 690/690/690 657/657/657
f 657/657/657 690/690/690 658/658/658
f 690/690/690 691/691/691 658/658/658
f 658/658/658 691/691/691 659/659/659
f 691/691/691 692/692/692 659/659/659
f 659/659/659 692/692/692 660/660/660
f 692/692/692 693/693/693 660/660/660
f 661/661/661 694/694/694 662/662/662
f 694/694/694 695/695/695 662/662/662
f 662/662/662 695/695/695 663/663/663
f 695/695/695 696/696/696 663/663/663
f 663/663/663 696/696/696 664/664/664
f 696/696/696 697/697/697 664/664/664
f 664/664/664 697/697/697 665/665/665
f 697/697/697 698/698/698 665/665/665
f 665/665/665 698/698/698 666/666/666
f 698/698/698 699/699/699 666/666/666
f 666/666/666 699/699/699 667/667/667
f 699/699/699 700/700/700 667/667/667
f 667/667/667 700/700/700 668/668/668
f 700/700/700 701/701/701 668/668/668
f 668/668/668 701/701/701 669/669/669
f 701/701/701 702/702/702 669/669/669
f 669/669/669 702/702/702 670/670/670
f 702/702/702 703/703/703 670/670/670
f 670/670/670 703/703/703 671/671/671
f 703/703/703 704/704/704 671/671/671
f 671/671/671 704/704/704 672/672/672
f 704/704/704 705/705/705 672/672/672
f 672/672/672 705/705/705 673/673/673
f 705/705/705 706/706/706 673/673/673
f 673/673/673 706/706/706 674/674/674
f 706/706/706 707/707/707 674/674/674
f 674/674/674 707/707/707 675/675/675
f 707/707/707 708/708/708 675/675/675
f 675/675/675 708/708/708 676/676/676
f 708/708/708 709/709/709 676/676/676
f 676/676/676 709/709/709 677/677/677
f 709/709/709 710/710/710 677/677/677
f 677/677/677 710/710/710 678/678/678
f 710/710/710 711/711/711 678/678/678
f 678/678/678 711/711/711 679/679/679
f 711/711/711 712/712/712 679/679/679
f 679/679/679 712/712/712 680/680/680
f 712/712/712 713/713/713 680/680/680
f 680/680/680 713/713/713 681/681/681
f 713/713/713 714/714/714 681/681/681
f 681/681/681 714/714/714 682/682/682
f 714/714/714 715/715/715 682/682/682
f 682/682/682 715/715/715 683/683/683
f 715/715/715 716/716/716 683/683/683
f 683/683/683 716/716/716 684/684/684
f 716/716/716 717/717/717 684/684/684
f 684/684/684 717/717/717 685/685/685
f 717/717/717 718/718/718 685/685/685
f 685/685/685 718/718/718 686/686/686
f 718/718/718 719/719/719 686/686/686
f 686/686/686 719/719/719 687/687/687
f 719/719/719 720/720/720 687/687/687
f 687/687/687 720/720/720 688/688/688
f 720/720/720 721/721/721 688/688/688
f 688/688/688 721/721/721 689/689/689
f 721/721/721 722/722/722 689/689/689
f 689/689/689 722/722/722 690/690/690
f 722/722/722 723/723/723 690/690/690
f 690/690/690 723/723/723 691/691/691
f 723/723/723 724/724/724 691/691/691
f 691/691/691 724/724/724 692/692/692
f 724/724/724 725/725/725 692/692/692
f 692/692/692 725/725/725 693/693/693
f 725/725/725 726/726/726 693/693/693
f 694/694/694 727/727/727 695/695/695
f 727/727/727 728/728/728 695/695/695
f 695/695/695 728/728/728 696/696/696
f 728/728/728 729/729/729 696/696/696
f 696/696/696 729/729/729 697/697/697
f 729/729/729 730/730/730 697/697/697
f 697/697/697 730/730/730 698/698/698
f 730/730/730 731/731/731 698/698/698
f 698/698/698 731/731/731 699/699/699
f 731/731/731 732/732/732 699/699/699
f 699/699/699 732/732/732 700/700/700
f 732/732/732 733/733/733 700/700/700
f 700/700/700 733/733/733 701/701/701
f 733/733/733 734/734/734 701/701/701
f 701/701/701 734/734/734 702/702/702
f 734/734/734 735/735/735 702/702/702
f 702/702/702 735/735/735 703/703/703
f 735/735/735 736/736/736 703/703/703
f 703/703/703 736/736/736 704/704/704
f 736/736/736 737/737/737 704/704/704
f 704/704/704 737/737/737 705/705/705
f 737/737/737 738/738/738 705/705/705
f 705/705/705 738/738/738 706/706/706
f 738/738/738 739/739/739 706/706/706
f 706/706/706 739/739/739 707/707/707
f 739/739/739 740/740/740 707/707/707
f 707/707/707 740/740/740 708/708/708
f 740/740/740 741/741/741 708/708/708
f 708/708/708 741/741/741 709/709/709
f 741/741/741 742/742/742 709/709/709
f 709/709/709 742/742/742 710/710/710
f 742/742/742 743/743/743 710/710/710
f 710/710/710 743/743/743 711/711/711
f 743/743/743 744/744/744 711/711/711
f 711/711/711 744/744/744 712/712/712
f 744/744/744 745/745/745 712/712/712
f 712/712/712 745/745/745 713/713/713
f 745/745/745 746/746/746 713/713/713
f 713/713/713 746/746/746 714/714/714
f 746/746/746 747/747/747 714/714/714
f 714/714/714 747/747/747 715/715/715
f 747/747/747 748/748/748 715/715/715
f 715/715/715 748/748/748 716/716/716
f 748/748/748 749/749/749 716/716/716
f 716/716/716 749/749/749 717/717/717
f 749/749/749 750/750/750 717/717/717
f 717/717/717 750/750/750 718/718/718
f 750/750/750 751/751/751 718/718/718
f 718/718/718 751/751/751 719/719/719
f 751/751/751 752/752/752 719/719/719
f 719/719/719 752/752/752 720/720/720
f 752/752/752 753/753/753 720/720/720
f 720/720/720 753/753/753 721/721/721
f 753/753/753 754/754/754 721/721/721
f 721/721/721 754/754/754 722/722/722
f 754/754/754 755/755/755 722/722/722
f 722/722/722 755/755/755 723/723/723
f 755/755/755 756/756/756 723/723/723
f 723/723/723 756/756/756 724/724/724
f 756/756/756 757/757/757 724/724/724
f 724/724/724 757/757/757 725/725/725
f 757/757/757 758/758/758 725/725/725
f 725/725/725 758/758/758 726/726/726
f 758/758/758 759/759/759 726/726/726
f 727/727/727 760/760/760 728/728/728
f 760/760/760 761/761/761 728/728/728
f 728/728/728 761/761/761 729/729/729
f 761/761/761 762/762/762 729/729/729
f 729/729/729 762/762/762 730/730/730
f 762/762/762 763/763/763 730/730/730
f 730/730/730 763/763/763 731/731/731
f 763/763/763 764/764/764 731/731/731
f 731/731/731 764/764/764 732/732/732
f 764/764/764 765/765/765 732/732/732
f 732/732/732 765/765/765 733/733/733
f 765/765/765 766/766/766 733/733/733
f 733/733/733 766/766/766 734/734/734
f 766/766/766 767/767/767 734/734/734
f 734/734/734 767/767/767 735/735/735
f 767/767/767 768/768/768 735/735/735
f 735/735/735 768/768/768 736/736/736
f 768/768/768 769/769/769 736/736/736
f 736/736/736 769/769/769 737/737/737
f 769/769/769 770/770/770 737/737/737
f 737/737/737 770/770/770 738/738/738
f 770/770/770 771/771/771 738/738/738
f 738/738/738 771/771/771 739/739/739
f 771/771/771 772/772/772 739/739/739
f 739/739/739 772/772/772 740/740/740
f 772/772/772 773/773/773 740/740/740
f 740/740/740 773/773/773 741/741/741
f 773/773/773 774/774/774 741/741/741
f 741/741/741 774/774/774 742/742/742
f 774/774/774 775/775/775 742/742/742
f 742/742/742 775/775/775 743/743/743
f 775/775/775 776/776/776 743/743/743
f 743/743/743 776/776/776 744/744/744
f 776/776/776 777/777/777 744/744/744
f 744/744/744 777/777/777 745/745/745
f 777/777/777 778/778/778 745/745/745
f 745/745/745 778/778/778 746/746/746
f 778/778/778 779/779/779 746/746/746
f 746/746/746 779/779/779 747/747/747
f 779/779/779 780/780/780 747/747/747
f 747/747/747 780/780/780 748/748/748
f 780/780/780 781/781/781 748/748/748
f 748/748/748 781/781/781 749/749/749
f 781/781/781 782/782/782 749/749/749
f 749/749/749 782/782/782 750/750/750
f 782/782/782 783/783/783 750/750/750
f 750/750/750 783/783/783 751/751/751
f 783/783/783 784/784/784 751/751/751
f 751/751/751 784/784/784 752/752/752
f 784/784/784 785/785/785 752/752/752
f 752/752/752 785/785/785 753/753/753
f 785/785/785 786/786/786 753/753/753
f 753/753/753 786/786/786 754/754/754
f 786/786/786 787/787/787 754/754/754
f 754/754/754 787/787/787 755/755/755
f 787/787/787 788/788/788 755/755/755
f 755/755/755 788/788/788 756/756/756
f 788/788/788 789/789/789 756/756/756
f 756/756/756 789/789/789 757/757/757
f 789/789/789 790/790/790 757/757/757
f 757/757/757 790/790/790 758/758/758
f 790/790/790 791/791/791 758/758/758
f 758/758/758 791/791/791 759/759/759
f 791/791/791 792/792/792 759/759/759
f 760/760/760 793/793/793 761/761/761
f 793/793/793 794/794/794 761/761/761
f 761/761/761 794/794/794 762/762/762
f 794/794/794 795/795/795 762/762/762
f 762/762/762 795/795/795 763/763/763
f 795/795/795 796/796/796 763/763/763
f 763/763/763 796/796/796 764/764/764
f 796/796/796 797/797/797 764/764/764
f 764/764/764 797/797/797 765/765/765
f 797/797/797 798/798/798 765/765/765
f 765/765/765 798/798/798 766/766/766
f 798/798/798 799/799/799 766/766/766
f 766/766/766 799/799/799 767/767/767
f 799/799/799 800/800/800 767/767/767
f 767/767/767 800/800/800 768/768/768
f 800/800/800 801/801/801 768/768/768
f 768/768/768 801/801/801 769/769/769
f 801/801/801 802/802/802 769/769/769
f 769/769/769 802/802/802 770/770/770
f 802/802/802 803/803/803 770/770/770
f 770/770/770 803/803/803 771/771/771
f 803/803/803 804/804/804 771/771/771
f 771/771/771 804/804/804 772/772/772
f 804/804/804 805/805/805 772/772/772
f 772/772/772 805/805/805 773/773/773
f 805/805/805 806/806/806 773/773/773
f 773/773/773 806/806/806 774/774/774
f 806/806/806 807/807/807 774/774/774
f 774/774/774 807/807/807 775/775/775
f 807/807/807 808/808/808 775/775/775
f 775/775/775 808/808/808 776/776/776
f 808/808/808 809/809/809 776/776/776
f 776/776/776 809/809/809 777/777/777
f 809/809/809 810/810/810 777/777/777
f 777/777/777 810/810/810 778/778/778
f 810/810/810 811/811/811 778/778/778
f 778/778/778 811/811/811 779/779/779
f 811/811/811 812/812/812 779/779/779
f 779/779/779 812/812/812 780/780/780
f 812/812/812 813/813/813 780/780/780
f 780/780/780 813/813/813 781/781/781
f 813/813/813 814/814/814 781/781/781
f 781/781/781 814/814/814 782/782/782
f 814/814/814 815/815/815 782/782/782
f 782/782/782 815/815/815 783/783/783
f 815/815/815 816/816/816 783/783/783
f 783/783/783 816/816/816 784/784/784
f 816/816/816 817/817/817 784/784/784
f 784/784/784 817/817/817 785/785/785
f 817/817/817 818/818/818 785/785/785
f 785/785/785 818/818/818 786/786/786
f 818/818/818 819/819/819 786/786/786
f 786/786/786 819/819/819 787/787/787
f 819/819/819 820/820/820 787/787/787
f 787/787/787 820/820/820 788/788/788
f 820/820/820 821/821/821 788/788/788
f 788/788/788 821/821/821 789/789/789
f 821/821/821 822/822/822 789/789/789
f 789/789/789 822/822/822 790/790/790
f 822/822/822 823/823/823 790/790/790
f 790/790/790 823/823/823 791/791/791
f 823/823/823 824/824/824 791/791/791
f 791/791/791 824/824/824 792/792/792
f 824/824/824 825/825/825 792/792/792
