# Sleek Torus Ring
g torus
v 1.470000 0.000000 0.000000
v 1.465911 0.031058 0.000000
v 1.453923 0.060000 0.000000
v 1.434853 0.084853 0.000000
v 1.410000 0.103923 0.000000
v 1.381058 0.115911 0.000000
v 1.350000 0.120000 0.000000
v 1.318942 0.115911 0.000000
v 1.290000 0.103923 0.000000
v 1.265147 0.084853 0.000000
v 1.246077 0.060000 0.000000
v 1.234089 0.031058 0.000000
v 1.230000 0.000000 0.000000
v 1.234089 -0.031058 0.000000
v 1.246077 -0.060000 0.000000
v 1.265147 -0.084853 0.000000
v 1.290000 -0.103923 0.000000
v 1.318942 -0.115911 0.000000
v 1.350000 -0.120000 0.000000
v 1.381058 -0.115911 0.000000
v 1.410000 -0.103923 0.000000
v 1.434853 -0.084853 0.000000
v 1.453923 -0.060000 0.000000
v 1.465911 -0.031058 0.000000
v 1.470000 -0.000000 0.000000
v 1.457424 0.000000 0.191874
v 1.453370 0.031058 0.191340
v 1.441485 0.060000 0.189775
v 1.422577 0.084853 0.187286
v 1.397937 0.103923 0.184042
v 1.369243 0.115911 0.180264
v 1.338451 0.120000 0.176210
v 1.307658 0.115911 0.172156
v 1.278964 0.103923 0.168379
v 1.254324 0.084853 0.165135
v 1.235417 0.060000 0.162646
v 1.223531 0.031058 0.161081
v 1.219477 0.000000 0.160547
v 1.223531 -0.031058 0.161081
v 1.235417 -0.060000 0.162646
v 1.254324 -0.084853 0.165135
v 1.278964 -0.103923 0.168379
v 1.307658 -0.115911 0.172156
v 1.338451 -0.120000 0.176210
v 1.369243 -0.115911 0.180264
v 1.397937 -0.103923 0.184042
v 1.422577 -0.084853 0.187286
v 1.441485 -0.060000 0.189775
v 1.453370 -0.031058 0.191340
v 1.457424 -0.000000 0.191874
v 1.419911 0.000000 0.380464
v 1.415961 0.031058 0.379406
v 1.404382 0.060000 0.376303
v 1.385961 0.084853 0.371367
v 1.361955 0.103923 0.364935
v 1.334000 0.115911 0.357444
v 1.304000 0.120000 0.349406
v 1.274000 0.115911 0.341367
v 1.246044 0.103923 0.333877
v 1.222038 0.084853 0.327444
v 1.203618 0.060000 0.322508
v 1.192038 0.031058 0.319406
v 1.188089 0.000000 0.318347
v 1.192038 -0.031058 0.319406
v 1.203618 -0.060000 0.322508
v 1.222038 -0.084853 0.327444
v 1.246044 -0.103923 0.333877
v 1.274000 -0.115911 0.341367
v 1.304000 -0.120000 0.349406
v 1.334000 -0.115911 0.357444
v 1.361955 -0.103923 0.364935
v 1.385961 -0.084853 0.371367
v 1.404382 -0.060000 0.376303
v 1.415961 -0.031058 0.379406
v 1.419911 -0.000000 0.380464
v 1.358103 0.000000 0.562545
v 1.354325 0.031058 0.560980
v 1.343250 0.060000 0.556392
v 1.325631 0.084853 0.549094
v 1.302670 0.103923 0.539584
v 1.275931 0.115911 0.528508
v 1.247237 0.120000 0.516623
v 1.218543 0.115911 0.504737
v 1.191805 0.103923 0.493662
v 1.168844 0.084853 0.484151
v 1.151225 0.060000 0.476853
v 1.140149 0.031058 0.472265
v 1.136372 0.000000 0.470701
v 1.140149 -0.031058 0.472265
v 1.151225 -0.060000 0.476853
v 1.168844 -0.084853 0.484151
v 1.191805 -0.103923 0.493662
v 1.218543 -0.115911 0.504737
v 1.247237 -0.120000 0.516623
v 1.275931 -0.115911 0.528508
v 1.302670 -0.103923 0.539584
v 1.325631 -0.084853 0.549094
v 1.343250 -0.060000 0.556392
v 1.354325 -0.031058 0.560980
v 1.358103 -0.000000 0.562545
v 1.273057 0.000000 0.735000
v 1.269516 0.031058 0.732956
v 1.259134 0.060000 0.726962
v 1.242619 0.084853 0.717426
v 1.221096 0.103923 0.705000
v 1.196032 0.115911 0.690529
v 1.169134 0.120000 0.675000
v 1.142237 0.115911 0.659471
v 1.117173 0.103923 0.645000
v 1.095650 0.084853 0.632574
v 1.079134 0.060000 0.623038
v 1.068752 0.031058 0.617044
v 1.065211 0.000000 0.615000
v 1.068752 -0.031058 0.617044
v 1.079134 -0.060000 0.623038
v 1.095650 -0.084853 0.632574
v 1.117173 -0.103923 0.645000
v 1.142237 -0.115911 0.659471
v 1.169134 -0.120000 0.675000
v 1.196032 -0.115911 0.690529
v 1.221096 -0.103923 0.705000
v 1.242619 -0.084853 0.717426
v 1.259134 -0.060000 0.726962
v 1.269516 -0.031058 0.732956
v 1.273057 -0.000000 0.735000
v 1.166229 0.000000 0.894879
v 1.162985 0.031058 0.892390
v 1.153475 0.060000 0.885092
v 1.138345 0.084853 0.873483
v 1.118628 0.103923 0.858354
v 1.095667 0.115911 0.840735
v 1.071027 0.120000 0.821828
v 1.046387 0.115911 0.802921
v 1.023426 0.103923 0.785302
v 1.003709 0.084853 0.770173
v 0.988579 0.060000 0.758564
v 0.979069 0.031058 0.751266
v 0.975825 0.000000 0.748777
v 0.979069 -0.031058 0.751266
v 0.988579 -0.060000 0.758564
v 1.003709 -0.084853 0.770173
v 1.023426 -0.103923 0.785302
v 1.046387 -0.115911 0.802921
v 1.071027 -0.120000 0.821828
v 1.095667 -0.115911 0.840735
v 1.118628 -0.103923 0.858354
v 1.138345 -0.084853 0.873483
v 1.153475 -0.060000 0.885092
v 1.162985 -0.031058 0.892390
v 1.166229 -0.000000 0.894879
v 1.039447 0.000000 1.039447
v 1.036556 0.031058 1.036556
v 1.028079 0.060000 1.028079
v 1.014594 0.084853 1.014594
v 0.997021 0.103923 0.997021
v 0.976556 0.115911 0.976556
v 0.954594 0.120000 0.954594
v 0.932633 0.115911 0.932633
v 0.912168 0.103923 0.912168
v 0.894594 0.084853 0.894594
v 0.881109 0.060000 0.881109
v 0.872633 0.031058 0.872633
v 0.869741 0.000000 0.869741
v 0.872633 -0.031058 0.872633
v 0.881109 -0.060000 0.881109
v 0.894594 -0.084853 0.894594
v 0.912168 -0.103923 0.912168
v 0.932633 -0.115911 0.932633
v 0.954594 -0.120000 0.954594
v 0.976556 -0.115911 0.976556
v 0.997021 -0.103923 0.997021
v 1.014594 -0.084853 1.014594
v 1.028079 -0.060000 1.028079
v 1.036556 -0.031058 1.036556
v 1.039447 -0.000000 1.039447
v 0.894879 0.000000 1.166229
v 0.892390 0.031058 1.162985
v 0.885092 0.060000 1.153475
v 0.873483 0.084853 1.138345
v 0.858354 0.103923 1.118628
v 0.840735 0.115911 1.095667
v 0.821828 0.120000 1.071027
v 0.802921 0.115911 1.046387
v 0.785302 0.103923 1.023426
v 0.770173 0.084853 1.003709
v 0.758564 0.060000 0.988579
v 0.751266 0.031058 0.979069
v 0.748777 0.000000 0.975825
v 0.751266 -0.031058 0.979069
v 0.758564 -0.060000 0.988579
v 0.770173 -0.084853 1.003709
v 0.785302 -0.103923 1.023426
v 0.802921 -0.115911 1.046387
v 0.821828 -0.120000 1.071027
v 0.840735 -0.115911 1.095667
v 0.858354 -0.103923 1.118628
v 0.873483 -0.084853 1.138345
v 0.885092 -0.060000 1.153475
v 0.892390 -0.031058 1.162985
v 0.894879 -0.000000 1.166229
v 0.735000 0.000000 1.273057
v 0.732956 0.031058 1.269516
v 0.726962 0.060000 1.259134
v 0.717426 0.084853 1.242619
v 0.705000 0.103923 1.221096
v 0.690529 0.115911 1.196032
v 0.675000 0.120000 1.169134
v 0.659471 0.115911 1.142237
v 0.645000 0.103923 1.117173
v 0.632574 0.084853 1.095650
v 0.623038 0.060000 1.079134
v 0.617044 0.031058 1.068752
v 0.615000 0.000000 1.065211
v 0.617044 -0.031058 1.068752
v 0.623038 -0.060000 1.079134
v 0.632574 -0.084853 1.095650
v 0.645000 -0.103923 1.117173
v 0.659471 -0.115911 1.142237
v 0.675000 -0.120000 1.169134
v 0.690529 -0.115911 1.196032
v 0.705000 -0.103923 1.221096
v 0.717426 -0.084853 1.242619
v 0.726962 -0.060000 1.259134
v 0.732956 -0.031058 1.269516
v 0.735000 -0.000000 1.273057
v 0.562545 0.000000 1.358103
v 0.560980 0.031058 1.354325
v 0.556392 0.060000 1.343250
v 0.549094 0.084853 1.325631
v 0.539584 0.103923 1.302670
v 0.528508 0.115911 1.275931
v 0.516623 0.120000 1.247237
v 0.504737 0.115911 1.218543
v 0.493662 0.103923 1.191805
v 0.484151 0.084853 1.168844
v 0.476853 0.060000 1.151225
v 0.472265 0.031058 1.140149
v 0.470701 0.000000 1.136372
v 0.472265 -0.031058 1.140149
v 0.476853 -0.060000 1.151225
v 0.484151 -0.084853 1.168844
v 0.493662 -0.103923 1.191805
v 0.504737 -0.115911 1.218543
v 0.516623 -0.120000 1.247237
v 0.528508 -0.115911 1.275931
v 0.539584 -0.103923 1.302670
v 0.549094 -0.084853 1.325631
v 0.556392 -0.060000 1.343250
v 0.560980 -0.031058 1.354325
v 0.562545 -0.000000 1.358103
v 0.380464 0.000000 1.419911
v 0.379406 0.031058 1.415961
v 0.376303 0.060000 1.404382
v 0.371367 0.084853 1.385961
v 0.364935 0.103923 1.361955
v 0.357444 0.115911 1.334000
v 0.349406 0.120000 1.304000
v 0.341367 0.115911 1.274000
v 0.333877 0.103923 1.246044
v 0.327444 0.084853 1.222038
v 0.322508 0.060000 1.203618
v 0.319406 0.031058 1.192038
v 0.318347 0.000000 1.188089
v 0.319406 -0.031058 1.192038
v 0.322508 -0.060000 1.203618
v 0.327444 -0.084853 1.222038
v 0.333877 -0.103923 1.246044
v 0.341367 -0.115911 1.274000
v 0.349406 -0.120000 1.304000
v 0.357444 -0.115911 1.334000
v 0.364935 -0.103923 1.361955
v 0.371367 -0.084853 1.385961
v 0.376303 -0.060000 1.404382
v 0.379406 -0.031058 1.415961
v 0.380464 -0.000000 1.419911
v 0.191874 0.000000 1.457424
v 0.191340 0.031058 1.453370
v 0.189775 0.060000 1.441485
v 0.187286 0.084853 1.422577
v 0.184042 0.103923 1.397937
v 0.180264 0.115911 1.369243
v 0.176210 0.120000 1.338451
v 0.172156 0.115911 1.307658
v 0.168379 0.103923 1.278964
v 0.165135 0.084853 1.254324
v 0.162646 0.060000 1.235417
v 0.161081 0.031058 1.223531
v 0.160547 0.000000 1.219477
v 0.161081 -0.031058 1.223531
v 0.162646 -0.060000 1.235417
v 0.165135 -0.084853 1.254324
v 0.168379 -0.103923 1.278964
v 0.172156 -0.115911 1.307658
v 0.176210 -0.120000 1.338451
v 0.180264 -0.115911 1.369243
v 0.184042 -0.103923 1.397937
v 0.187286 -0.084853 1.422577
v 0.189775 -0.060000 1.441485
v 0.191340 -0.031058 1.453370
v 0.191874 -0.000000 1.457424
v 0.000000 0.000000 1.470000
v 0.000000 0.031058 1.465911
v 0.000000 0.060000 1.453923
v 0.000000 0.084853 1.434853
v 0.000000 0.103923 1.410000
v 0.000000 0.115911 1.381058
v 0.000000 0.120000 1.350000
v 0.000000 0.115911 1.318942
v 0.000000 0.103923 1.290000
v 0.000000 0.084853 1.265147
v 0.000000 0.060000 1.246077
v 0.000000 0.031058 1.234089
v 0.000000 0.000000 1.230000
v 0.000000 -0.031058 1.234089
v 0.000000 -0.060000 1.246077
v 0.000000 -0.084853 1.265147
v 0.000000 -0.103923 1.290000
v 0.000000 -0.115911 1.318942
v 0.000000 -0.120000 1.350000
v 0.000000 -0.115911 1.381058
v 0.000000 -0.103923 1.410000
v 0.000000 -0.084853 1.434853
v 0.000000 -0.060000 1.453923
v 0.000000 -0.031058 1.465911
v 0.000000 -0.000000 1.470000
v -0.191874 0.000000 1.457424
v -0.191340 0.031058 1.453370
v -0.189775 0.060000 1.441485
v -0.187286 0.084853 1.422577
v -0.184042 0.103923 1.397937
v -0.180264 0.115911 1.369243
v -0.176210 0.120000 1.338451
v -0.172156 0.115911 1.307658
v -0.168379 0.103923 1.278964
v -0.165135 0.084853 1.254324
v -0.162646 0.060000 1.235417
v -0.161081 0.031058 1.223531
v -0.160547 0.000000 1.219477
v -0.161081 -0.031058 1.223531
v -0.162646 -0.060000 1.235417
v -0.165135 -0.084853 1.254324
v -0.168379 -0.103923 1.278964
v -0.172156 -0.115911 1.307658
v -0.176210 -0.120000 1.338451
v -0.180264 -0.115911 1.369243
v -0.184042 -0.103923 1.397937
v -0.187286 -0.084853 1.422577
v -0.189775 -0.060000 1.441485
v -0.191340 -0.031058 1.453370
v -0.191874 -0.000000 1.457424
v -0.380464 0.000000 1.419911
v -0.379406 0.031058 1.415961
v -0.376303 0.060000 1.404382
v -0.371367 0.084853 1.385961
v -0.364935 0.103923 1.361955
v -0.357444 0.115911 1.334000
v -0.349406 0.120000 1.304000
v -0.341367 0.115911 1.274000
v -0.333877 0.103923 1.246044
v -0.327444 0.084853 1.222038
v -0.322508 0.060000 1.203618
v -0.319406 0.031058 1.192038
v -0.318347 0.000000 1.188089
v -0.319406 -0.031058 1.192038
v -0.322508 -0.060000 1.203618
v -0.327444 -0.084853 1.222038
v -0.333877 -0.103923 1.246044
v -0.341367 -0.115911 1.274000
v -0.349406 -0.120000 1.304000
v -0.357444 -0.115911 1.334000
v -0.364935 -0.103923 1.361955
v -0.371367 -0.084853 1.385961
v -0.376303 -0.060000 1.404382
v -0.379406 -0.031058 1.415961
v -0.380464 -0.000000 1.419911
v -0.562545 0.000000 1.358103
v -0.560980 0.031058 1.354325
v -0.556392 0.060000 1.343250
v -0.549094 0.084853 1.325631
v -0.539584 0.103923 1.302670
v -0.528508 0.115911 1.275931
v -0.516623 0.120000 1.247237
v -0.504737 0.115911 1.218543
v -0.493662 0.103923 1.191805
v -0.484151 0.084853 1.168844
v -0.476853 0.060000 1.151225
v -0.472265 0.031058 1.140149
v -0.470701 0.000000 1.136372
v -0.472265 -0.031058 1.140149
v -0.476853 -0.060000 1.151225
v -0.484151 -0.084853 1.168844
v -0.493662 -0.103923 1.191805
v -0.504737 -0.115911 1.218543
v -0.516623 -0.120000 1.247237
v -0.528508 -0.115911 1.275931
v -0.539584 -0.103923 1.302670
v -0.549094 -0.084853 1.325631
v -0.556392 -0.060000 1.343250
v -0.560980 -0.031058 1.354325
v -0.562545 -0.000000 1.358103
v -0.735000 0.000000 1.273057
v -0.732956 0.031058 1.269516
v -0.726962 0.060000 1.259134
v -0.717426 0.084853 1.242619
v -0.705000 0.103923 1.221096
v -0.690529 0.115911 1.196032
v -0.675000 0.120000 1.169134
v -0.659471 0.115911 1.142237
v -0.645000 0.103923 1.117173
v -0.632574 0.084853 1.095650
v -0.623038 0.060000 1.079134
v -0.617044 0.031058 1.068752
v -0.615000 0.000000 1.065211
v -0.617044 -0.031058 1.068752
v -0.623038 -0.060000 1.079134
v -0.632574 -0.084853 1.095650
v -0.645000 -0.103923 1.117173
v -0.659471 -0.115911 1.142237
v -0.675000 -0.120000 1.169134
v -0.690529 -0.115911 1.196032
v -0.705000 -0.103923 1.221096
v -0.717426 -0.084853 1.242619
v -0.726962 -0.060000 1.259134
v -0.732956 -0.031058 1.269516
v -0.735000 -0.000000 1.273057
v -0.894879 0.000000 1.166229
v -0.892390 0.031058 1.162985
v -0.885092 0.060000 1.153475
v -0.873483 0.084853 1.138345
v -0.858354 0.103923 1.118628
v -0.840735 0.115911 1.095667
v -0.821828 0.120000 1.071027
v -0.802921 0.115911 1.046387
v -0.785302 0.103923 1.023426
v -0.770173 0.084853 1.003709
v -0.758564 0.060000 0.988579
v -0.751266 0.031058 0.979069
v -0.748777 0.000000 0.975825
v -0.751266 -0.031058 0.979069
v -0.758564 -0.060000 0.988579
v -0.770173 -0.084853 1.003709
v -0.785302 -0.103923 1.023426
v -0.802921 -0.115911 1.046387
v -0.821828 -0.120000 1.071027
v -0.840735 -0.115911 1.095667
v -0.858354 -0.103923 1.118628
v -0.873483 -0.084853 1.138345
v -0.885092 -0.060000 1.153475
v -0.892390 -0.031058 1.162985
v -0.894879 -0.000000 1.166229
v -1.039447 0.000000 1.039447
v -1.036556 0.031058 1.036556
v -1.028079 0.060000 1.028079
v -1.014594 0.084853 1.014594
v -0.997021 0.103923 0.997021
v -0.976556 0.115911 0.976556
v -0.954594 0.120000 0.954594
v -0.932633 0.115911 0.932633
v -0.912168 0.103923 0.912168
v -0.894594 0.084853 0.894594
v -0.881109 0.060000 0.881109
v -0.872633 0.031058 0.872633
v -0.869741 0.000000 0.869741
v -0.872633 -0.031058 0.872633
v -0.881109 -0.060000 0.881109
v -0.894594 -0.084853 0.894594
v -0.912168 -0.103923 0.912168
v -0.932633 -0.115911 0.932633
v -0.954594 -0.120000 0.954594
v -0.976556 -0.115911 0.976556
v -0.997021 -0.103923 0.997021
v -1.014594 -0.084853 1.014594
v -1.028079 -0.060000 1.028079
v -1.036556 -0.031058 1.036556
v -1.039447 -0.000000 1.039447
v -1.166229 0.000000 0.894879
v -1.162985 0.031058 0.892390
v -1.153475 0.060000 0.885092
v -1.138345 0.084853 0.873483
v -1.118628 0.103923 0.858354
v -1.095667 0.115911 0.840735
v -1.071027 0.120000 0.821828
v -1.046387 0.115911 0.802921
v -1.023426 0.103923 0.785302
v -1.003709 0.084853 0.770173
v -0.988579 0.060000 0.758564
v -0.979069 0.031058 0.751266
v -0.975825 0.000000 0.748777
v -0.979069 -0.031058 0.751266
v -0.988579 -0.060000 0.758564
v -1.003709 -0.084853 0.770173
v -1.023426 -0.103923 0.785302
v -1.046387 -0.115911 0.802921
v -1.071027 -0.120000 0.821828
v -1.095667 -0.115911 0.840735
v -1.118628 -0.103923 0.858354
v -1.138345 -0.084853 0.873483
v -1.153475 -0.060000 0.885092
v -1.162985 -0.031058 0.892390
v -1.166229 -0.000000 0.894879
v -1.273057 0.000000 0.735000
v -1.269516 0.031058 0.732956
v -1.259134 0.060000 0.726962
v -1.242619 0.084853 0.717426
v -1.221096 0.103923 0.705000
v -1.196032 0.115911 0.690529
v -1.169134 0.120000 0.675000
v -1.142237 0.115911 0.659471
v -1.117173 0.103923 0.645000
v -1.095650 0.084853 0.632574
v -1.079134 0.060000 0.623038
v -1.068752 0.031058 0.617044
v -1.065211 0.000000 0.615000
v -1.068752 -0.031058 0.617044
v -1.079134 -0.060000 0.623038
v -1.095650 -0.084853 0.632574
v -1.117173 -0.103923 0.645000
v -1.142237 -0.115911 0.659471
v -1.169134 -0.120000 0.675000
v -1.196032 -0.115911 0.690529
v -1.221096 -0.103923 0.705000
v -1.242619 -0.084853 0.717426
v -1.259134 -0.060000 0.726962
v -1.269516 -0.031058 0.732956
v -1.273057 -0.000000 0.735000
v -1.358103 0.000000 0.562545
v -1.354325 0.031058 0.560980
v -1.343250 0.060000 0.556392
v -1.325631 0.084853 0.549094
v -1.302670 0.103923 0.539584
v -1.275931 0.115911 0.528508
v -1.247237 0.120000 0.516623
v -1.218543 0.115911 0.504737
v -1.191805 0.103923 0.493662
v -1.168844 0.084853 0.484151
v -1.151225 0.060000 0.476853
v -1.140149 0.031058 0.472265
v -1.136372 0.000000 0.470701
v -1.140149 -0.031058 0.472265
v -1.151225 -0.060000 0.476853
v -1.168844 -0.084853 0.484151
v -1.191805 -0.103923 0.493662
v -1.218543 -0.115911 0.504737
v -1.247237 -0.120000 0.516623
v -1.275931 -0.115911 0.528508
v -1.302670 -0.103923 0.539584
v -1.325631 -0.084853 0.549094
v -1.343250 -0.060000 0.556392
v -1.354325 -0.031058 0.560980
v -1.358103 -0.000000 0.562545
v -1.419911 0.000000 0.380464
v -1.415961 0.031058 0.379406
v -1.404382 0.060000 0.376303
v -1.385961 0.084853 0.371367
v -1.361955 0.103923 0.364935
v -1.334000 0.115911 0.357444
v -1.304000 0.120000 0.349406
v -1.274000 0.115911 0.341367
v -1.246044 0.103923 0.333877
v -1.222038 0.084853 0.327444
v -1.203618 0.060000 0.322508
v -1.192038 0.031058 0.319406
v -1.188089 0.000000 0.318347
v -1.192038 -0.031058 0.319406
v -1.203618 -0.060000 0.322508
v -1.222038 -0.084853 0.327444
v -1.246044 -0.103923 0.333877
v -1.274000 -0.115911 0.341367
v -1.304000 -0.120000 0.349406
v -1.334000 -0.115911 0.357444
v -1.361955 -0.103923 0.364935
v -1.385961 -0.084853 0.371367
v -1.404382 -0.060000 0.376303
v -1.415961 -0.031058 0.379406
v -1.419911 -0.000000 0.380464
v -1.457424 0.000000 0.191874
v -1.453370 0.031058 0.191340
v -1.441485 0.060000 0.189775
v -1.422577 0.084853 0.187286
v -1.397937 0.103923 0.184042
v -1.369243 0.115911 0.180264
v -1.338451 0.120000 0.176210
v -1.307658 0.115911 0.172156
v -1.278964 0.103923 0.168379
v -1.254324 0.084853 0.165135
v -1.235417 0.060000 0.162646
v -1.223531 0.031058 0.161081
v -1.219477 0.000000 0.160547
v -1.223531 -0.031058 0.161081
v -1.235417 -0.060000 0.162646
v -1.254324 -0.084853 0.165135
v -1.278964 -0.103923 0.168379
v -1.307658 -0.115911 0.172156
v -1.338451 -0.120000 0.176210
v -1.369243 -0.115911 0.180264
v -1.397937 -0.103923 0.184042
v -1.422577 -0.084853 0.187286
v -1.441485 -0.060000 0.189775
v -1.453370 -0.031058 0.191340
v -1.457424 -0.000000 0.191874
v -1.470000 0.000000 0.000000
v -1.465911 0.031058 0.000000
v -1.453923 0.060000 0.000000
v -1.434853 0.084853 0.000000
v -1.410000 0.103923 0.000000
v -1.381058 0.115911 0.000000
v -1.350000 0.120000 0.000000
v -1.318942 0.115911 0.000000
v -1.290000 0.103923 0.000000
v -1.265147 0.084853 0.000000
v -1.246077 0.060000 0.000000
v -1.234089 0.031058 0.000000
v -1.230000 0.000000 0.000000
v -1.234089 -0.031058 0.000000
v -1.246077 -0.060000 0.000000
v -1.265147 -0.084853 0.000000
v -1.290000 -0.103923 0.000000
v -1.318942 -0.115911 0.000000
v -1.350000 -0.120000 0.000000
v -1.381058 -0.115911 0.000000
v -1.410000 -0.103923 0.000000
v -1.434853 -0.084853 0.000000
v -1.453923 -0.060000 0.000000
v -1.465911 -0.031058 0.000000
v -1.470000 -0.000000 0.000000
v -1.457424 0.000000 -0.191874
v -1.453370 0.031058 -0.191340
v -1.441485 0.060000 -0.189775
v -1.422577 0.084853 -0.187286
v -1.397937 0.103923 -0.184042
v -1.369243 0.115911 -0.180264
v -1.338451 0.120000 -0.176210
v -1.307658 0.115911 -0.172156
v -1.278964 0.103923 -0.168379
v -1.254324 0.084853 -0.165135
v -1.235417 0.060000 -0.162646
v -1.223531 0.031058 -0.161081
v -1.219477 0.000000 -0.160547
v -1.223531 -0.031058 -0.161081
v -1.235417 -0.060000 -0.162646
v -1.254324 -0.084853 -0.165135
v -1.278964 -0.103923 -0.168379
v -1.307658 -0.115911 -0.172156
v -1.338451 -0.120000 -0.176210
v -1.369243 -0.115911 -0.180264
v -1.397937 -0.103923 -0.184042
v -1.422577 -0.084853 -0.187286
v -1.441485 -0.060000 -0.189775
v -1.453370 -0.031058 -0.191340
v -1.457424 -0.000000 -0.191874
v -1.419911 0.000000 -0.380464
v -1.415961 0.031058 -0.379406
v -1.404382 0.060000 -0.376303
v -1.385961 0.084853 -0.371367
v -1.361955 0.103923 -0.364935
v -1.334000 0.115911 -0.357444
v -1.304000 0.120000 -0.349406
v -1.274000 0.115911 -0.341367
v -1.246044 0.103923 -0.333877
v -1.222038 0.084853 -0.327444
v -1.203618 0.060000 -0.322508
v -1.192038 0.031058 -0.319406
v -1.188089 0.000000 -0.318347
v -1.192038 -0.031058 -0.319406
v -1.203618 -0.060000 -0.322508
v -1.222038 -0.084853 -0.327444
v -1.246044 -0.103923 -0.333877
v -1.274000 -0.115911 -0.341367
v -1.304000 -0.120000 -0.349406
v -1.334000 -0.115911 -0.357444
v -1.361955 -0.103923 -0.364935
v -1.385961 -0.084853 -0.371367
v -1.404382 -0.060000 -0.376303
v -1.415961 -0.031058 -0.379406
v -1.419911 -0.000000 -0.380464
v -1.358103 0.000000 -0.562545
v -1.354325 0.031058 -0.560980
v -1.343250 0.060000 -0.556392
v -1.325631 0.084853 -0.549094
v -1.302670 0.103923 -0.539584
v -1.275931 0.115911 -0.528508
v -1.247237 0.120000 -0.516623
v -1.218543 0.115911 -0.504737
v -1.191805 0.103923 -0.493662
v -1.168844 0.084853 -0.484151
v -1.151225 0.060000 -0.476853
v -1.140149 0.031058 -0.472265
v -1.136372 0.000000 -0.470701
v -1.140149 -0.031058 -0.472265
v -1.151225 -0.060000 -0.476853
v -1.168844 -0.084853 -0.484151
v -1.191805 -0.103923 -0.493662
v -1.218543 -0.115911 -0.504737
v -1.247237 -0.120000 -0.516623
v -1.275931 -0.115911 -0.528508
v -1.302670 -0.103923 -0.539584
v -1.325631 -0.084853 -0.549094
v -1.343250 -0.060000 -0.556392
v -1.354325 -0.031058 -0.560980
v -1.358103 -0.000000 -0.562545
v -1.273057 0.000000 -0.735000
v -1.269516 0.031058 -0.732956
v -1.259134 0.060000 -0.726962
v -1.242619 0.084853 -0.717426
v -1.221096 0.103923 -0.705000
v -1.196032 0.115911 -0.690529
v -1.169134 0.120000 -0.675000
v -1.142237 0.115911 -0.659471
v -1.117173 0.103923 -0.645000
v -1.095650 0.084853 -0.632574
v -1.079134 0.060000 -0.623038
v -1.068752 0.031058 -0.617044
v -1.065211 0.000000 -0.615000
v -1.068752 -0.031058 -0.617044
v -1.079134 -0.060000 -0.623038
v -1.095650 -0.084853 -0.632574
v -1.117173 -0.103923 -0.645000
v -1.142237 -0.115911 -0.659471
v -1.169134 -0.120000 -0.675000
v -1.196032 -0.115911 -0.690529
v -1.221096 -0.103923 -0.705000
v -1.242619 -0.084853 -0.717426
v -1.259134 -0.060000 -0.726962
v -1.269516 -0.031058 -0.732956
v -1.273057 -0.000000 -0.735000
v -1.166229 0.000000 -0.894879
v -1.162985 0.031058 -0.892390
v -1.153475 0.060000 -0.885092
v -1.138345 0.084853 -0.873483
v -1.118628 0.103923 -0.858354
v -1.095667 0.115911 -0.840735
v -1.071027 0.120000 -0.821828
v -1.046387 0.115911 -0.802921
v -1.023426 0.103923 -0.785302
v -1.003709 0.084853 -0.770173
v -0.988579 0.060000 -0.758564
v -0.979069 0.031058 -0.751266
v -0.975825 0.000000 -0.748777
v -0.979069 -0.031058 -0.751266
v -0.988579 -0.060000 -0.758564
v -1.003709 -0.084853 -0.770173
v -1.023426 -0.103923 -0.785302
v -1.046387 -0.115911 -0.802921
v -1.071027 -0.120000 -0.821828
v -1.095667 -0.115911 -0.840735
v -1.118628 -0.103923 -0.858354
v -1.138345 -0.084853 -0.873483
v -1.153475 -0.060000 -0.885092
v -1.162985 -0.031058 -0.892390
v -1.166229 -0.000000 -0.894879
v -1.039447 0.000000 -1.039447
v -1.036556 0.031058 -1.036556
v -1.028079 0.060000 -1.028079
v -1.014594 0.084853 -1.014594
v -0.997021 0.103923 -0.997021
v -0.976556 0.115911 -0.976556
v -0.954594 0.120000 -0.954594
v -0.932633 0.115911 -0.932633
v -0.912168 0.103923 -0.912168
v -0.894594 0.084853 -0.894594
v -0.881109 0.060000 -0.881109
v -0.872633 0.031058 -0.872633
v -0.869741 0.000000 -0.869741
v -0.872633 -0.031058 -0.872633
v -0.881109 -0.060000 -0.881109
v -0.894594 -0.084853 -0.894594
v -0.912168 -0.103923 -0.912168
v -0.932633 -0.115911 -0.932633
v -0.954594 -0.120000 -0.954594
v -0.976556 -0.115911 -0.976556
v -0.997021 -0.103923 -0.997021
v -1.014594 -0.084853 -1.014594
v -1.028079 -0.060000 -1.028079
v -1.036556 -0.031058 -1.036556
v -1.039447 -0.000000 -1.039447
v -0.894879 0.000000 -1.166229
v -0.892390 0.031058 -1.162985
v -0.885092 0.060000 -1.153475
v -0.873483 0.084853 -1.138345
v -0.858354 0.103923 -1.118628
v -0.840735 0.115911 -1.095667
v -0.821828 0.120000 -1.071027
v -0.802921 0.115911 -1.046387
v -0.785302 0.103923 -1.023426
v -0.770173 0.084853 -1.003709
v -0.758564 0.060000 -0.988579
v -0.751266 0.031058 -0.979069
v -0.748777 0.000000 -0.975825
v -0.751266 -0.031058 -0.979069
v -0.758564 -0.060000 -0.988579
v -0.770173 -0.084853 -1.003709
v -0.785302 -0.103923 -1.023426
v -0.802921 -0.115911 -1.046387
v -0.821828 -0.120000 -1.071027
v -0.840735 -0.115911 -1.095667
v -0.858354 -0.103923 -1.118628
v -0.873483 -0.084853 -1.138345
v -0.885092 -0.060000 -1.153475
v -0.892390 -0.031058 -1.162985
v -0.894879 -0.000000 -1.166229
v -0.735000 0.000000 -1.273057
v -0.732956 0.031058 -1.269516
v -0.726962 0.060000 -1.259134
v -0.717426 0.084853 -1.242619
v -0.705000 0.103923 -1.221096
v -0.690529 0.115911 -1.196032
v -0.675000 0.120000 -1.169134
v -0.659471 0.115911 -1.142237
v -0.645000 0.103923 -1.117173
v -0.632574 0.084853 -1.095650
v -0.623038 0.060000 -1.079134
v -0.617044 0.031058 -1.068752
v -0.615000 0.000000 -1.065211
v -0.617044 -0.031058 -1.068752
v -0.623038 -0.060000 -1.079134
v -0.632574 -0.084853 -1.095650
v -0.645000 -0.103923 -1.117173
v -0.659471 -0.115911 -1.142237
v -0.675000 -0.120000 -1.169134
v -0.690529 -0.115911 -1.196032
v -0.705000 -0.103923 -1.221096
v -0.717426 -0.084853 -1.242619
v -0.726962 -0.060000 -1.259134
v -0.732956 -0.031058 -1.269516
v -0.735000 -0.000000 -1.273057
v -0.562545 0.000000 -1.358103
v -0.560980 0.031058 -1.354325
v -0.556392 0.060000 -1.343250
v -0.549094 0.084853 -1.325631
v -0.539584 0.103923 -1.302670
v -0.528508 0.115911 -1.275931
v -0.516623 0.120000 -1.247237
v -0.504737 0.115911 -1.218543
v -0.493662 0.103923 -1.191805
v -0.484151 0.084853 -1.168844
v -0.476853 0.060000 -1.151225
v -0.472265 0.031058 -1.140149
v -0.470701 0.000000 -1.136372
v -0.472265 -0.031058 -1.140149
v -0.476853 -0.060000 -1.151225
v -0.484151 -0.084853 -1.168844
v -0.493662 -0.103923 -1.191805
v -0.504737 -0.115911 -1.218543
v -0.516623 -0.120000 -1.247237
v -0.528508 -0.115911 -1.275931
v -0.539584 -0.103923 -1.302670
v -0.549094 -0.084853 -1.325631
v -0.556392 -0.060000 -1.343250
v -0.560980 -0.031058 -1.354325
v -0.562545 -0.000000 -1.358103
v -0.380464 0.000000 -1.419911
v -0.379406 0.031058 -1.415961
v -0.376303 0.060000 -1.404382
v -0.371367 0.084853 -1.385961
v -0.364935 0.103923 -1.361955
v -0.357444 0.115911 -1.334000
v -0.349406 0.120000 -1.304000
v -0.341367 0.115911 -1.274000
v -0.333877 0.103923 -1.246044
v -0.327444 0.084853 -1.222038
v -0.322508 0.060000 -1.203618
v -0.319406 0.031058 -1.192038
v -0.318347 0.000000 -1.188089
v -0.319406 -0.031058 -1.192038
v -0.322508 -0.060000 -1.203618
v -0.327444 -0.084853 -1.222038
v -0.333877 -0.103923 -1.246044
v -0.341367 -0.115911 -1.274000
v -0.349406 -0.120000 -1.304000
v -0.357444 -0.115911 -1.334000
v -0.364935 -0.103923 -1.361955
v -0.371367 -0.084853 -1.385961
v -0.376303 -0.060000 -1.404382
v -0.379406 -0.031058 -1.415961
v -0.380464 -0.000000 -1.419911
v -0.191874 0.000000 -1.457424
v -0.191340 0.031058 -1.453370
v -0.189775 0.060000 -1.441485
v -0.187286 0.084853 -1.422577
v -0.184042 0.103923 -1.397937
v -0.180264 0.115911 -1.369243
v -0.176210 0.120000 -1.338451
v -0.172156 0.115911 -1.307658
v -0.168379 0.103923 -1.278964
v -0.165135 0.084853 -1.254324
v -0.162646 0.060000 -1.235417
v -0.161081 0.031058 -1.223531
v -0.160547 0.000000 -1.219477
v -0.161081 -0.031058 -1.223531
v -0.162646 -0.060000 -1.235417
v -0.165135 -0.084853 -1.254324
v -0.168379 -0.103923 -1.278964
v -0.172156 -0.115911 -1.307658
v -0.176210 -0.120000 -1.338451
v -0.180264 -0.115911 -1.369243
v -0.184042 -0.103923 -1.397937
v -0.187286 -0.084853 -1.422577
v -0.189775 -0.060000 -1.441485
v -0.191340 -0.031058 -1.453370
v -0.191874 -0.000000 -1.457424
v -0.000000 0.000000 -1.470000
v -0.000000 0.031058 -1.465911
v -0.000000 0.060000 -1.453923
v -0.000000 0.084853 -1.434853
v -0.000000 0.103923 -1.410000
v -0.000000 0.115911 -1.381058
v -0.000000 0.120000 -1.350000
v -0.000000 0.115911 -1.318942
v -0.000000 0.103923 -1.290000
v -0.000000 0.084853 -1.265147
v -0.000000 0.060000 -1.246077
v -0.000000 0.031058 -1.234089
v -0.000000 0.000000 -1.230000
v -0.000000 -0.031058 -1.234089
v -0.000000 -0.060000 -1.246077
v -0.000000 -0.084853 -1.265147
v -0.000000 -0.103923 -1.290000
v -0.000000 -0.115911 -1.318942
v -0.000000 -0.120000 -1.350000
v -0.000000 -0.115911 -1.381058
v -0.000000 -0.103923 -1.410000
v -0.000000 -0.084853 -1.434853
v -0.000000 -0.060000 -1.453923
v -0.000000 -0.031058 -1.465911
v -0.000000 -0.000000 -1.470000
v 0.191874 0.000000 -1.457424
v 0.191340 0.031058 -1.453370
v 0.189775 0.060000 -1.441485
v 0.187286 0.084853 -1.422577
v 0.184042 0.103923 -1.397937
v 0.180264 0.115911 -1.369243
v 0.176210 0.120000 -1.338451
v 0.172156 0.115911 -1.307658
v 0.168379 0.103923 -1.278964
v 0.165135 0.084853 -1.254324
v 0.162646 0.060000 -1.235417
v 0.161081 0.031058 -1.223531
v 0.160547 0.000000 -1.219477
v 0.161081 -0.031058 -1.223531
v 0.162646 -0.060000 -1.235417
v 0.165135 -0.084853 -1.254324
v 0.168379 -0.103923 -1.278964
v 0.172156 -0.115911 -1.307658
v 0.176210 -0.120000 -1.338451
v 0.180264 -0.115911 -1.369243
v 0.184042 -0.103923 -1.397937
v 0.187286 -0.084853 -1.422577
v 0.189775 -0.060000 -1.441485
v 0.191340 -0.031058 -1.453370
v 0.191874 -0.000000 -1.457424
v 0.380464 0.000000 -1.419911
v 0.379406 0.031058 -1.415961
v 0.376303 0.060000 -1.404382
v 0.371367 0.084853 -1.385961
v 0.364935 0.103923 -1.361955
v 0.357444 0.115911 -1.334000
v 0.349406 0.120000 -1.304000
v 0.341367 0.115911 -1.274000
v 0.333877 0.103923 -1.246044
v 0.327444 0.084853 -1.222038
v 0.322508 0.060000 -1.203618
v 0.319406 0.031058 -1.192038
v 0.318347 0.000000 -1.188089
v 0.319406 -0.031058 -1.192038
v 0.322508 -0.060000 -1.203618
v 0.327444 -0.084853 -1.222038
v 0.333877 -0.103923 -1.246044
v 0.341367 -0.115911 -1.274000
v 0.349406 -0.120000 -1.304000
v 0.357444 -0.115911 -1.334000
v 0.364935 -0.103923 -1.361955
v 0.371367 -0.084853 -1.385961
v 0.376303 -0.060000 -1.404382
v 0.379406 -0.031058 -1.415961
v 0.380464 -0.000000 -1.419911
v 0.562545 0.000000 -1.358103
v 0.560980 0.031058 -1.354325
v 0.556392 0.060000 -1.343250
v 0.549094 0.084853 -1.325631
v 0.539584 0.103923 -1.302670
v 0.528508 0.115911 -1.275931
v 0.516623 0.120000 -1.247237
v 0.504737 0.115911 -1.218543
v 0.493662 0.103923 -1.191805
v 0.484151 0.084853 -1.168844
v 0.476853 0.060000 -1.151225
v 0.472265 0.031058 -1.140149
v 0.470701 0.000000 -1.136372
v 0.472265 -0.031058 -1.140149
v 0.476853 -0.060000 -1.151225
v 0.484151 -0.084853 -1.168844
v 0.493662 -0.103923 -1.191805
v 0.504737 -0.115911 -1.218543
v 0.516623 -0.120000 -1.247237
v 0.528508 -0.115911 -1.275931
v 0.539584 -0.103923 -1.302670
v 0.549094 -0.084853 -1.325631
v 0.556392 -0.060000 -1.343250
v 0.560980 -0.031058 -1.354325
v 0.562545 -0.000000 -1.358103
v 0.735000 0.000000 -1.273057
v 0.732956 0.031058 -1.269516
v 0.726962 0.060000 -1.259134
v 0.717426 0.084853 -1.242619
v 0.705000 0.103923 -1.221096
v 0.690529 0.115911 -1.196032
v 0.675000 0.120000 -1.169134
v 0.659471 0.115911 -1.142237
v 0.645000 0.103923 -1.117173
v 0.632574 0.084853 -1.095650
v 0.623038 0.060000 -1.079134
v 0.617044 0.031058 -1.068752
v 0.615000 0.000000 -1.065211
v 0.617044 -0.031058 -1.068752
v 0.623038 -0.060000 -1.079134
v 0.632574 -0.084853 -1.095650
v 0.645000 -0.103923 -1.117173
v 0.659471 -0.115911 -1.142237
v 0.675000 -0.120000 -1.169134
v 0.690529 -0.115911 -1.196032
v 0.705000 -0.103923 -1.221096
v 0.717426 -0.084853 -1.242619
v 0.726962 -0.060000 -1.259134
v 0.732956 -0.031058 -1.269516
v 0.735000 -0.000000 -1.273057
v 0.894879 0.000000 -1.166229
v 0.892390 0.031058 -1.162985
v 0.885092 0.060000 -1.153475
v 0.873483 0.084853 -1.138345
v 0.858354 0.103923 -1.118628
v 0.840735 0.115911 -1.095667
v 0.821828 0.120000 -1.071027
v 0.802921 0.115911 -1.046387
v 0.785302 0.103923 -1.023426
v 0.770173 0.084853 -1.003709
v 0.758564 0.060000 -0.988579
v 0.751266 0.031058 -0.979069
v 0.748777 0.000000 -0.975825
v 0.751266 -0.031058 -0.979069
v 0.758564 -0.060000 -0.988579
v 0.770173 -0.084853 -1.003709
v 0.785302 -0.103923 -1.023426
v 0.802921 -0.115911 -1.046387
v 0.821828 -0.120000 -1.071027
v 0.840735 -0.115911 -1.095667
v 0.858354 -0.103923 -1.118628
v 0.873483 -0.084853 -1.138345
v 0.885092 -0.060000 -1.153475
v 0.892390 -0.031058 -1.162985
v 0.894879 -0.000000 -1.166229
v 1.039447 0.000000 -1.039447
v 1.036556 0.031058 -1.036556
v 1.028079 0.060000 -1.028079
v 1.014594 0.084853 -1.014594
v 0.997021 0.103923 -0.997021
v 0.976556 0.115911 -0.976556
v 0.954594 0.120000 -0.954594
v 0.932633 0.115911 -0.932633
v 0.912168 0.103923 -0.912168
v 0.894594 0.084853 -0.894594
v 0.881109 0.060000 -0.881109
v 0.872633 0.031058 -0.872633
v 0.869741 0.000000 -0.869741
v 0.872633 -0.031058 -0.872633
v 0.881109 -0.060000 -0.881109
v 0.894594 -0.084853 -0.894594
v 0.912168 -0.103923 -0.912168
v 0.932633 -0.115911 -0.932633
v 0.954594 -0.120000 -0.954594
v 0.976556 -0.115911 -0.976556
v 0.997021 -0.103923 -0.997021
v 1.014594 -0.084853 -1.014594
v 1.028079 -0.060000 -1.028079
v 1.036556 -0.031058 -1.036556
v 1.039447 -0.000000 -1.039447
v 1.166229 0.000000 -0.894879
v 1.162985 0.031058 -0.892390
v 1.153475 0.060000 -0.885092
v 1.138345 0.084853 -0.873483
v 1.118628 0.103923 -0.858354
v 1.095667 0.115911 -0.840735
v 1.071027 0.120000 -0.821828
v 1.046387 0.115911 -0.802921
v 1.023426 0.103923 -0.785302
v 1.003709 0.084853 -0.770173
v 0.988579 0.060000 -0.758564
v 0.979069 0.031058 -0.751266
v 0.975825 0.000000 -0.748777
v 0.979069 -0.031058 -0.751266
v 0.988579 -0.060000 -0.758564
v 1.003709 -0.084853 -0.770173
v 1.023426 -0.103923 -0.785302
v 1.046387 -0.115911 -0.802921
v 1.071027 -0.120000 -0.821828
v 1.095667 -0.115911 -0.840735
v 1.118628 -0.103923 -0.858354
v 1.138345 -0.084853 -0.873483
v 1.153475 -0.060000 -0.885092
v 1.162985 -0.031058 -0.892390
v 1.166229 -0.000000 -0.894879
v 1.273057 0.000000 -0.735000
v 1.269516 0.031058 -0.732956
v 1.259134 0.060000 -0.726962
v 1.242619 0.084853 -0.717426
v 1.221096 0.103923 -0.705000
v 1.196032 0.115911 -0.690529
v 1.169134 0.120000 -0.675000
v 1.142237 0.115911 -0.659471
v 1.117173 0.103923 -0.645000
v 1.095650 0.084853 -0.632574
v 1.079134 0.060000 -0.623038
v 1.068752 0.031058 -0.617044
v 1.065211 0.000000 -0.615000
v 1.068752 -0.031058 -0.617044
v 1.079134 -0.060000 -0.623038
v 1.095650 -0.084853 -0.632574
v 1.117173 -0.103923 -0.645000
v 1.142237 -0.115911 -0.659471
v 1.169134 -0.120000 -0.675000
v 1.196032 -0.115911 -0.690529
v 1.221096 -0.103923 -0.705000
v 1.242619 -0.084853 -0.717426
v 1.259134 -0.060000 -0.726962
v 1.269516 -0.031058 -0.732956
v 1.273057 -0.000000 -0.735000
v 1.358103 0.000000 -0.562545
v 1.354325 0.031058 -0.560980
v 1.343250 0.060000 -0.556392
v 1.325631 0.084853 -0.549094
v 1.302670 0.103923 -0.539584
v 1.275931 0.115911 -0.528508
v 1.247237 0.120000 -0.516623
v 1.218543 0.115911 -0.504737
v 1.191805 0.103923 -0.493662
v 1.168844 0.084853 -0.484151
v 1.151225 0.060000 -0.476853
v 1.140149 0.031058 -0.472265
v 1.136372 0.000000 -0.470701
v 1.140149 -0.031058 -0.472265
v 1.151225 -0.060000 -0.476853
v 1.168844 -0.084853 -0.484151
v 1.191805 -0.103923 -0.493662
v 1.218543 -0.115911 -0.504737
v 1.247237 -0.120000 -0.516623
v 1.275931 -0.115911 -0.528508
v 1.302670 -0.103923 -0.539584
v 1.325631 -0.084853 -0.549094
v 1.343250 -0.060000 -0.556392
v 1.354325 -0.031058 -0.560980
v 1.358103 -0.000000 -0.562545
v 1.419911 0.000000 -0.380464
v 1.415961 0.031058 -0.379406
v 1.404382 0.060000 -0.376303
v 1.385961 0.084853 -0.371367
v 1.361955 0.103923 -0.364935
v 1.334000 0.115911 -0.357444
v 1.304000 0.120000 -0.349406
v 1.274000 0.115911 -0.341367
v 1.246044 0.103923 -0.333877
v 1.222038 0.084853 -0.327444
v 1.203618 0.060000 -0.322508
v 1.192038 0.031058 -0.319406
v 1.188089 0.000000 -0.318347
v 1.192038 -0.031058 -0.319406
v 1.203618 -0.060000 -0.322508
v 1.222038 -0.084853 -0.327444
v 1.246044 -0.103923 -0.333877
v 1.274000 -0.115911 -0.341367
v 1.304000 -0.120000 -0.349406
v 1.334000 -0.115911 -0.357444
v 1.361955 -0.103923 -0.364935
v 1.385961 -0.084853 -0.371367
v 1.404382 -0.060000 -0.376303
v 1.415961 -0.031058 -0.379406
v 1.419911 -0.000000 -0.380464
v 1.457424 0.000000 -0.191874
v 1.453370 0.031058 -0.191340
v 1.441485 0.060000 -0.189775
v 1.422577 0.084853 -0.187286
v 1.397937 0.103923 -0.184042
v 1.369243 0.115911 -0.180264
v 1.338451 0.120000 -0.176210
v 1.307658 0.115911 -0.172156
v 1.278964 0.103923 -0.168379
v 1.254324 0.084853 -0.165135
v 1.235417 0.060000 -0.162646
v 1.223531 0.031058 -0.161081
v 1.219477 0.000000 -0.160547
v 1.223531 -0.031058 -0.161081
v 1.235417 -0.060000 -0.162646
v 1.254324 -0.084853 -0.165135
v 1.278964 -0.103923 -0.168379
v 1.307658 -0.115911 -0.172156
v 1.338451 -0.120000 -0.176210
v 1.369243 -0.115911 -0.180264
v 1.397937 -0.103923 -0.184042
v 1.422577 -0.084853 -0.187286
v 1.441485 -0.060000 -0.189775
v 1.453370 -0.031058 -0.191340
v 1.457424 -0.000000 -0.191874
v 1.470000 0.000000 -0.000000
v 1.465911 0.031058 -0.000000
v 1.453923 0.060000 -0.000000
v 1.434853 0.084853 -0.000000
v 1.410000 0.103923 -0.000000
v 1.381058 0.115911 -0.000000
v 1.350000 0.120000 -0.000000
v 1.318942 0.115911 -0.000000
v 1.290000 0.103923 -0.000000
v 1.265147 0.084853 -0.000000
v 1.246077 0.060000 -0.000000
v 1.234089 0.031058 -0.000000
v 1.230000 0.000000 -0.000000
v 1.234089 -0.031058 -0.000000
v 1.246077 -0.060000 -0.000000
v 1.265147 -0.084853 -0.000000
v 1.290000 -0.103923 -0.000000
v 1.318942 -0.115911 -0.000000
v 1.350000 -0.120000 -0.000000
v 1.381058 -0.115911 -0.000000
v 1.410000 -0.103923 -0.000000
v 1.434853 -0.084853 -0.000000
v 1.453923 -0.060000 -0.000000
v 1.465911 -0.031058 -0.000000
v 1.470000 -0.000000 -0.000000
vt 0.000000 0.000000
vt 0.000000 0.041667
vt 0.000000 0.083333
vt 0.000000 0.125000
vt 0.000000 0.166667
vt 0.000000 0.208333
vt 0.000000 0.250000
vt 0.000000 0.291667
vt 0.000000 0.333333
vt 0.000000 0.375000
vt 0.000000 0.416667
vt 0.000000 0.458333
vt 0.000000 0.500000
vt 0.000000 0.541667
vt 0.000000 0.583333
vt 0.000000 0.625000
vt 0.000000 0.666667
vt 0.000000 0.708333
vt 0.000000 0.750000
vt 0.000000 0.791667
vt 0.000000 0.833333
vt 0.000000 0.875000
vt 0.000000 0.916667
vt 0.000000 0.958333
vt 0.000000 1.000000
vt 0.083333 0.000000
vt 0.083333 0.041667
vt 0.083333 0.083333
vt 0.083333 0.125000
vt 0.083333 0.166667
vt 0.083333 0.208333
vt 0.083333 0.250000
vt 0.083333 0.291667
vt 0.083333 0.333333
vt 0.083333 0.375000
vt 0.083333 0.416667
vt 0.083333 0.458333
vt 0.083333 0.500000
vt 0.083333 0.541667
vt 0.083333 0.583333
vt 0.083333 0.625000
vt 0.083333 0.666667
vt 0.083333 0.708333
vt 0.083333 0.750000
vt 0.083333 0.791667
vt 0.083333 0.833333
vt 0.083333 0.875000
vt 0.083333 0.916667
vt 0.083333 0.958333
vt 0.083333 1.000000
vt 0.166667 0.000000
vt 0.166667 0.041667
vt 0.166667 0.083333
vt 0.166667 0.125000
vt 0.166667 0.166667
vt 0.166667 0.208333
vt 0.166667 0.250000
vt 0.166667 0.291667
vt 0.166667 0.333333
vt 0.166667 0.375000
vt 0.166667 0.416667
vt 0.166667 0.458333
vt 0.166667 0.500000
vt 0.166667 0.541667
vt 0.166667 0.583333
vt 0.166667 0.625000
vt 0.166667 0.666667
vt 0.166667 0.708333
vt 0.166667 0.750000
vt 0.166667 0.791667
vt 0.166667 0.833333
vt 0.166667 0.875000
vt 0.166667 0.916667
vt 0.166667 0.958333
vt 0.166667 1.000000
vt 0.250000 0.000000
vt 0.250000 0.041667
vt 0.250000 0.083333
vt 0.250000 0.125000
vt 0.250000 0.166667
vt 0.250000 0.208333
vt 0.250000 0.250000
vt 0.250000 0.291667
vt 0.250000 0.333333
vt 0.250000 0.375000
vt 0.250000 0.416667
vt 0.250000 0.458333
vt 0.250000 0.500000
vt 0.250000 0.541667
vt 0.250000 0.583333
vt 0.250000 0.625000
vt 0.250000 0.666667
vt 0.250000 0.708333
vt 0.250000 0.750000
vt 0.250000 0.791667
vt 0.250000 0.833333
vt 0.250000 0.875000
vt 0.250000 0.916667
vt 0.250000 0.958333
vt 0.250000 1.000000
vt 0.333333 0.000000
vt 0.333333 0.041667
vt 0.333333 0.083333
vt 0.333333 0.125000
vt 0.333333 0.166667
vt 0.333333 0.208333
vt 0.333333 0.250000
vt 0.333333 0.291667
vt 0.333333 0.333333
vt 0.333333 0.375000
vt 0.333333 0.416667
vt 0.333333 0.458333
vt 0.333333 0.500000
vt 0.333333 0.541667
vt 0.333333 0.583333
vt 0.333333 0.625000
vt 0.333333 0.666667
vt 0.333333 0.708333
vt 0.333333 0.750000
vt 0.333333 0.791667
vt 0.333333 0.833333
vt 0.333333 0.875000
vt 0.333333 0.916667
vt 0.333333 0.958333
vt 0.333333 1.000000
vt 0.416667 0.000000
vt 0.416667 0.041667
vt 0.416667 0.083333
vt 0.416667 0.125000
vt 0.416667 0.166667
vt 0.416667 0.208333
vt 0.416667 0.250000
vt 0.416667 0.291667
vt 0.416667 0.333333
vt 0.416667 0.375000
vt 0.416667 0.416667
vt 0.416667 0.458333
vt 0.416667 0.500000
vt 0.416667 0.541667
vt 0.416667 0.583333
vt 0.416667 0.625000
vt 0.416667 0.666667
vt 0.416667 0.708333
vt 0.416667 0.750000
vt 0.416667 0.791667
vt 0.416667 0.833333
vt 0.416667 0.875000
vt 0.416667 0.916667
vt 0.416667 0.958333
vt 0.416667 1.000000
vt 0.500000 0.000000
vt 0.500000 0.041667
vt 0.500000 0.083333
vt 0.500000 0.125000
vt 0.500000 0.166667
vt 0.500000 0.208333
vt 0.500000 0.250000
vt 0.500000 0.291667
vt 0.500000 0.333333
vt 0.500000 0.375000
vt 0.500000 0.416667
vt 0.500000 0.458333
vt 0.500000 0.500000
vt 0.500000 0.541667
vt 0.500000 0.583333
vt 0.500000 0.625000
vt 0.500000 0.666667
vt 0.500000 0.708333
vt 0.500000 0.750000
vt 0.500000 0.791667
vt 0.500000 0.833333
vt 0.500000 0.875000
vt 0.500000 0.916667
vt 0.500000 0.958333
vt 0.500000 1.000000
vt 0.583333 0.000000
vt 0.583333 0.041667
vt 0.583333 0.083333
vt 0.583333 0.125000
vt 0.583333 0.166667
vt 0.583333 0.208333
vt 0.583333 0.250000
vt 0.583333 0.291667
vt 0.583333 0.333333
vt 0.583333 0.375000
vt 0.583333 0.416667
vt 0.583333 0.458333
vt 0.583333 0.500000
vt 0.583333 0.541667
vt 0.583333 0.583333
vt 0.583333 0.625000
vt 0.583333 0.666667
vt 0.583333 0.708333
vt 0.583333 0.750000
vt 0.583333 0.791667
vt 0.583333 0.833333
vt 0.583333 0.875000
vt 0.583333 0.916667
vt 0.583333 0.958333
vt 0.583333 1.000000
vt 0.666667 0.000000
vt 0.666667 0.041667
vt 0.666667 0.083333
vt 0.666667 0.125000
vt 0.666667 0.166667
vt 0.666667 0.208333
vt 0.666667 0.250000
vt 0.666667 0.291667
vt 0.666667 0.333333
vt 0.666667 0.375000
vt 0.666667 0.416667
vt 0.666667 0.458333
vt 0.666667 0.500000
vt 0.666667 0.541667
vt 0.666667 0.583333
vt 0.666667 0.625000
vt 0.666667 0.666667
vt 0.666667 0.708333
vt 0.666667 0.750000
vt 0.666667 0.791667
vt 0.666667 0.833333
vt 0.666667 0.875000
vt 0.666667 0.916667
vt 0.666667 0.958333
vt 0.666667 1.000000
vt 0.750000 0.000000
vt 0.750000 0.041667
vt 0.750000 0.083333
vt 0.750000 0.125000
vt 0.750000 0.166667
vt 0.750000 0.208333
vt 0.750000 0.250000
vt 0.750000 0.291667
vt 0.750000 0.333333
vt 0.750000 0.375000
vt 0.750000 0.416667
vt 0.750000 0.458333
vt 0.750000 0.500000
vt 0.750000 0.541667
vt 0.750000 0.583333
vt 0.750000 0.625000
vt 0.750000 0.666667
vt 0.750000 0.708333
vt 0.750000 0.750000
vt 0.750000 0.791667
vt 0.750000 0.833333
vt 0.750000 0.875000
vt 0.750000 0.916667
vt 0.750000 0.958333
vt 0.750000 1.000000
vt 0.833333 0.000000
vt 0.833333 0.041667
vt 0.833333 0.083333
vt 0.833333 0.125000
vt 0.833333 0.166667
vt 0.833333 0.208333
vt 0.833333 0.250000
vt 0.833333 0.291667
vt 0.833333 0.333333
vt 0.833333 0.375000
vt 0.833333 0.416667
vt 0.833333 0.458333
vt 0.833333 0.500000
vt 0.833333 0.541667
vt 0.833333 0.583333
vt 0.833333 0.625000
vt 0.833333 0.666667
vt 0.833333 0.708333
vt 0.833333 0.750000
vt 0.833333 0.791667
vt 0.833333 0.833333
vt 0.833333 0.875000
vt 0.833333 0.916667
vt 0.833333 0.958333
vt 0.833333 1.000000
vt 0.916667 0.000000
vt 0.916667 0.041667
vt 0.916667 0.083333
vt 0.916667 0.125000
vt 0.916667 0.166667
vt 0.916667 0.208333
vt 0.916667 0.250000
vt 0.916667 0.291667
vt 0.916667 0.333333
vt 0.916667 0.375000
vt 0.916667 0.416667
vt 0.916667 0.458333
vt 0.916667 0.500000
vt 0.916667 0.541667
vt 0.916667 0.583333
vt 0.916667 0.625000
vt 0.916667 0.666667
vt 0.916667 0.708333
vt 0.916667 0.750000
vt 0.916667 0.791667
vt 0.916667 0.833333
vt 0.916667 0.875000
vt 0.916667 0.916667
vt 0.916667 0.958333
vt 0.916667 1.000000
vt 1.000000 0.000000
vt 1.000000 0.041667
vt 1.000000 0.083333
vt 1.000000 0.125000
vt 1.000000 0.166667
vt 1.000000 0.208333
vt 1.000000 0.250000
vt 1.000000 0.291667
vt 1.000000 0.333333
vt 1.000000 0.375000
vt 1.000000 0.416667
vt 1.000000 0.458333
vt 1.000000 0.500000
vt 1.000000 0.541667
vt 1.000000 0.583333
vt 1.000000 0.625000
vt 1.000000 0.666667
vt 1.000000 0.708333
vt 1.000000 0.750000
vt 1.000000 0.791667
vt 1.000000 0.833333
vt 1.000000 0.875000
vt 1.000000 0.916667
vt 1.000000 0.958333
vt 1.000000 1.000000
vt 1.083333 0.000000
vt 1.083333 0.041667
vt 1.083333 0.083333
vt 1.083333 0.125000
vt 1.083333 0.166667
vt 1.083333 0.208333
vt 1.083333 0.250000
vt 1.083333 0.291667
vt 1.083333 0.333333
vt 1.083333 0.375000
vt 1.083333 0.416667
vt 1.083333 0.458333
vt 1.083333 0.500000
vt 1.083333 0.541667
vt 1.083333 0.583333
vt 1.083333 0.625000
vt 1.083333 0.666667
vt 1.083333 0.708333
vt 1.083333 0.750000
vt 1.083333 0.791667
vt 1.083333 0.833333
vt 1.083333 0.875000
vt 1.083333 0.916667
vt 1.083333 0.958333
vt 1.083333 1.000000
vt 1.166667 0.000000
vt 1.166667 0.041667
vt 1.166667 0.083333
vt 1.166667 0.125000
vt 1.166667 0.166667
vt 1.166667 0.208333
vt 1.166667 0.250000
vt 1.166667 0.291667
vt 1.166667 0.333333
vt 1.166667 0.375000
vt 1.166667 0.416667
vt 1.166667 0.458333
vt 1.166667 0.500000
vt 1.166667 0.541667
vt 1.166667 0.583333
vt 1.166667 0.625000
vt 1.166667 0.666667
vt 1.166667 0.708333
vt 1.166667 0.750000
vt 1.166667 0.791667
vt 1.166667 0.833333
vt 1.166667 0.875000
vt 1.166667 0.916667
vt 1.166667 0.958333
vt 1.166667 1.000000
vt 1.250000 0.000000
vt 1.250000 0.041667
vt 1.250000 0.083333
vt 1.250000 0.125000
vt 1.250000 0.166667
vt 1.250000 0.208333
vt 1.250000 0.250000
vt 1.250000 0.291667
vt 1.250000 0.333333
vt 1.250000 0.375000
vt 1.250000 0.416667
vt 1.250000 0.458333
vt 1.250000 0.500000
vt 1.250000 0.541667
vt 1.250000 0.583333
vt 1.250000 0.625000
vt 1.250000 0.666667
vt 1.250000 0.708333
vt 1.250000 0.750000
vt 1.250000 0.791667
vt 1.250000 0.833333
vt 1.250000 0.875000
vt 1.250000 0.916667
vt 1.250000 0.958333
vt 1.250000 1.000000
vt 1.333333 0.000000
vt 1.333333 0.041667
vt 1.333333 0.083333
vt 1.333333 0.125000
vt 1.333333 0.166667
vt 1.333333 0.208333
vt 1.333333 0.250000
vt 1.333333 0.291667
vt 1.333333 0.333333
vt 1.333333 0.375000
vt 1.333333 0.416667
vt 1.333333 0.458333
vt 1.333333 0.500000
vt 1.333333 0.541667
vt 1.333333 0.583333
vt 1.333333 0.625000
vt 1.333333 0.666667
vt 1.333333 0.708333
vt 1.333333 0.750000
vt 1.333333 0.791667
vt 1.333333 0.833333
vt 1.333333 0.875000
vt 1.333333 0.916667
vt 1.333333 0.958333
vt 1.333333 1.000000
vt 1.416667 0.000000
vt 1.416667 0.041667
vt 1.416667 0.083333
vt 1.416667 0.125000
vt 1.416667 0.166667
vt 1.416667 0.208333
vt 1.416667 0.250000
vt 1.416667 0.291667
vt 1.416667 0.333333
vt 1.416667 0.375000
vt 1.416667 0.416667
vt 1.416667 0.458333
vt 1.416667 0.500000
vt 1.416667 0.541667
vt 1.416667 0.583333
vt 1.416667 0.625000
vt 1.416667 0.666667
vt 1.416667 0.708333
vt 1.416667 0.750000
vt 1.416667 0.791667
vt 1.416667 0.833333
vt 1.416667 0.875000
vt 1.416667 0.916667
vt 1.416667 0.958333
vt 1.416667 1.000000
vt 1.500000 0.000000
vt 1.500000 0.041667
vt 1.500000 0.083333
vt 1.500000 0.125000
vt 1.500000 0.166667
vt 1.500000 0.208333
vt 1.500000 0.250000
vt 1.500000 0.291667
vt 1.500000 0.333333
vt 1.500000 0.375000
vt 1.500000 0.416667
vt 1.500000 0.458333
vt 1.500000 0.500000
vt 1.500000 0.541667
vt 1.500000 0.583333
vt 1.500000 0.625000
vt 1.500000 0.666667
vt 1.500000 0.708333
vt 1.500000 0.750000
vt 1.500000 0.791667
vt 1.500000 0.833333
vt 1.500000 0.875000
vt 1.500000 0.916667
vt 1.500000 0.958333
vt 1.500000 1.000000
vt 1.583333 0.000000
vt 1.583333 0.041667
vt 1.583333 0.083333
vt 1.583333 0.125000
vt 1.583333 0.166667
vt 1.583333 0.208333
vt 1.583333 0.250000
vt 1.583333 0.291667
vt 1.583333 0.333333
vt 1.583333 0.375000
vt 1.583333 0.416667
vt 1.583333 0.458333
vt 1.583333 0.500000
vt 1.583333 0.541667
vt 1.583333 0.583333
vt 1.583333 0.625000
vt 1.583333 0.666667
vt 1.583333 0.708333
vt 1.583333 0.750000
vt 1.583333 0.791667
vt 1.583333 0.833333
vt 1.583333 0.875000
vt 1.583333 0.916667
vt 1.583333 0.958333
vt 1.583333 1.000000
vt 1.666667 0.000000
vt 1.666667 0.041667
vt 1.666667 0.083333
vt 1.666667 0.125000
vt 1.666667 0.166667
vt 1.666667 0.208333
vt 1.666667 0.250000
vt 1.666667 0.291667
vt 1.666667 0.333333
vt 1.666667 0.375000
vt 1.666667 0.416667
vt 1.666667 0.458333
vt 1.666667 0.500000
vt 1.666667 0.541667
vt 1.666667 0.583333
vt 1.666667 0.625000
vt 1.666667 0.666667
vt 1.666667 0.708333
vt 1.666667 0.750000
vt 1.666667 0.791667
vt 1.666667 0.833333
vt 1.666667 0.875000
vt 1.666667 0.916667
vt 1.666667 0.958333
vt 1.666667 1.000000
vt 1.750000 0.000000
vt 1.750000 0.041667
vt 1.750000 0.083333
vt 1.750000 0.125000
vt 1.750000 0.166667
vt 1.750000 0.208333
vt 1.750000 0.250000
vt 1.750000 0.291667
vt 1.750000 0.333333
vt 1.750000 0.375000
vt 1.750000 0.416667
vt 1.750000 0.458333
vt 1.750000 0.500000
vt 1.750000 0.541667
vt 1.750000 0.583333
vt 1.750000 0.625000
vt 1.750000 0.666667
vt 1.750000 0.708333
vt 1.750000 0.750000
vt 1.750000 0.791667
vt 1.750000 0.833333
vt 1.750000 0.875000
vt 1.750000 0.916667
vt 1.750000 0.958333
vt 1.750000 1.000000
vt 1.833333 0.000000
vt 1.833333 0.041667
vt 1.833333 0.083333
vt 1.833333 0.125000
vt 1.833333 0.166667
vt 1.833333 0.208333
vt 1.833333 0.250000
vt 1.833333 0.291667
vt 1.833333 0.333333
vt 1.833333 0.375000
vt 1.833333 0.416667
vt 1.833333 0.458333
vt 1.833333 0.500000
vt 1.833333 0.541667
vt 1.833333 0.583333
vt 1.833333 0.625000
vt 1.833333 0.666667
vt 1.833333 0.708333
vt 1.833333 0.750000
vt 1.833333 0.791667
vt 1.833333 0.833333
vt 1.833333 0.875000
vt 1.833333 0.916667
vt 1.833333 0.958333
vt 1.833333 1.000000
vt 1.916667 0.000000
vt 1.916667 0.041667
vt 1.916667 0.083333
vt 1.916667 0.125000
vt 1.916667 0.166667
vt 1.916667 0.208333
vt 1.916667 0.250000
vt 1.916667 0.291667
vt 1.916667 0.333333
vt 1.916667 0.375000
vt 1.916667 0.416667
vt 1.916667 0.458333
vt 1.916667 0.500000
vt 1.916667 0.541667
vt 1.916667 0.583333
vt 1.916667 0.625000
vt 1.916667 0.666667
vt 1.916667 0.708333
vt 1.916667 0.750000
vt 1.916667 0.791667
vt 1.916667 0.833333
vt 1.916667 0.875000
vt 1.916667 0.916667
vt 1.916667 0.958333
vt 1.916667 1.000000
vt 2.000000 0.000000
vt 2.000000 0.041667
vt 2.000000 0.083333
vt 2.000000 0.125000
vt 2.000000 0.166667
vt 2.000000 0.208333
vt 2.000000 0.250000
vt 2.000000 0.291667
vt 2.000000 0.333333
vt 2.000000 0.375000
vt 2.000000 0.416667
vt 2.000000 0.458333
vt 2.000000 0.500000
vt 2.000000 0.541667
vt 2.000000 0.583333
vt 2.000000 0.625000
vt 2.000000 0.666667
vt 2.000000 0.708333
vt 2.000000 0.750000
vt 2.000000 0.791667
vt 2.000000 0.833333
vt 2.000000 0.875000
vt 2.000000 0.916667
vt 2.000000 0.958333
vt 2.000000 1.000000
vt 2.083333 0.000000
vt 2.083333 0.041667
vt 2.083333 0.083333
vt 2.083333 0.125000
vt 2.083333 0.166667
vt 2.083333 0.208333
vt 2.083333 0.250000
vt 2.083333 0.291667
vt 2.083333 0.333333
vt 2.083333 0.375000
vt 2.083333 0.416667
vt 2.083333 0.458333
vt 2.083333 0.500000
vt 2.083333 0.541667
vt 2.083333 0.583333
vt 2.083333 0.625000
vt 2.083333 0.666667
vt 2.083333 0.708333
vt 2.083333 0.750000
vt 2.083333 0.791667
vt 2.083333 0.833333
vt 2.083333 0.875000
vt 2.083333 0.916667
vt 2.083333 0.958333
vt 2.083333 1.000000
vt 2.166667 0.000000
vt 2.166667 0.041667
vt 2.166667 0.083333
vt 2.166667 0.125000
vt 2.166667 0.166667
vt 2.166667 0.208333
vt 2.166667 0.250000
vt 2.166667 0.291667
vt 2.166667 0.333333
vt 2.166667 0.375000
vt 2.166667 0.416667
vt 2.166667 0.458333
vt 2.166667 0.500000
vt 2.166667 0.541667
vt 2.166667 0.583333
vt 2.166667 0.625000
vt 2.166667 0.666667
vt 2.166667 0.708333
vt 2.166667 0.750000
vt 2.166667 0.791667
vt 2.166667 0.833333
vt 2.166667 0.875000
vt 2.166667 0.916667
vt 2.166667 0.958333
vt 2.166667 1.000000
vt 2.250000 0.000000
vt 2.250000 0.041667
vt 2.250000 0.083333
vt 2.250000 0.125000
vt 2.250000 0.166667
vt 2.250000 0.208333
vt 2.250000 0.250000
vt 2.250000 0.291667
vt 2.250000 0.333333
vt 2.250000 0.375000
vt 2.250000 0.416667
vt 2.250000 0.458333
vt 2.250000 0.500000
vt 2.250000 0.541667
vt 2.250000 0.583333
vt 2.250000 0.625000
vt 2.250000 0.666667
vt 2.250000 0.708333
vt 2.250000 0.750000
vt 2.250000 0.791667
vt 2.250000 0.833333
vt 2.250000 0.875000
vt 2.250000 0.916667
vt 2.250000 0.958333
vt 2.250000 1.000000
vt 2.333333 0.000000
vt 2.333333 0.041667
vt 2.333333 0.083333
vt 2.333333 0.125000
vt 2.333333 0.166667
vt 2.333333 0.208333
vt 2.333333 0.250000
vt 2.333333 0.291667
vt 2.333333 0.333333
vt 2.333333 0.375000
vt 2.333333 0.416667
vt 2.333333 0.458333
vt 2.333333 0.500000
vt 2.333333 0.541667
vt 2.333333 0.583333
vt 2.333333 0.625000
vt 2.333333 0.666667
vt 2.333333 0.708333
vt 2.333333 0.750000
vt 2.333333 0.791667
vt 2.333333 0.833333
vt 2.333333 0.875000
vt 2.333333 0.916667
vt 2.333333 0.958333
vt 2.333333 1.000000
vt 2.416667 0.000000
vt 2.416667 0.041667
vt 2.416667 0.083333
vt 2.416667 0.125000
vt 2.416667 0.166667
vt 2.416667 0.208333
vt 2.416667 0.250000
vt 2.416667 0.291667
vt 2.416667 0.333333
vt 2.416667 0.375000
vt 2.416667 0.416667
vt 2.416667 0.458333
vt 2.416667 0.500000
vt 2.416667 0.541667
vt 2.416667 0.583333
vt 2.416667 0.625000
vt 2.416667 0.666667
vt 2.416667 0.708333
vt 2.416667 0.750000
vt 2.416667 0.791667
vt 2.416667 0.833333
vt 2.416667 0.875000
vt 2.416667 0.916667
vt 2.416667 0.958333
vt 2.416667 1.000000
vt 2.500000 0.000000
vt 2.500000 0.041667
vt 2.500000 0.083333
vt 2.500000 0.125000
vt 2.500000 0.166667
vt 2.500000 0.208333
vt 2.500000 0.250000
vt 2.500000 0.291667
vt 2.500000 0.333333
vt 2.500000 0.375000
vt 2.500000 0.416667
vt 2.500000 0.458333
vt 2.500000 0.500000
vt 2.500000 0.541667
vt 2.500000 0.583333
vt 2.500000 0.625000
vt 2.500000 0.666667
vt 2.500000 0.708333
vt 2.500000 0.750000
vt 2.500000 0.791667
vt 2.500000 0.833333
vt 2.500000 0.875000
vt 2.500000 0.916667
vt 2.500000 0.958333
vt 2.500000 1.000000
vt 2.583333 0.000000
vt 2.583333 0.041667
vt 2.583333 0.083333
vt 2.583333 0.125000
vt 2.583333 0.166667
vt 2.583333 0.208333
vt 2.583333 0.250000
vt 2.583333 0.291667
vt 2.583333 0.333333
vt 2.583333 0.375000
vt 2.583333 0.416667
vt 2.583333 0.458333
vt 2.583333 0.500000
vt 2.583333 0.541667
vt 2.583333 0.583333
vt 2.583333 0.625000
vt 2.583333 0.666667
vt 2.583333 0.708333
vt 2.583333 0.750000
vt 2.583333 0.791667
vt 2.583333 0.833333
vt 2.583333 0.875000
vt 2.583333 0.916667
vt 2.583333 0.958333
vt 2.583333 1.000000
vt 2.666667 0.000000
vt 2.666667 0.041667
vt 2.666667 0.083333
vt 2.666667 0.125000
vt 2.666667 0.166667
vt 2.666667 0.208333
vt 2.666667 0.250000
vt 2.666667 0.291667
vt 2.666667 0.333333
vt 2.666667 0.375000
vt 2.666667 0.416667
vt 2.666667 0.458333
vt 2.666667 0.500000
vt 2.666667 0.541667
vt 2.666667 0.583333
vt 2.666667 0.625000
vt 2.666667 0.666667
vt 2.666667 0.708333
vt 2.666667 0.750000
vt 2.666667 0.791667
vt 2.666667 0.833333
vt 2.666667 0.875000
vt 2.666667 0.916667
vt 2.666667 0.958333
vt 2.666667 1.000000
vt 2.750000 0.000000
vt 2.750000 0.041667
vt 2.750000 0.083333
vt 2.750000 0.125000
vt 2.750000 0.166667
vt 2.750000 0.208333
vt 2.750000 0.250000
vt 2.750000 0.291667
vt 2.750000 0.333333
vt 2.750000 0.375000
vt 2.750000 0.416667
vt 2.750000 0.458333
vt 2.750000 0.500000
vt 2.750000 0.541667
vt 2.750000 0.583333
vt 2.750000 0.625000
vt 2.750000 0.666667
vt 2.750000 0.708333
vt 2.750000 0.750000
vt 2.750000 0.791667
vt 2.750000 0.833333
vt 2.750000 0.875000
vt 2.750000 0.916667
vt 2.750000 0.958333
vt 2.750000 1.000000
vt 2.833333 0.000000
vt 2.833333 0.041667
vt 2.833333 0.083333
vt 2.833333 0.125000
vt 2.833333 0.166667
vt 2.833333 0.208333
vt 2.833333 0.250000
vt 2.833333 0.291667
vt 2.833333 0.333333
vt 2.833333 0.375000
vt 2.833333 0.416667
vt 2.833333 0.458333
vt 2.833333 0.500000
vt 2.833333 0.541667
vt 2.833333 0.583333
vt 2.833333 0.625000
vt 2.833333 0.666667
vt 2.833333 0.708333
vt 2.833333 0.750000
vt 2.833333 0.791667
vt 2.833333 0.833333
vt 2.833333 0.875000
vt 2.833333 0.916667
vt 2.833333 0.958333
vt 2.833333 1.000000
vt 2.916667 0.000000
vt 2.916667 0.041667
vt 2.916667 0.083333
vt 2.916667 0.125000
vt 2.916667 0.166667
vt 2.916667 0.208333
vt 2.916667 0.250000
vt 2.916667 0.291667
vt 2.916667 0.333333
vt 2.916667 0.375000
vt 2.916667 0.416667
vt 2.916667 0.458333
vt 2.916667 0.500000
vt 2.916667 0.541667
vt 2.916667 0.583333
vt 2.916667 0.625000
vt 2.916667 0.666667
vt 2.916667 0.708333
vt 2.916667 0.750000
vt 2.916667 0.791667
vt 2.916667 0.833333
vt 2.916667 0.875000
vt 2.916667 0.916667
vt 2.916667 0.958333
vt 2.916667 1.000000
vt 3.000000 0.000000
vt 3.000000 0.041667
vt 3.000000 0.083333
vt 3.000000 0.125000
vt 3.000000 0.166667
vt 3.000000 0.208333
vt 3.000000 0.250000
vt 3.000000 0.291667
vt 3.000000 0.333333
vt 3.000000 0.375000
vt 3.000000 0.416667
vt 3.000000 0.458333
vt 3.000000 0.500000
vt 3.000000 0.541667
vt 3.000000 0.583333
vt 3.000000 0.625000
vt 3.000000 0.666667
vt 3.000000 0.708333
vt 3.000000 0.750000
vt 3.000000 0.791667
vt 3.000000 0.833333
vt 3.000000 0.875000
vt 3.000000 0.916667
vt 3.000000 0.958333
vt 3.000000 1.000000
vt 3.083333 0.000000
vt 3.083333 0.041667
vt 3.083333 0.083333
vt 3.083333 0.125000
vt 3.083333 0.166667
vt 3.083333 0.208333
vt 3.083333 0.250000
vt 3.083333 0.291667
vt 3.083333 0.333333
vt 3.083333 0.375000
vt 3.083333 0.416667
vt 3.083333 0.458333
vt 3.083333 0.500000
vt 3.083333 0.541667
vt 3.083333 0.583333
vt 3.083333 0.625000
vt 3.083333 0.666667
vt 3.083333 0.708333
vt 3.083333 0.750000
vt 3.083333 0.791667
vt 3.083333 0.833333
vt 3.083333 0.875000
vt 3.083333 0.916667
vt 3.083333 0.958333
vt 3.083333 1.000000
vt 3.166667 0.000000
vt 3.166667 0.041667
vt 3.166667 0.083333
vt 3.166667 0.125000
vt 3.166667 0.166667
vt 3.166667 0.208333
vt 3.166667 0.250000
vt 3.166667 0.291667
vt 3.166667 0.333333
vt 3.166667 0.375000
vt 3.166667 0.416667
vt 3.166667 0.458333
vt 3.166667 0.500000
vt 3.166667 0.541667
vt 3.166667 0.583333
vt 3.166667 0.625000
vt 3.166667 0.666667
vt 3.166667 0.708333
vt 3.166667 0.750000
vt 3.166667 0.791667
vt 3.166667 0.833333
vt 3.166667 0.875000
vt 3.166667 0.916667
vt 3.166667 0.958333
vt 3.166667 1.000000
vt 3.250000 0.000000
vt 3.250000 0.041667
vt 3.250000 0.083333
vt 3.250000 0.125000
vt 3.250000 0.166667
vt 3.250000 0.208333
vt 3.250000 0.250000
vt 3.250000 0.291667
vt 3.250000 0.333333
vt 3.250000 0.375000
vt 3.250000 0.416667
vt 3.250000 0.458333
vt 3.250000 0.500000
vt 3.250000 0.541667
vt 3.250000 0.583333
vt 3.250000 0.625000
vt 3.250000 0.666667
vt 3.250000 0.708333
vt 3.250000 0.750000
vt 3.250000 0.791667
vt 3.250000 0.833333
vt 3.250000 0.875000
vt 3.250000 0.916667
vt 3.250000 0.958333
vt 3.250000 1.000000
vt 3.333333 0.000000
vt 3.333333 0.041667
vt 3.333333 0.083333
vt 3.333333 0.125000
vt 3.333333 0.166667
vt 3.333333 0.208333
vt 3.333333 0.250000
vt 3.333333 0.291667
vt 3.333333 0.333333
vt 3.333333 0.375000
vt 3.333333 0.416667
vt 3.333333 0.458333
vt 3.333333 0.500000
vt 3.333333 0.541667
vt 3.333333 0.583333
vt 3.333333 0.625000
vt 3.333333 0.666667
vt 3.333333 0.708333
vt 3.333333 0.750000
vt 3.333333 0.791667
vt 3.333333 0.833333
vt 3.333333 0.875000
vt 3.333333 0.916667
vt 3.333333 0.958333
vt 3.333333 1.000000
vt 3.416667 0.000000
vt 3.416667 0.041667
vt 3.416667 0.083333
vt 3.416667 0.125000
vt 3.416667 0.166667
vt 3.416667 0.208333
vt 3.416667 0.250000
vt 3.416667 0.291667
vt 3.416667 0.333333
vt 3.416667 0.375000
vt 3.416667 0.416667
vt 3.416667 0.458333
vt 3.416667 0.500000
vt 3.416667 0.541667
vt 3.416667 0.583333
vt 3.416667 0.625000
vt 3.416667 0.666667
vt 3.416667 0.708333
vt 3.416667 0.750000
vt 3.416667 0.791667
vt 3.416667 0.833333
vt 3.416667 0.875000
vt 3.416667 0.916667
vt 3.416667 0.958333
vt 3.416667 1.000000
vt 3.500000 0.000000
vt 3.500000 0.041667
vt 3.500000 0.083333
vt 3.500000 0.125000
vt 3.500000 0.166667
vt 3.500000 0.208333
vt 3.500000 0.250000
vt 3.500000 0.291667
vt 3.500000 0.333333
vt 3.500000 0.375000
vt 3.500000 0.416667
vt 3.500000 0.458333
vt 3.500000 0.500000
vt 3.500000 0.541667
vt 3.500000 0.583333
vt 3.500000 0.625000
vt 3.500000 0.666667
vt 3.500000 0.708333
vt 3.500000 0.750000
vt 3.500000 0.791667
vt 3.500000 0.833333
vt 3.500000 0.875000
vt 3.500000 0.916667
vt 3.500000 0.958333
vt 3.500000 1.000000
vt 3.583333 0.000000
vt 3.583333 0.041667
vt 3.583333 0.083333
vt 3.583333 0.125000
vt 3.583333 0.166667
vt 3.583333 0.208333
vt 3.583333 0.250000
vt 3.583333 0.291667
vt 3.583333 0.333333
vt 3.583333 0.375000
vt 3.583333 0.416667
vt 3.583333 0.458333
vt 3.583333 0.500000
vt 3.583333 0.541667
vt 3.583333 0.583333
vt 3.583333 0.625000
vt 3.583333 0.666667
vt 3.583333 0.708333
vt 3.583333 0.750000
vt 3.583333 0.791667
vt 3.583333 0.833333
vt 3.583333 0.875000
vt 3.583333 0.916667
vt 3.583333 0.958333
vt 3.583333 1.000000
vt 3.666667 0.000000
vt 3.666667 0.041667
vt 3.666667 0.083333
vt 3.666667 0.125000
vt 3.666667 0.166667
vt 3.666667 0.208333
vt 3.666667 0.250000
vt 3.666667 0.291667
vt 3.666667 0.333333
vt 3.666667 0.375000
vt 3.666667 0.416667
vt 3.666667 0.458333
vt 3.666667 0.500000
vt 3.666667 0.541667
vt 3.666667 0.583333
vt 3.666667 0.625000
vt 3.666667 0.666667
vt 3.666667 0.708333
vt 3.666667 0.750000
vt 3.666667 0.791667
vt 3.666667 0.833333
vt 3.666667 0.875000
vt 3.666667 0.916667
vt 3.666667 0.958333
vt 3.666667 1.000000
vt 3.750000 0.000000
vt 3.750000 0.041667
vt 3.750000 0.083333
vt 3.750000 0.125000
vt 3.750000 0.166667
vt 3.750000 0.208333
vt 3.750000 0.250000
vt 3.750000 0.291667
vt 3.750000 0.333333
vt 3.750000 0.375000
vt 3.750000 0.416667
vt 3.750000 0.458333
vt 3.750000 0.500000
vt 3.750000 0.541667
vt 3.750000 0.583333
vt 3.750000 0.625000
vt 3.750000 0.666667
vt 3.750000 0.708333
vt 3.750000 0.750000
vt 3.750000 0.791667
vt 3.750000 0.833333
vt 3.750000 0.875000
vt 3.750000 0.916667
vt 3.750000 0.958333
vt 3.750000 1.000000
vt 3.833333 0.000000
vt 3.833333 0.041667
vt 3.833333 0.083333
vt 3.833333 0.125000
vt 3.833333 0.166667
vt 3.833333 0.208333
vt 3.833333 0.250000
vt 3.833333 0.291667
vt 3.833333 0.333333
vt 3.833333 0.375000
vt 3.833333 0.416667
vt 3.833333 0.458333
vt 3.833333 0.500000
vt 3.833333 0.541667
vt 3.833333 0.583333
vt 3.833333 0.625000
vt 3.833333 0.666667
vt 3.833333 0.708333
vt 3.833333 0.750000
vt 3.833333 0.791667
vt 3.833333 0.833333
vt 3.833333 0.875000
vt 3.833333 0.916667
vt 3.833333 0.958333
vt 3.833333 1.000000
vt 3.916667 0.000000
vt 3.916667 0.041667
vt 3.916667 0.083333
vt 3.916667 0.125000
vt 3.916667 0.166667
vt 3.916667 0.208333
vt 3.916667 0.250000
vt 3.916667 0.291667
vt 3.916667 0.333333
vt 3.916667 0.375000
vt 3.916667 0.416667
vt 3.916667 0.458333
vt 3.916667 0.500000
vt 3.916667 0.541667
vt 3.916667 0.583333
vt 3.916667 0.625000
vt 3.916667 0.666667
vt 3.916667 0.708333
vt 3.916667 0.750000
vt 3.916667 0.791667
vt 3.916667 0.833333
vt 3.916667 0.875000
vt 3.916667 0.916667
vt 3.916667 0.958333
vt 3.916667 1.000000
vt 4.000000 0.000000
vt 4.000000 0.041667
vt 4.000000 0.083333
vt 4.000000 0.125000
vt 4.000000 0.166667
vt 4.000000 0.208333
vt 4.000000 0.250000
vt 4.000000 0.291667
vt 4.000000 0.333333
vt 4.000000 0.375000
vt 4.000000 0.416667
vt 4.000000 0.458333
vt 4.000000 0.500000
vt 4.000000 0.541667
vt 4.000000 0.583333
vt 4.000000 0.625000
vt 4.000000 0.666667
vt 4.000000 0.708333
vt 4.000000 0.750000
vt 4.000000 0.791667
vt 4.000000 0.833333
vt 4.000000 0.875000
vt 4.000000 0.916667
vt 4.000000 0.958333
vt 4.000000 1.000000
vn 1.000000 0.000000 0.000000
vn 0.965926 0.258819 0.000000
vn 0.866025 0.500000 0.000000
vn 0.707107 0.707107 0.000000
vn 0.500000 0.866025 0.000000
vn 0.258819 0.965926 0.000000
vn 0.000000 1.000000 0.000000
vn -0.258819 0.965926 -0.000000
vn -0.500000 0.866025 -0.000000
vn -0.707107 0.707107 -0.000000
vn -0.866025 0.500000 -0.000000
vn -0.965926 0.258819 -0.000000
vn -1.000000 0.000000 -0.000000
vn -0.965926 -0.258819 -0.000000
vn -0.866025 -0.500000 -0.000000
vn -0.707107 -0.707107 -0.000000
vn -0.500000 -0.866025 -0.000000
vn -0.258819 -0.965926 -0.000000
vn -0.000000 -1.000000 -0.000000
vn 0.258819 -0.965926 0.000000
vn 0.500000 -0.866025 0.000000
vn 0.707107 -0.707107 0.000000
vn 0.866025 -0.500000 0.000000
vn 0.965926 -0.258819 0.000000
vn 1.000000 -0.000000 0.000000
vn 0.991445 0.000000 0.130526
vn 0.957662 0.258819 0.126079
vn 0.858616 0.500000 0.113039
vn 0.701057 0.707107 0.092296
vn 0.495722 0.866025 0.065263
vn 0.256605 0.965926 0.033783
vn 0.000000 1.000000 0.000000
vn -0.256605 0.965926 -0.033783
vn -0.495722 0.866025 -0.065263
vn -0.701057 0.707107 -0.092296
vn -0.858616 0.500000 -0.113039
vn -0.957662 0.258819 -0.126079
vn -0.991445 0.000000 -0.130526
vn -0.957662 -0.258819 -0.126079
vn -0.858616 -0.500000 -0.113039
vn -0.701057 -0.707107 -0.092296
vn -0.495722 -0.866025 -0.065263
vn -0.256605 -0.965926 -0.033783
vn -0.000000 -1.000000 -0.000000
vn 0.256605 -0.965926 0.033783
vn 0.495722 -0.866025 0.065263
vn 0.701057 -0.707107 0.092296
vn 0.858616 -0.500000 0.113039
vn 0.957662 -0.258819 0.126079
vn 0.991445 -0.000000 0.130526
vn 0.965926 0.000000 0.258819
vn 0.933013 0.258819 0.250000
vn 0.836516 0.500000 0.224144
vn 0.683013 0.707107 0.183013
vn 0.482963 0.866025 0.129410
vn 0.250000 0.965926 0.066987
vn 0.000000 1.000000 0.000000
vn -0.250000 0.965926 -0.066987
vn -0.482963 0.866025 -0.129410
vn -0.683013 0.707107 -0.183013
vn -0.836516 0.500000 -0.224144
vn -0.933013 0.258819 -0.250000
vn -0.965926 0.000000 -0.258819
vn -0.933013 -0.258819 -0.250000
vn -0.836516 -0.500000 -0.224144
vn -0.683013 -0.707107 -0.183013
vn -0.482963 -0.866025 -0.129410
vn -0.250000 -0.965926 -0.066987
vn -0.000000 -1.000000 -0.000000
vn 0.250000 -0.965926 0.066987
vn 0.482963 -0.866025 0.129410
vn 0.683013 -0.707107 0.183013
vn 0.836516 -0.500000 0.224144
vn 0.933013 -0.258819 0.250000
vn 0.965926 -0.000000 0.258819
vn 0.923880 0.000000 0.382683
vn 0.892399 0.258819 0.369644
vn 0.800103 0.500000 0.331414
vn 0.653281 0.707107 0.270598
vn 0.461940 0.866025 0.191342
vn 0.239118 0.965926 0.099046
vn 0.000000 1.000000 0.000000
vn -0.239118 0.965926 -0.099046
vn -0.461940 0.866025 -0.191342
vn -0.653281 0.707107 -0.270598
vn -0.800103 0.500000 -0.331414
vn -0.892399 0.258819 -0.369644
vn -0.923880 0.000000 -0.382683
vn -0.892399 -0.258819 -0.369644
vn -0.800103 -0.500000 -0.331414
vn -0.653281 -0.707107 -0.270598
vn -0.461940 -0.866025 -0.191342
vn -0.239118 -0.965926 -0.099046
vn -0.000000 -1.000000 -0.000000
vn 0.239118 -0.965926 0.099046
vn 0.461940 -0.866025 0.191342
vn 0.653281 -0.707107 0.270598
vn 0.800103 -0.500000 0.331414
vn 0.892399 -0.258819 0.369644
vn 0.923880 -0.000000 0.382683
vn 0.866025 0.000000 0.500000
vn 0.836516 0.258819 0.482963
vn 0.750000 0.500000 0.433013
vn 0.612372 0.707107 0.353553
vn 0.433013 0.866025 0.250000
vn 0.224144 0.965926 0.129410
vn 0.000000 1.000000 0.000000
vn -0.224144 0.965926 -0.129410
vn -0.433013 0.866025 -0.250000
vn -0.612372 0.707107 -0.353553
vn -0.750000 0.500000 -0.433013
vn -0.836516 0.258819 -0.482963
vn -0.866025 0.000000 -0.500000
vn -0.836516 -0.258819 -0.482963
vn -0.750000 -0.500000 -0.433013
vn -0.612372 -0.707107 -0.353553
vn -0.433013 -0.866025 -0.250000
vn -0.224144 -0.965926 -0.129410
vn -0.000000 -1.000000 -0.000000
vn 0.224144 -0.965926 0.129410
vn 0.433013 -0.866025 0.250000
vn 0.612372 -0.707107 0.353553
vn 0.750000 -0.500000 0.433013
vn 0.836516 -0.258819 0.482963
vn 0.866025 -0.000000 0.500000
vn 0.793353 0.000000 0.608761
vn 0.766320 0.258819 0.588018
vn 0.687064 0.500000 0.527203
vn 0.560986 0.707107 0.430459
vn 0.396677 0.866025 0.304381
vn 0.205335 0.965926 0.157559
vn 0.000000 1.000000 0.000000
vn -0.205335 0.965926 -0.157559
vn -0.396677 0.866025 -0.304381
vn -0.560986 0.707107 -0.430459
vn -0.687064 0.500000 -0.527203
vn -0.766320 0.258819 -0.588018
vn -0.793353 0.000000 -0.608761
vn -0.766320 -0.258819 -0.588018
vn -0.687064 -0.500000 -0.527203
vn -0.560986 -0.707107 -0.430459
vn -0.396677 -0.866025 -0.304381
vn -0.205335 -0.965926 -0.157559
vn -0.000000 -1.000000 -0.000000
vn 0.205335 -0.965926 0.157559
vn 0.396677 -0.866025 0.304381
vn 0.560986 -0.707107 0.430459
vn 0.687064 -0.500000 0.527203
vn 0.766320 -0.258819 0.588018
vn 0.793353 -0.000000 0.608761
vn 0.707107 0.000000 0.707107
vn 0.683013 0.258819 0.683013
vn 0.612372 0.500000 0.612372
vn 0.500000 0.707107 0.500000
vn 0.353553 0.866025 0.353553
vn 0.183013 0.965926 0.183013
vn 0.000000 1.000000 0.000000
vn -0.183013 0.965926 -0.183013
vn -0.353553 0.866025 -0.353553
vn -0.500000 0.707107 -0.500000
vn -0.612372 0.500000 -0.612372
vn -0.683013 0.258819 -0.683013
vn -0.707107 0.000000 -0.707107
vn -0.683013 -0.258819 -0.683013
vn -0.612372 -0.500000 -0.612372
vn -0.500000 -0.707107 -0.500000
vn -0.353553 -0.866025 -0.353553
vn -0.183013 -0.965926 -0.183013
vn -0.000000 -1.000000 -0.000000
vn 0.183013 -0.965926 0.183013
vn 0.353553 -0.866025 0.353553
vn 0.500000 -0.707107 0.500000
vn 0.612372 -0.500000 0.612372
vn 0.683013 -0.258819 0.683013
vn 0.707107 -0.000000 0.707107
vn 0.608761 0.000000 0.793353
vn 0.588018 0.258819 0.766320
vn 0.527203 0.500000 0.687064
vn 0.430459 0.707107 0.560986
vn 0.304381 0.866025 0.396677
vn 0.157559 0.965926 0.205335
vn 0.000000 1.000000 0.000000
vn -0.157559 0.965926 -0.205335
vn -0.304381 0.866025 -0.396677
vn -0.430459 0.707107 -0.560986
vn -0.527203 0.500000 -0.687064
vn -0.588018 0.258819 -0.766320
vn -0.608761 0.000000 -0.793353
vn -0.588018 -0.258819 -0.766320
vn -0.527203 -0.500000 -0.687064
vn -0.430459 -0.707107 -0.560986
vn -0.304381 -0.866025 -0.396677
vn -0.157559 -0.965926 -0.205335
vn -0.000000 -1.000000 -0.000000
vn 0.157559 -0.965926 0.205335
vn 0.304381 -0.866025 0.396677
vn 0.430459 -0.707107 0.560986
vn 0.527203 -0.500000 0.687064
vn 0.588018 -0.258819 0.766320
vn 0.608761 -0.000000 0.793353
vn 0.500000 0.000000 0.866025
vn 0.482963 0.258819 0.836516
vn 0.433013 0.500000 0.750000
vn 0.353553 0.707107 0.612372
vn 0.250000 0.866025 0.433013
vn 0.129410 0.965926 0.224144
vn 0.000000 1.000000 0.000000
vn -0.129410 0.965926 -0.224144
vn -0.250000 0.866025 -0.433013
vn -0.353553 0.707107 -0.612372
vn -0.433013 0.500000 -0.750000
vn -0.482963 0.258819 -0.836516
vn -0.500000 0.000000 -0.866025
vn -0.482963 -0.258819 -0.836516
vn -0.433013 -0.500000 -0.750000
vn -0.353553 -0.707107 -0.612372
vn -0.250000 -0.866025 -0.433013
vn -0.129410 -0.965926 -0.224144
vn -0.000000 -1.000000 -0.000000
vn 0.129410 -0.965926 0.224144
vn 0.250000 -0.866025 0.433013
vn 0.353553 -0.707107 0.612372
vn 0.433013 -0.500000 0.750000
vn 0.482963 -0.258819 0.836516
vn 0.500000 -0.000000 0.866025
vn 0.382683 0.000000 0.923880
vn 0.369644 0.258819 0.892399
vn 0.331414 0.500000 0.800103
vn 0.270598 0.707107 0.653281
vn 0.191342 0.866025 0.461940
vn 0.099046 0.965926 0.239118
vn 0.000000 1.000000 0.000000
vn -0.099046 0.965926 -0.239118
vn -0.191342 0.866025 -0.461940
vn -0.270598 0.707107 -0.653281
vn -0.331414 0.500000 -0.800103
vn -0.369644 0.258819 -0.892399
vn -0.382683 0.000000 -0.923880
vn -0.369644 -0.258819 -0.892399
vn -0.331414 -0.500000 -0.800103
vn -0.270598 -0.707107 -0.653281
vn -0.191342 -0.866025 -0.461940
vn -0.099046 -0.965926 -0.239118
vn -0.000000 -1.000000 -0.000000
vn 0.099046 -0.965926 0.239118
vn 0.191342 -0.866025 0.461940
vn 0.270598 -0.707107 0.653281
vn 0.331414 -0.500000 0.800103
vn 0.369644 -0.258819 0.892399
vn 0.382683 -0.000000 0.923880
vn 0.258819 0.000000 0.965926
vn 0.250000 0.258819 0.933013
vn 0.224144 0.500000 0.836516
vn 0.183013 0.707107 0.683013
vn 0.129410 0.866025 0.482963
vn 0.066987 0.965926 0.250000
vn 0.000000 1.000000 0.000000
vn -0.066987 0.965926 -0.250000
vn -0.129410 0.866025 -0.482963
vn -0.183013 0.707107 -0.683013
vn -0.224144 0.500000 -0.836516
vn -0.250000 0.258819 -0.933013
vn -0.258819 0.000000 -0.965926
vn -0.250000 -0.258819 -0.933013
vn -0.224144 -0.500000 -0.836516
vn -0.183013 -0.707107 -0.683013
vn -0.129410 -0.866025 -0.482963
vn -0.066987 -0.965926 -0.250000
vn -0.000000 -1.000000 -0.000000
vn 0.066987 -0.965926 0.250000
vn 0.129410 -0.866025 0.482963
vn 0.183013 -0.707107 0.683013
vn 0.224144 -0.500000 0.836516
vn 0.250000 -0.258819 0.933013
vn 0.258819 -0.000000 0.965926
vn 0.130526 0.000000 0.991445
vn 0.126079 0.258819 0.957662
vn 0.113039 0.500000 0.858616
vn 0.092296 0.707107 0.701057
vn 0.065263 0.866025 0.495722
vn 0.033783 0.965926 0.256605
vn 0.000000 1.000000 0.000000
vn -0.033783 0.965926 -0.256605
vn -0.065263 0.866025 -0.495722
vn -0.092296 0.707107 -0.701057
vn -0.113039 0.500000 -0.858616
vn -0.126079 0.258819 -0.957662
vn -0.130526 0.000000 -0.991445
vn -0.126079 -0.258819 -0.957662
vn -0.113039 -0.500000 -0.858616
vn -0.092296 -0.707107 -0.701057
vn -0.065263 -0.866025 -0.495722
vn -0.033783 -0.965926 -0.256605
vn -0.000000 -1.000000 -0.000000
vn 0.033783 -0.965926 0.256605
vn 0.065263 -0.866025 0.495722
vn 0.092296 -0.707107 0.701057
vn 0.113039 -0.500000 0.858616
vn 0.126079 -0.258819 0.957662
vn 0.130526 -0.000000 0.991445
vn 0.000000 0.000000 1.000000
vn 0.000000 0.258819 0.965926
vn 0.000000 0.500000 0.866025
vn 0.000000 0.707107 0.707107
vn 0.000000 0.866025 0.500000
vn 0.000000 0.965926 0.258819
vn 0.000000 1.000000 0.000000
vn -0.000000 0.965926 -0.258819
vn -0.000000 0.866025 -0.500000
vn -0.000000 0.707107 -0.707107
vn -0.000000 0.500000 -0.866025
vn -0.000000 0.258819 -0.965926
vn -0.000000 0.000000 -1.000000
vn -0.000000 -0.258819 -0.965926
vn -0.000000 -0.500000 -0.866025
vn -0.000000 -0.707107 -0.707107
vn -0.000000 -0.866025 -0.500000
vn -0.000000 -0.965926 -0.258819
vn -0.000000 -1.000000 -0.000000
vn 0.000000 -0.965926 0.258819
vn 0.000000 -0.866025 0.500000
vn 0.000000 -0.707107 0.707107
vn 0.000000 -0.500000 0.866025
vn 0.000000 -0.258819 0.965926
vn 0.000000 -0.000000 1.000000
vn -0.130526 0.000000 0.991445
vn -0.126079 0.258819 0.957662
vn -0.113039 0.500000 0.858616
vn -0.092296 0.707107 0.701057
vn -0.065263 0.866025 0.495722
vn -0.033783 0.965926 0.256605
vn -0.000000 1.000000 0.000000
vn 0.033783 0.965926 -0.256605
vn 0.065263 0.866025 -0.495722
vn 0.092296 0.707107 -0.701057
vn 0.113039 0.500000 -0.858616
vn 0.126079 0.258819 -0.957662
vn 0.130526 0.000000 -0.991445
vn 0.126079 -0.258819 -0.957662
vn 0.113039 -0.500000 -0.858616
vn 0.092296 -0.707107 -0.701057
vn 0.065263 -0.866025 -0.495722
vn 0.033783 -0.965926 -0.256605
vn 0.000000 -1.000000 -0.000000
vn -0.033783 -0.965926 0.256605
vn -0.065263 -0.866025 0.495722
vn -0.092296 -0.707107 0.701057
vn -0.113039 -0.500000 0.858616
vn -0.126079 -0.258819 0.957662
vn -0.130526 -0.000000 0.991445
vn -0.258819 0.000000 0.965926
vn -0.250000 0.258819 0.933013
vn -0.224144 0.500000 0.836516
vn -0.183013 0.707107 0.683013
vn -0.129410 0.866025 0.482963
vn -0.066987 0.965926 0.250000
vn -0.000000 1.000000 0.000000
vn 0.066987 0.965926 -0.250000
vn 0.129410 0.866025 -0.482963
vn 0.183013 0.707107 -0.683013
vn 0.224144 0.500000 -0.836516
vn 0.250000 0.258819 -0.933013
vn 0.258819 0.000000 -0.965926
vn 0.250000 -0.258819 -0.933013
vn 0.224144 -0.500000 -0.836516
vn 0.183013 -0.707107 -0.683013
vn 0.129410 -0.866025 -0.482963
vn 0.066987 -0.965926 -0.250000
vn 0.000000 -1.000000 -0.000000
vn -0.066987 -0.965926 0.250000
vn -0.129410 -0.866025 0.482963
vn -0.183013 -0.707107 0.683013
vn -0.224144 -0.500000 0.836516
vn -0.250000 -0.258819 0.933013
vn -0.258819 -0.000000 0.965926
vn -0.382683 0.000000 0.923880
vn -0.369644 0.258819 0.892399
vn -0.331414 0.500000 0.800103
vn -0.270598 0.707107 0.653281
vn -0.191342 0.866025 0.461940
vn -0.099046 0.965926 0.239118
vn -0.000000 1.000000 0.000000
vn 0.099046 0.965926 -0.239118
vn 0.191342 0.866025 -0.461940
vn 0.270598 0.707107 -0.653281
vn 0.331414 0.500000 -0.800103
vn 0.369644 0.258819 -0.892399
vn 0.382683 0.000000 -0.923880
vn 0.369644 -0.258819 -0.892399
vn 0.331414 -0.500000 -0.800103
vn 0.270598 -0.707107 -0.653281
vn 0.191342 -0.866025 -0.461940
vn 0.099046 -0.965926 -0.239118
vn 0.000000 -1.000000 -0.000000
vn -0.099046 -0.965926 0.239118
vn -0.191342 -0.866025 0.461940
vn -0.270598 -0.707107 0.653281
vn -0.331414 -0.500000 0.800103
vn -0.369644 -0.258819 0.892399
vn -0.382683 -0.000000 0.923880
vn -0.500000 0.000000 0.866025
vn -0.482963 0.258819 0.836516
vn -0.433013 0.500000 0.750000
vn -0.353553 0.707107 0.612372
vn -0.250000 0.866025 0.433013
vn -0.129410 0.965926 0.224144
vn -0.000000 1.000000 0.000000
vn 0.129410 0.965926 -0.224144
vn 0.250000 0.866025 -0.433013
vn 0.353553 0.707107 -0.612372
vn 0.433013 0.500000 -0.750000
vn 0.482963 0.258819 -0.836516
vn 0.500000 0.000000 -0.866025
vn 0.482963 -0.258819 -0.836516
vn 0.433013 -0.500000 -0.750000
vn 0.353553 -0.707107 -0.612372
vn 0.250000 -0.866025 -0.433013
vn 0.129410 -0.965926 -0.224144
vn 0.000000 -1.000000 -0.000000
vn -0.129410 -0.965926 0.224144
vn -0.250000 -0.866025 0.433013
vn -0.353553 -0.707107 0.612372
vn -0.433013 -0.500000 0.750000
vn -0.482963 -0.258819 0.836516
vn -0.500000 -0.000000 0.866025
vn -0.608761 0.000000 0.793353
vn -0.588018 0.258819 0.766320
vn -0.527203 0.500000 0.687064
vn -0.430459 0.707107 0.560986
vn -0.304381 0.866025 0.396677
vn -0.157559 0.965926 0.205335
vn -0.000000 1.000000 0.000000
vn 0.157559 0.965926 -0.205335
vn 0.304381 0.866025 -0.396677
vn 0.430459 0.707107 -0.560986
vn 0.527203 0.500000 -0.687064
vn 0.588018 0.258819 -0.766320
vn 0.608761 0.000000 -0.793353
vn 0.588018 -0.258819 -0.766320
vn 0.527203 -0.500000 -0.687064
vn 0.430459 -0.707107 -0.560986
vn 0.304381 -0.866025 -0.396677
vn 0.157559 -0.965926 -0.205335
vn 0.000000 -1.000000 -0.000000
vn -0.157559 -0.965926 0.205335
vn -0.304381 -0.866025 0.396677
vn -0.430459 -0.707107 0.560986
vn -0.527203 -0.500000 0.687064
vn -0.588018 -0.258819 0.766320
vn -0.608761 -0.000000 0.793353
vn -0.707107 0.000000 0.707107
vn -0.683013 0.258819 0.683013
vn -0.612372 0.500000 0.612372
vn -0.500000 0.707107 0.500000
vn -0.353553 0.866025 0.353553
vn -0.183013 0.965926 0.183013
vn -0.000000 1.000000 0.000000
vn 0.183013 0.965926 -0.183013
vn 0.353553 0.866025 -0.353553
vn 0.500000 0.707107 -0.500000
vn 0.612372 0.500000 -0.612372
vn 0.683013 0.258819 -0.683013
vn 0.707107 0.000000 -0.707107
vn 0.683013 -0.258819 -0.683013
vn 0.612372 -0.500000 -0.612372
vn 0.500000 -0.707107 -0.500000
vn 0.353553 -0.866025 -0.353553
vn 0.183013 -0.965926 -0.183013
vn 0.000000 -1.000000 -0.000000
vn -0.183013 -0.965926 0.183013
vn -0.353553 -0.866025 0.353553
vn -0.500000 -0.707107 0.500000
vn -0.612372 -0.500000 0.612372
vn -0.683013 -0.258819 0.683013
vn -0.707107 -0.000000 0.707107
vn -0.793353 0.000000 0.608761
vn -0.766320 0.258819 0.588018
vn -0.687064 0.500000 0.527203
vn -0.560986 0.707107 0.430459
vn -0.396677 0.866025 0.304381
vn -0.205335 0.965926 0.157559
vn -0.000000 1.000000 0.000000
vn 0.205335 0.965926 -0.157559
vn 0.396677 0.866025 -0.304381
vn 0.560986 0.707107 -0.430459
vn 0.687064 0.500000 -0.527203
vn 0.766320 0.258819 -0.588018
vn 0.793353 0.000000 -0.608761
vn 0.766320 -0.258819 -0.588018
vn 0.687064 -0.500000 -0.527203
vn 0.560986 -0.707107 -0.430459
vn 0.396677 -0.866025 -0.304381
vn 0.205335 -0.965926 -0.157559
vn 0.000000 -1.000000 -0.000000
vn -0.205335 -0.965926 0.157559
vn -0.396677 -0.866025 0.304381
vn -0.560986 -0.707107 0.430459
vn -0.687064 -0.500000 0.527203
vn -0.766320 -0.258819 0.588018
vn -0.793353 -0.000000 0.608761
vn -0.866025 0.000000 0.500000
vn -0.836516 0.258819 0.482963
vn -0.750000 0.500000 0.433013
vn -0.612372 0.707107 0.353553
vn -0.433013 0.866025 0.250000
vn -0.224144 0.965926 0.129410
vn -0.000000 1.000000 0.000000
vn 0.224144 0.965926 -0.129410
vn 0.433013 0.866025 -0.250000
vn 0.612372 0.707107 -0.353553
vn 0.750000 0.500000 -0.433013
vn 0.836516 0.258819 -0.482963
vn 0.866025 0.000000 -0.500000
vn 0.836516 -0.258819 -0.482963
vn 0.750000 -0.500000 -0.433013
vn 0.612372 -0.707107 -0.353553
vn 0.433013 -0.866025 -0.250000
vn 0.224144 -0.965926 -0.129410
vn 0.000000 -1.000000 -0.000000
vn -0.224144 -0.965926 0.129410
vn -0.433013 -0.866025 0.250000
vn -0.612372 -0.707107 0.353553
vn -0.750000 -0.500000 0.433013
vn -0.836516 -0.258819 0.482963
vn -0.866025 -0.000000 0.500000
vn -0.923880 0.000000 0.382683
vn -0.892399 0.258819 0.369644
vn -0.800103 0.500000 0.331414
vn -0.653281 0.707107 0.270598
vn -0.461940 0.866025 0.191342
vn -0.239118 0.965926 0.099046
vn -0.000000 1.000000 0.000000
vn 0.239118 0.965926 -0.099046
vn 0.461940 0.866025 -0.191342
vn 0.653281 0.707107 -0.270598
vn 0.800103 0.500000 -0.331414
vn 0.892399 0.258819 -0.369644
vn 0.923880 0.000000 -0.382683
vn 0.892399 -0.258819 -0.369644
vn 0.800103 -0.500000 -0.331414
vn 0.653281 -0.707107 -0.270598
vn 0.461940 -0.866025 -0.191342
vn 0.239118 -0.965926 -0.099046
vn 0.000000 -1.000000 -0.000000
vn -0.239118 -0.965926 0.099046
vn -0.461940 -0.866025 0.191342
vn -0.653281 -0.707107 0.270598
vn -0.800103 -0.500000 0.331414
vn -0.892399 -0.258819 0.369644
vn -0.923880 -0.000000 0.382683
vn -0.965926 0.000000 0.258819
vn -0.933013 0.258819 0.250000
vn -0.836516 0.500000 0.224144
vn -0.683013 0.707107 0.183013
vn -0.482963 0.866025 0.129410
vn -0.250000 0.965926 0.066987
vn -0.000000 1.000000 0.000000
vn 0.250000 0.965926 -0.066987
vn 0.482963 0.866025 -0.129410
vn 0.683013 0.707107 -0.183013
vn 0.836516 0.500000 -0.224144
vn 0.933013 0.258819 -0.250000
vn 0.965926 0.000000 -0.258819
vn 0.933013 -0.258819 -0.250000
vn 0.836516 -0.500000 -0.224144
vn 0.683013 -0.707107 -0.183013
vn 0.482963 -0.866025 -0.129410
vn 0.250000 -0.965926 -0.066987
vn 0.000000 -1.000000 -0.000000
vn -0.250000 -0.965926 0.066987
vn -0.482963 -0.866025 0.129410
vn -0.683013 -0.707107 0.183013
vn -0.836516 -0.500000 0.224144
vn -0.933013 -0.258819 0.250000
vn -0.965926 -0.000000 0.258819
vn -0.991445 0.000000 0.130526
vn -0.957662 0.258819 0.126079
vn -0.858616 0.500000 0.113039
vn -0.701057 0.707107 0.092296
vn -0.495722 0.866025 0.065263
vn -0.256605 0.965926 0.033783
vn -0.000000 1.000000 0.000000
vn 0.256605 0.965926 -0.033783
vn 0.495722 0.866025 -0.065263
vn 0.701057 0.707107 -0.092296
vn 0.858616 0.500000 -0.113039
vn 0.957662 0.258819 -0.126079
vn 0.991445 0.000000 -0.130526
vn 0.957662 -0.258819 -0.126079
vn 0.858616 -0.500000 -0.113039
vn 0.701057 -0.707107 -0.092296
vn 0.495722 -0.866025 -0.065263
vn 0.256605 -0.965926 -0.033783
vn 0.000000 -1.000000 -0.000000
vn -0.256605 -0.965926 0.033783
vn -0.495722 -0.866025 0.065263
vn -0.701057 -0.707107 0.092296
vn -0.858616 -0.500000 0.113039
vn -0.957662 -0.258819 0.126079
vn -0.991445 -0.000000 0.130526
vn -1.000000 0.000000 0.000000
vn -0.965926 0.258819 0.000000
vn -0.866025 0.500000 0.000000
vn -0.707107 0.707107 0.000000
vn -0.500000 0.866025 0.000000
vn -0.258819 0.965926 0.000000
vn -0.000000 1.000000 0.000000
vn 0.258819 0.965926 -0.000000
vn 0.500000 0.866025 -0.000000
vn 0.707107 0.707107 -0.000000
vn 0.866025 0.500000 -0.000000
vn 0.965926 0.258819 -0.000000
vn 1.000000 0.000000 -0.000000
vn 0.965926 -0.258819 -0.000000
vn 0.866025 -0.500000 -0.000000
vn 0.707107 -0.707107 -0.000000
vn 0.500000 -0.866025 -0.000000
vn 0.258819 -0.965926 -0.000000
vn 0.000000 -1.000000 -0.000000
vn -0.258819 -0.965926 0.000000
vn -0.500000 -0.866025 0.000000
vn -0.707107 -0.707107 0.000000
vn -0.866025 -0.500000 0.000000
vn -0.965926 -0.258819 0.000000
vn -1.000000 -0.000000 0.000000
vn -0.991445 0.000000 -0.130526
vn -0.957662 0.258819 -0.126079
vn -0.858616 0.500000 -0.113039
vn -0.701057 0.707107 -0.092296
vn -0.495722 0.866025 -0.065263
vn -0.256605 0.965926 -0.033783
vn -0.000000 1.000000 -0.000000
vn 0.256605 0.965926 0.033783
vn 0.495722 0.866025 0.065263
vn 0.701057 0.707107 0.092296
vn 0.858616 0.500000 0.113039
vn 0.957662 0.258819 0.126079
vn 0.991445 0.000000 0.130526
vn 0.957662 -0.258819 0.126079
vn 0.858616 -0.500000 0.113039
vn 0.701057 -0.707107 0.092296
vn 0.495722 -0.866025 0.065263
vn 0.256605 -0.965926 0.033783
vn 0.000000 -1.000000 0.000000
vn -0.256605 -0.965926 -0.033783
vn -0.495722 -0.866025 -0.065263
vn -0.701057 -0.707107 -0.092296
vn -0.858616 -0.500000 -0.113039
vn -0.957662 -0.258819 -0.126079
vn -0.991445 -0.000000 -0.130526
vn -0.965926 0.000000 -0.258819
vn -0.933013 0.258819 -0.250000
vn -0.836516 0.500000 -0.224144
vn -0.683013 0.707107 -0.183013
vn -0.482963 0.866025 -0.129410
vn -0.250000 0.965926 -0.066987
vn -0.000000 1.000000 -0.000000
vn 0.250000 0.965926 0.066987
vn 0.482963 0.866025 0.129410
vn 0.683013 0.707107 0.183013
vn 0.836516 0.500000 0.224144
vn 0.933013 0.258819 0.250000
vn 0.965926 0.000000 0.258819
vn 0.933013 -0.258819 0.250000
vn 0.836516 -0.500000 0.224144
vn 0.683013 -0.707107 0.183013
vn 0.482963 -0.866025 0.129410
vn 0.250000 -0.965926 0.066987
vn 0.000000 -1.000000 0.000000
vn -0.250000 -0.965926 -0.066987
vn -0.482963 -0.866025 -0.129410
vn -0.683013 -0.707107 -0.183013
vn -0.836516 -0.500000 -0.224144
vn -0.933013 -0.258819 -0.250000
vn -0.965926 -0.000000 -0.258819
vn -0.923880 0.000000 -0.382683
vn -0.892399 0.258819 -0.369644
vn -0.800103 0.500000 -0.331414
vn -0.653281 0.707107 -0.270598
vn -0.461940 0.866025 -0.191342
vn -0.239118 0.965926 -0.099046
vn -0.000000 1.000000 -0.000000
vn 0.239118 0.965926 0.099046
vn 0.461940 0.866025 0.191342
vn 0.653281 0.707107 0.270598
vn 0.800103 0.500000 0.331414
vn 0.892399 0.258819 0.369644
vn 0.923880 0.000000 0.382683
vn 0.892399 -0.258819 0.369644
vn 0.800103 -0.500000 0.331414
vn 0.653281 -0.707107 0.270598
vn 0.461940 -0.866025 0.191342
vn 0.239118 -0.965926 0.099046
vn 0.000000 -1.000000 0.000000
vn -0.239118 -0.965926 -0.099046
vn -0.461940 -0.866025 -0.191342
vn -0.653281 -0.707107 -0.270598
vn -0.800103 -0.500000 -0.331414
vn -0.892399 -0.258819 -0.369644
vn -0.923880 -0.000000 -0.382683
vn -0.866025 0.000000 -0.500000
vn -0.836516 0.258819 -0.482963
vn -0.750000 0.500000 -0.433013
vn -0.612372 0.707107 -0.353553
vn -0.433013 0.866025 -0.250000
vn -0.224144 0.965926 -0.129410
vn -0.000000 1.000000 -0.000000
vn 0.224144 0.965926 0.129410
vn 0.433013 0.866025 0.250000
vn 0.612372 0.707107 0.353553
vn 0.750000 0.500000 0.433013
vn 0.836516 0.258819 0.482963
vn 0.866025 0.000000 0.500000
vn 0.836516 -0.258819 0.482963
vn 0.750000 -0.500000 0.433013
vn 0.612372 -0.707107 0.353553
vn 0.433013 -0.866025 0.250000
vn 0.224144 -0.965926 0.129410
vn 0.000000 -1.000000 0.000000
vn -0.224144 -0.965926 -0.129410
vn -0.433013 -0.866025 -0.250000
vn -0.612372 -0.707107 -0.353553
vn -0.750000 -0.500000 -0.433013
vn -0.836516 -0.258819 -0.482963
vn -0.866025 -0.000000 -0.500000
vn -0.793353 0.000000 -0.608761
vn -0.766320 0.258819 -0.588018
vn -0.687064 0.500000 -0.527203
vn -0.560986 0.707107 -0.430459
vn -0.396677 0.866025 -0.304381
vn -0.205335 0.965926 -0.157559
vn -0.000000 1.000000 -0.000000
vn 0.205335 0.965926 0.157559
vn 0.396677 0.866025 0.304381
vn 0.560986 0.707107 0.430459
vn 0.687064 0.500000 0.527203
vn 0.766320 0.258819 0.588018
vn 0.793353 0.000000 0.608761
vn 0.766320 -0.258819 0.588018
vn 0.687064 -0.500000 0.527203
vn 0.560986 -0.707107 0.430459
vn 0.396677 -0.866025 0.304381
vn 0.205335 -0.965926 0.157559
vn 0.000000 -1.000000 0.000000
vn -0.205335 -0.965926 -0.157559
vn -0.396677 -0.866025 -0.304381
vn -0.560986 -0.707107 -0.430459
vn -0.687064 -0.500000 -0.527203
vn -0.766320 -0.258819 -0.588018
vn -0.793353 -0.000000 -0.608761
vn -0.707107 0.000000 -0.707107
vn -0.683013 0.258819 -0.683013
vn -0.612372 0.500000 -0.612372
vn -0.500000 0.707107 -0.500000
vn -0.353553 0.866025 -0.353553
vn -0.183013 0.965926 -0.183013
vn -0.000000 1.000000 -0.000000
vn 0.183013 0.965926 0.183013
vn 0.353553 0.866025 0.353553
vn 0.500000 0.707107 0.500000
vn 0.612372 0.500000 0.612372
vn 0.683013 0.258819 0.683013
vn 0.707107 0.000000 0.707107
vn 0.683013 -0.258819 0.683013
vn 0.612372 -0.500000 0.612372
vn 0.500000 -0.707107 0.500000
vn 0.353553 -0.866025 0.353553
vn 0.183013 -0.965926 0.183013
vn 0.000000 -1.000000 0.000000
vn -0.183013 -0.965926 -0.183013
vn -0.353553 -0.866025 -0.353553
vn -0.500000 -0.707107 -0.500000
vn -0.612372 -0.500000 -0.612372
vn -0.683013 -0.258819 -0.683013
vn -0.707107 -0.000000 -0.707107
vn -0.608761 0.000000 -0.793353
vn -0.588018 0.258819 -0.766320
vn -0.527203 0.500000 -0.687064
vn -0.430459 0.707107 -0.560986
vn -0.304381 0.866025 -0.396677
vn -0.157559 0.965926 -0.205335
vn -0.000000 1.000000 -0.000000
vn 0.157559 0.965926 0.205335
vn 0.304381 0.866025 0.396677
vn 0.430459 0.707107 0.560986
vn 0.527203 0.500000 0.687064
vn 0.588018 0.258819 0.766320
vn 0.608761 0.000000 0.793353
vn 0.588018 -0.258819 0.766320
vn 0.527203 -0.500000 0.687064
vn 0.430459 -0.707107 0.560986
vn 0.304381 -0.866025 0.396677
vn 0.157559 -0.965926 0.205335
vn 0.000000 -1.000000 0.000000
vn -0.157559 -0.965926 -0.205335
vn -0.304381 -0.866025 -0.396677
vn -0.430459 -0.707107 -0.560986
vn -0.527203 -0.500000 -0.687064
vn -0.588018 -0.258819 -0.766320
vn -0.608761 -0.000000 -0.793353
vn -0.500000 0.000000 -0.866025
vn -0.482963 0.258819 -0.836516
vn -0.433013 0.500000 -0.750000
vn -0.353553 0.707107 -0.612372
vn -0.250000 0.866025 -0.433013
vn -0.129410 0.965926 -0.224144
vn -0.000000 1.000000 -0.000000
vn 0.129410 0.965926 0.224144
vn 0.250000 0.866025 0.433013
vn 0.353553 0.707107 0.612372
vn 0.433013 0.500000 0.750000
vn 0.482963 0.258819 0.836516
vn 0.500000 0.000000 0.866025
vn 0.482963 -0.258819 0.836516
vn 0.433013 -0.500000 0.750000
vn 0.353553 -0.707107 0.612372
vn 0.250000 -0.866025 0.433013
vn 0.129410 -0.965926 0.224144
vn 0.000000 -1.000000 0.000000
vn -0.129410 -0.965926 -0.224144
vn -0.250000 -0.866025 -0.433013
vn -0.353553 -0.707107 -0.612372
vn -0.433013 -0.500000 -0.750000
vn -0.482963 -0.258819 -0.836516
vn -0.500000 -0.000000 -0.866025
vn -0.382683 0.000000 -0.923880
vn -0.369644 0.258819 -0.892399
vn -0.331414 0.500000 -0.800103
vn -0.270598 0.707107 -0.653281
vn -0.191342 0.866025 -0.461940
vn -0.099046 0.965926 -0.239118
vn -0.000000 1.000000 -0.000000
vn 0.099046 0.965926 0.239118
vn 0.191342 0.866025 0.461940
vn 0.270598 0.707107 0.653281
vn 0.331414 0.500000 0.800103
vn 0.369644 0.258819 0.892399
vn 0.382683 0.000000 0.923880
vn 0.369644 -0.258819 0.892399
vn 0.331414 -0.500000 0.800103
vn 0.270598 -0.707107 0.653281
vn 0.191342 -0.866025 0.461940
vn 0.099046 -0.965926 0.239118
vn 0.000000 -1.000000 0.000000
vn -0.099046 -0.965926 -0.239118
vn -0.191342 -0.866025 -0.461940
vn -0.270598 -0.707107 -0.653281
vn -0.331414 -0.500000 -0.800103
vn -0.369644 -0.258819 -0.892399
vn -0.382683 -0.000000 -0.923880
vn -0.258819 0.000000 -0.965926
vn -0.250000 0.258819 -0.933013
vn -0.224144 0.500000 -0.836516
vn -0.183013 0.707107 -0.683013
vn -0.129410 0.866025 -0.482963
vn -0.066987 0.965926 -0.250000
vn -0.000000 1.000000 -0.000000
vn 0.066987 0.965926 0.250000
vn 0.129410 0.866025 0.482963
vn 0.183013 0.707107 0.683013
vn 0.224144 0.500000 0.836516
vn 0.250000 0.258819 0.933013
vn 0.258819 0.000000 0.965926
vn 0.250000 -0.258819 0.933013
vn 0.224144 -0.500000 0.836516
vn 0.183013 -0.707107 0.683013
vn 0.129410 -0.866025 0.482963
vn 0.066987 -0.965926 0.250000
vn 0.000000 -1.000000 0.000000
vn -0.066987 -0.965926 -0.250000
vn -0.129410 -0.866025 -0.482963
vn -0.183013 -0.707107 -0.683013
vn -0.224144 -0.500000 -0.836516
vn -0.250000 -0.258819 -0.933013
vn -0.258819 -0.000000 -0.965926
vn -0.130526 0.000000 -0.991445
vn -0.126079 0.258819 -0.957662
vn -0.113039 0.500000 -0.858616
vn -0.092296 0.707107 -0.701057
vn -0.065263 0.866025 -0.495722
vn -0.033783 0.965926 -0.256605
vn -0.000000 1.000000 -0.000000
vn 0.033783 0.965926 0.256605
vn 0.065263 0.866025 0.495722
vn 0.092296 0.707107 0.701057
vn 0.113039 0.500000 0.858616
vn 0.126079 0.258819 0.957662
vn 0.130526 0.000000 0.991445
vn 0.126079 -0.258819 0.957662
vn 0.113039 -0.500000 0.858616
vn 0.092296 -0.707107 0.701057
vn 0.065263 -0.866025 0.495722
vn 0.033783 -0.965926 0.256605
vn 0.000000 -1.000000 0.000000
vn -0.033783 -0.965926 -0.256605
vn -0.065263 -0.866025 -0.495722
vn -0.092296 -0.707107 -0.701057
vn -0.113039 -0.500000 -0.858616
vn -0.126079 -0.258819 -0.957662
vn -0.130526 -0.000000 -0.991445
vn -0.000000 0.000000 -1.000000
vn -0.000000 0.258819 -0.965926
vn -0.000000 0.500000 -0.866025
vn -0.000000 0.707107 -0.707107
vn -0.000000 0.866025 -0.500000
vn -0.000000 0.965926 -0.258819
vn -0.000000 1.000000 -0.000000
vn 0.000000 0.965926 0.258819
vn 0.000000 0.866025 0.500000
vn 0.000000 0.707107 0.707107
vn 0.000000 0.500000 0.866025
vn 0.000000 0.258819 0.965926
vn 0.000000 0.000000 1.000000
vn 0.000000 -0.258819 0.965926
vn 0.000000 -0.500000 0.866025
vn 0.000000 -0.707107 0.707107
vn 0.000000 -0.866025 0.500000
vn 0.000000 -0.965926 0.258819
vn 0.000000 -1.000000 0.000000
vn -0.000000 -0.965926 -0.258819
vn -0.000000 -0.866025 -0.500000
vn -0.000000 -0.707107 -0.707107
vn -0.000000 -0.500000 -0.866025
vn -0.000000 -0.258819 -0.965926
vn -0.000000 -0.000000 -1.000000
vn 0.130526 0.000000 -0.991445
vn 0.126079 0.258819 -0.957662
vn 0.113039 0.500000 -0.858616
vn 0.092296 0.707107 -0.701057
vn 0.065263 0.866025 -0.495722
vn 0.033783 0.965926 -0.256605
vn 0.000000 1.000000 -0.000000
vn -0.033783 0.965926 0.256605
vn -0.065263 0.866025 0.495722
vn -0.092296 0.707107 0.701057
vn -0.113039 0.500000 0.858616
vn -0.126079 0.258819 0.957662
vn -0.130526 0.000000 0.991445
vn -0.126079 -0.258819 0.957662
vn -0.113039 -0.500000 0.858616
vn -0.092296 -0.707107 0.701057
vn -0.065263 -0.866025 0.495722
vn -0.033783 -0.965926 0.256605
vn -0.000000 -1.000000 0.000000
vn 0.033783 -0.965926 -0.256605
vn 0.065263 -0.866025 -0.495722
vn 0.092296 -0.707107 -0.701057
vn 0.113039 -0.500000 -0.858616
vn 0.126079 -0.258819 -0.957662
vn 0.130526 -0.000000 -0.991445
vn 0.258819 0.000000 -0.965926
vn 0.250000 0.258819 -0.933013
vn 0.224144 0.500000 -0.836516
vn 0.183013 0.707107 -0.683013
vn 0.129410 0.866025 -0.482963
vn 0.066987 0.965926 -0.250000
vn 0.000000 1.000000 -0.000000
vn -0.066987 0.965926 0.250000
vn -0.129410 0.866025 0.482963
vn -0.183013 0.707107 0.683013
vn -0.224144 0.500000 0.836516
vn -0.250000 0.258819 0.933013
vn -0.258819 0.000000 0.965926
vn -0.250000 -0.258819 0.933013
vn -0.224144 -0.500000 0.836516
vn -0.183013 -0.707107 0.683013
vn -0.129410 -0.866025 0.482963
vn -0.066987 -0.965926 0.250000
vn -0.000000 -1.000000 0.000000
vn 0.066987 -0.965926 -0.250000
vn 0.129410 -0.866025 -0.482963
vn 0.183013 -0.707107 -0.683013
vn 0.224144 -0.500000 -0.836516
vn 0.250000 -0.258819 -0.933013
vn 0.258819 -0.000000 -0.965926
vn 0.382683 0.000000 -0.923880
vn 0.369644 0.258819 -0.892399
vn 0.331414 0.500000 -0.800103
vn 0.270598 0.707107 -0.653281
vn 0.191342 0.866025 -0.461940
vn 0.099046 0.965926 -0.239118
vn 0.000000 1.000000 -0.000000
vn -0.099046 0.965926 0.239118
vn -0.191342 0.866025 0.461940
vn -0.270598 0.707107 0.653281
vn -0.331414 0.500000 0.800103
vn -0.369644 0.258819 0.892399
vn -0.382683 0.000000 0.923880
vn -0.369644 -0.258819 0.892399
vn -0.331414 -0.500000 0.800103
vn -0.270598 -0.707107 0.653281
vn -0.191342 -0.866025 0.461940
vn -0.099046 -0.965926 0.239118
vn -0.000000 -1.000000 0.000000
vn 0.099046 -0.965926 -0.239118
vn 0.191342 -0.866025 -0.461940
vn 0.270598 -0.707107 -0.653281
vn 0.331414 -0.500000 -0.800103
vn 0.369644 -0.258819 -0.892399
vn 0.382683 -0.000000 -0.923880
vn 0.500000 0.000000 -0.866025
vn 0.482963 0.258819 -0.836516
vn 0.433013 0.500000 -0.750000
vn 0.353553 0.707107 -0.612372
vn 0.250000 0.866025 -0.433013
vn 0.129410 0.965926 -0.224144
vn 0.000000 1.000000 -0.000000
vn -0.129410 0.965926 0.224144
vn -0.250000 0.866025 0.433013
vn -0.353553 0.707107 0.612372
vn -0.433013 0.500000 0.750000
vn -0.482963 0.258819 0.836516
vn -0.500000 0.000000 0.866025
vn -0.482963 -0.258819 0.836516
vn -0.433013 -0.500000 0.750000
vn -0.353553 -0.707107 0.612372
vn -0.250000 -0.866025 0.433013
vn -0.129410 -0.965926 0.224144
vn -0.000000 -1.000000 0.000000
vn 0.129410 -0.965926 -0.224144
vn 0.250000 -0.866025 -0.433013
vn 0.353553 -0.707107 -0.612372
vn 0.433013 -0.500000 -0.750000
vn 0.482963 -0.258819 -0.836516
vn 0.500000 -0.000000 -0.866025
vn 0.608761 0.000000 -0.793353
vn 0.588018 0.258819 -0.766320
vn 0.527203 0.500000 -0.687064
vn 0.430459 0.707107 -0.560986
vn 0.304381 0.866025 -0.396677
vn 0.157559 0.965926 -0.205335
vn 0.000000 1.000000 -0.000000
vn -0.157559 0.965926 0.205335
vn -0.304381 0.866025 0.396677
vn -0.430459 0.707107 0.560986
vn -0.527203 0.500000 0.687064
vn -0.588018 0.258819 0.766320
vn -0.608761 0.000000 0.793353
vn -0.588018 -0.258819 0.766320
vn -0.527203 -0.500000 0.687064
vn -0.430459 -0.707107 0.560986
vn -0.304381 -0.866025 0.396677
vn -0.157559 -0.965926 0.205335
vn -0.000000 -1.000000 0.000000
vn 0.157559 -0.965926 -0.205335
vn 0.304381 -0.866025 -0.396677
vn 0.430459 -0.707107 -0.560986
vn 0.527203 -0.500000 -0.687064
vn 0.588018 -0.258819 -0.766320
vn 0.608761 -0.000000 -0.793353
vn 0.707107 0.000000 -0.707107
vn 0.683013 0.258819 -0.683013
vn 0.612372 0.500000 -0.612372
vn 0.500000 0.707107 -0.500000
vn 0.353553 0.866025 -0.353553
vn 0.183013 0.965926 -0.183013
vn 0.000000 1.000000 -0.000000
vn -0.183013 0.965926 0.183013
vn -0.353553 0.866025 0.353553
vn -0.500000 0.707107 0.500000
vn -0.612372 0.500000 0.612372
vn -0.683013 0.258819 0.683013
vn -0.707107 0.000000 0.707107
vn -0.683013 -0.258819 0.683013
vn -0.612372 -0.500000 0.612372
vn -0.500000 -0.707107 0.500000
vn -0.353553 -0.866025 0.353553
vn -0.183013 -0.965926 0.183013
vn -0.000000 -1.000000 0.000000
vn 0.183013 -0.965926 -0.183013
vn 0.353553 -0.866025 -0.353553
vn 0.500000 -0.707107 -0.500000
vn 0.612372 -0.500000 -0.612372
vn 0.683013 -0.258819 -0.683013
vn 0.707107 -0.000000 -0.707107
vn 0.793353 0.000000 -0.608761
vn 0.766320 0.258819 -0.588018
vn 0.687064 0.500000 -0.527203
vn 0.560986 0.707107 -0.430459
vn 0.396677 0.866025 -0.304381
vn 0.205335 0.965926 -0.157559
vn 0.000000 1.000000 -0.000000
vn -0.205335 0.965926 0.157559
vn -0.396677 0.866025 0.304381
vn -0.560986 0.707107 0.430459
vn -0.687064 0.500000 0.527203
vn -0.766320 0.258819 0.588018
vn -0.793353 0.000000 0.608761
vn -0.766320 -0.258819 0.588018
vn -0.687064 -0.500000 0.527203
vn -0.560986 -0.707107 0.430459
vn -0.396677 -0.866025 0.304381
vn -0.205335 -0.965926 0.157559
vn -0.000000 -1.000000 0.000000
vn 0.205335 -0.965926 -0.157559
vn 0.396677 -0.866025 -0.304381
vn 0.560986 -0.707107 -0.430459
vn 0.687064 -0.500000 -0.527203
vn 0.766320 -0.258819 -0.588018
vn 0.793353 -0.000000 -0.608761
vn 0.866025 0.000000 -0.500000
vn 0.836516 0.258819 -0.482963
vn 0.750000 0.500000 -0.433013
vn 0.612372 0.707107 -0.353553
vn 0.433013 0.866025 -0.250000
vn 0.224144 0.965926 -0.129410
vn 0.000000 1.000000 -0.000000
vn -0.224144 0.965926 0.129410
vn -0.433013 0.866025 0.250000
vn -0.612372 0.707107 0.353553
vn -0.750000 0.500000 0.433013
vn -0.836516 0.258819 0.482963
vn -0.866025 0.000000 0.500000
vn -0.836516 -0.258819 0.482963
vn -0.750000 -0.500000 0.433013
vn -0.612372 -0.707107 0.353553
vn -0.433013 -0.866025 0.250000
vn -0.224144 -0.965926 0.129410
vn -0.000000 -1.000000 0.000000
vn 0.224144 -0.965926 -0.129410
vn 0.433013 -0.866025 -0.250000
vn 0.612372 -0.707107 -0.353553
vn 0.750000 -0.500000 -0.433013
vn 0.836516 -0.258819 -0.482963
vn 0.866025 -0.000000 -0.500000
vn 0.923880 0.000000 -0.382683
vn 0.892399 0.258819 -0.369644
vn 0.800103 0.500000 -0.331414
vn 0.653281 0.707107 -0.270598
vn 0.461940 0.866025 -0.191342
vn 0.239118 0.965926 -0.099046
vn 0.000000 1.000000 -0.000000
vn -0.239118 0.965926 0.099046
vn -0.461940 0.866025 0.191342
vn -0.653281 0.707107 0.270598
vn -0.800103 0.500000 0.331414
vn -0.892399 0.258819 0.369644
vn -0.923880 0.000000 0.382683
vn -0.892399 -0.258819 0.369644
vn -0.800103 -0.500000 0.331414
vn -0.653281 -0.707107 0.270598
vn -0.461940 -0.866025 0.191342
vn -0.239118 -0.965926 0.099046
vn -0.000000 -1.000000 0.000000
vn 0.239118 -0.965926 -0.099046
vn 0.461940 -0.866025 -0.191342
vn 0.653281 -0.707107 -0.270598
vn 0.800103 -0.500000 -0.331414
vn 0.892399 -0.258819 -0.369644
vn 0.923880 -0.000000 -0.382683
vn 0.965926 0.000000 -0.258819
vn 0.933013 0.258819 -0.250000
vn 0.836516 0.500000 -0.224144
vn 0.683013 0.707107 -0.183013
vn 0.482963 0.866025 -0.129410
vn 0.250000 0.965926 -0.066987
vn 0.000000 1.000000 -0.000000
vn -0.250000 0.965926 0.066987
vn -0.482963 0.866025 0.129410
vn -0.683013 0.707107 0.183013
vn -0.836516 0.500000 0.224144
vn -0.933013 0.258819 0.250000
vn -0.965926 0.000000 0.258819
vn -0.933013 -0.258819 0.250000
vn -0.836516 -0.500000 0.224144
vn -0.683013 -0.707107 0.183013
vn -0.482963 -0.866025 0.129410
vn -0.250000 -0.965926 0.066987
vn -0.000000 -1.000000 0.000000
vn 0.250000 -0.965926 -0.066987
vn 0.482963 -0.866025 -0.129410
vn 0.683013 -0.707107 -0.183013
vn 0.836516 -0.500000 -0.224144
vn 0.933013 -0.258819 -0.250000
vn 0.965926 -0.000000 -0.258819
vn 0.991445 0.000000 -0.130526
vn 0.957662 0.258819 -0.126079
vn 0.858616 0.500000 -0.113039
vn 0.701057 0.707107 -0.092296
vn 0.495722 0.866025 -0.065263
vn 0.256605 0.965926 -0.033783
vn 0.000000 1.000000 -0.000000
vn -0.256605 0.965926 0.033783
vn -0.495722 0.866025 0.065263
vn -0.701057 0.707107 0.092296
vn -0.858616 0.500000 0.113039
vn -0.957662 0.258819 0.126079
vn -0.991445 0.000000 0.130526
vn -0.957662 -0.258819 0.126079
vn -0.858616 -0.500000 0.113039
vn -0.701057 -0.707107 0.092296
vn -0.495722 -0.866025 0.065263
vn -0.256605 -0.965926 0.033783
vn -0.000000 -1.000000 0.000000
vn 0.256605 -0.965926 -0.033783
vn 0.495722 -0.866025 -0.065263
vn 0.701057 -0.707107 -0.092296
vn 0.858616 -0.500000 -0.113039
vn 0.957662 -0.258819 -0.126079
vn 0.991445 -0.000000 -0.130526
vn 1.000000 0.000000 -0.000000
vn 0.965926 0.258819 -0.000000
vn 0.866025 0.500000 -0.000000
vn 0.707107 0.707107 -0.000000
vn 0.500000 0.866025 -0.000000
vn 0.258819 0.965926 -0.000000
vn 0.000000 1.000000 -0.000000
vn -0.258819 0.965926 0.000000
vn -0.500000 0.866025 0.000000
vn -0.707107 0.707107 0.000000
vn -0.866025 0.500000 0.000000
vn -0.965926 0.258819 0.000000
vn -1.000000 0.000000 0.000000
vn -0.965926 -0.258819 0.000000
vn -0.866025 -0.500000 0.000000
vn -0.707107 -0.707107 0.000000
vn -0.500000 -0.866025 0.000000
vn -0.258819 -0.965926 0.000000
vn -0.000000 -1.000000 0.000000
vn 0.258819 -0.965926 -0.000000
vn 0.500000 -0.866025 -0.000000
vn 0.707107 -0.707107 -0.000000
vn 0.866025 -0.500000 -0.000000
vn 0.965926 -0.258819 -0.000000
vn 1.000000 -0.000000 -0.000000
f 1/1/1 26/26/26 2/2/2
f 26/26/26 27/27/27 2/2/2
f 2/2/2 27/27/27 3/3/3
f 27/27/27 28/28/28 3/3/3
f 3/3/3 28/28/28 4/4/4
f 28/28/28 29/29/29 4/4/4
f 4/4/4 29/29/29 5/5/5
f 29/29/29 30/30/30 5/5/5
f 5/5/5 30/30/30 6/6/6
f 30/30/30 31/31/31 6/6/6
f 6/6/6 31/31/31 7/7/7
f 31/31/31 32/32/32 7/7/7
f 7/7/7 32/32/32 8/8/8
f 32/32/32 33/33/33 8/8/8
f 8/8/8 33/33/33 9/9/9
f 33/33/33 34/34/34 9/9/9
f 9/9/9 34/34/34 10/10/10
f 34/34/34 35/35/35 10/10/10
f 10/10/10 35/35/35 11/11/11
f 35/35/35 36/36/36 11/11/11
f 11/11/11 36/36/36 12/12/12
f 36/36/36 37/37/37 12/12/12
f 12/12/12 37/37/37 13/13/13
f 37/37/37 38/38/38 13/13/13
f 13/13/13 38/38/38 14/14/14
f 38/38/38 39/39/39 14/14/14
f 14/14/14 39/39/39 15/15/15
f 39/39/39 40/40/40 15/15/15
f 15/15/15 40/40/40 16/16/16
f 40/40/40 41/41/41 16/16/16
f 16/16/16 41/41/41 17/17/17
f 41/41/41 42/42/42 17/17/17
f 17/17/17 42/42/42 18/18/18
f 42/42/42 43/43/43 18/18/18
f 18/18/18 43/43/43 19/19/19
f 43/43/43 44/44/44 19/19/19
f 19/19/19 44/44/44 20/20/20
f 44/44/44 45/45/45 20/20/20
f 20/20/20 45/45/45 21/21/21
f 45/45/45 46/46/46 21/21/21
f 21/21/21 46/46/46 22/22/22
f 46/46/46 47/47/47 22/22/22
f 22/22/22 47/47/47 23/23/23
f 47/47/47 48/48/48 23/23/23
f 23/23/23 48/48/48 24/24/24
f 48/48/48 49/49/49 24/24/24
f 24/24/24 49/49/49 25/25/25
f 49/49/49 50/50/50 25/25/25
f 26/26/26 51/51/51 27/27/27
f 51/51/51 52/52/52 27/27/27
f 27/27/27 52/52/52 28/28/28
f 52/52/52 53/53/53 28/28/28
f 28/28/28 53/53/53 29/29/29
f 53/53/53 54/54/54 29/29/29
f 29/29/29 54/54/54 30/30/30
f 54/54/54 55/55/55 30/30/30
f 30/30/30 55/55/55 31/31/31
f 55/55/55 56/56/56 31/31/31
f 31/31/31 56/56/56 32/32/32
f 56/56/56 57/57/57 32/32/32
f 32/32/32 57/57/57 33/33/33
f 57/57/57 58/58/58 33/33/33
f 33/33/33 58/58/58 34/34/34
f 58/58/58 59/59/59 34/34/34
f 34/34/34 59/59/59 35/35/35
f 59/59/59 60/60/60 35/35/35
f 35/35/35 60/60/60 36/36/36
f 60/60/60 61/61/61 36/36/36
f 36/36/36 61/61/61 37/37/37
f 61/61/61 62/62/62 37/37/37
f 37/37/37 62/62/62 38/38/38
f 62/62/62 63/63/63 38/38/38
f 38/38/38 63/63/63 39/39/39
f 63/63/63 64/64/64 39/39/39
f 39/39/39 64/64/64 40/40/40
f 64/64/64 65/65/65 40/40/40
f 40/40/40 65/65/65 41/41/41
f 65/65/65 66/66/66 41/41/41
f 41/41/41 66/66/66 42/42/42
f 66/66/66 67/67/67 42/42/42
f 42/42/42 67/67/67 43/43/43
f 67/67/67 68/68/68 43/43/43
f 43/43/43 68/68/68 44/44/44
f 68/68/68 69/69/69 44/44/44
f 44/44/44 69/69/69 45/45/45
f 69/69/69 70/70/70 45/45/45
f 45/45/45 70/70/70 46/46/46
f 70/70/70 71/71/71 46/46/46
f 46/46/46 71/71/71 47/47/47
f 71/71/71 72/72/72 47/47/47
f 47/47/47 72/72/72 48/48/48
f 72/72/72 73/73/73 48/48/48
f 48/48/48 73/73/73 49/49/49
f 73/73/73 74/74/74 49/49/49
f 49/49/49 74/74/74 50/50/50
f 74/74/74 75/75/75 50/50/50
f 51/51/51 76/76/76 52/52/52
f 76/76/76 77/77/77 52/52/52
f 52/52/52 77/77/77 53/53/53
f 77/77/77 78/78/78 53/53/53
f 53/53/53 78/78/78 54/54/54
f 78/78/78 79/79/79 54/54/54
f 54/54/54 79/79/79 55/55/55
f 79/79/79 80/80/80 55/55/55
f 55/55/55 80/80/80 56/56/56
f 80/80/80 81/81/81 56/56/56
f 56/56/56 81/81/81 57/57/57
f 81/81/81 82/82/82 57/57/57
f 57/57/57 82/82/82 58/58/58
f 82/82/82 83/83/83 58/58/58
f 58/58/58 83/83/83 59/59/59
f 83/83/83 84/84/84 59/59/59
f 59/59/59 84/84/84 60/60/60
f 84/84/84 85/85/85 60/60/60
f 60/60/60 85/85/85 61/61/61
f 85/85/85 86/86/86 61/61/61
f 61/61/61 86/86/86 62/62/62
f 86/86/86 87/87/87 62/62/62
f 62/62/62 87/87/87 63/63/63
f 87/87/87 88/88/88 63/63/63
f 63/63/63 88/88/88 64/64/64
f 88/88/88 89/89/89 64/64/64
f 64/64/64 89/89/89 65/65/65
f 89/89/89 90/90/90 65/65/65
f 65/65/65 90/90/90 66/66/66
f 90/90/90 91/91/91 66/66/66
f 66/66/66 91/91/91 67/67/67
f 91/91/91 92/92/92 67/67/67
f 67/67/67 92/92/92 68/68/68
f 92/92/92 93/93/93 68/68/68
f 68/68/68 93/93/93 69/69/69
f 93/93/93 94/94/94 69/69/69
f 69/69/69 94/94/94 70/70/70
f 94/94/94 95/95/95 70/70/70
f 70/70/70 95/95/95 71/71/71
f 95/95/95 96/96/96 71/71/71
f 71/71/71 96/96/96 72/72/72
f 96/96/96 97/97/97 72/72/72
f 72/72/72 97/97/97 73/73/73
f 97/97/97 98/98/98 73/73/73
f 73/73/73 98/98/98 74/74/74
f 98/98/98 99/99/99 74/74/74
f 74/74/74 99/99/99 75/75/75
f 99/99/99 100/100/100 75/75/75
f 76/76/76 101/101/101 77/77/77
f 101/101/101 102/102/102 77/77/77
f 77/77/77 102/102/102 78/78/78
f 102/102/102 103/103/103 78/78/78
f 78/78/78 103/103/103 79/79/79
f 103/103/103 104/104/104 79/79/79
f 79/79/79 104/104/104 80/80/80
f 104/104/104 105/105/105 80/80/80
f 80/80/80 105/105/105 81/81/81
f 105/105/105 106/106/106 81/81/81
f 81/81/81 106/106/106 82/82/82
f 106/106/106 107/107/107 82/82/82
f 82/82/82 107/107/107 83/83/83
f 107/107/107 108/108/108 83/83/83
f 83/83/83 108/108/108 84/84/84
f 108/108/108 109/109/109 84/84/84
f 84/84/84 109/109/109 85/85/85
f 109/109/109 110/110/110 85/85/85
f 85/85/85 110/110/110 86/86/86
f 110/110/110 111/111/111 86/86/86
f 86/86/86 111/111/111 87/87/87
f 111/111/111 112/112/112 87/87/87
f 87/87/87 112/112/112 88/88/88
f 112/112/112 113/113/113 88/88/88
f 88/88/88 113/113/113 89/89/89
f 113/113/113 114/114/114 89/89/89
f 89/89/89 114/114/114 90/90/90
f 114/114/114 115/115/115 90/90/90
f 90/90/90 115/115/115 91/91/91
f 115/115/115 116/116/116 91/91/91
f 91/91/91 116/116/116 92/92/92
f 116/116/116 117/117/117 92/92/92
f 92/92/92 117/117/117 93/93/93
f 117/117/117 118/118/118 93/93/93
f 93/93/93 118/118/118 94/94/94
f 118/118/118 119/119/119 94/94/94
f 94/94/94 119/119/119 95/95/95
f 119/119/119 120/120/120 95/95/95
f 95/95/95 120/120/120 96/96/96
f 120/120/120 121/121/121 96/96/96
f 96/96/96 121/121/121 97/97/97
f 121/121/121 122/122/122 97/97/97
f 97/97/97 122/122/122 98/98/98
f 122/122/122 123/123/123 98/98/98
f 98/98/98 123/123/123 99/99/99
f 123/123/123 124/124/124 99/99/99
f 99/99/99 124/124/124 100/100/100
f 124/124/124 125/125/125 100/100/100
f 101/101/101 126/126/126 102/102/102
f 126/126/126 127/127/127 102/102/102
f 102/102/102 127/127/127 103/103/103
f 127/127/127 128/128/128 103/103/103
f 103/103/103 128/128/128 104/104/104
f 128/128/128 129/129/129 104/104/104
f 104/104/104 129/129/129 105/105/105
f 129/129/129 130/130/130 105/105/105
f 105/105/105 130/130/130 106/106/106
f 130/130/130 131/131/131 106/106/106
f 106/106/106 131/131/131 107/107/107
f 131/131/131 132/132/132 107/107/107
f 107/107/107 132/132/132 108/108/108
f 132/132/132 133/133/133 108/108/108
f 108/108/108 133/133/133 109/109/109
f 133/133/133 134/134/134 109/109/109
f 109/109/109 134/134/134 110/110/110
f 134/134/134 135/135/135 110/110/110
f 110/110/110 135/135/135 111/111/111
f 135/135/135 136/136/136 111/111/111
f 111/111/111 136/136/136 112/112/112
f 136/136/136 137/137/137 112/112/112
f 112/112/112 137/137/137 113/113/113
f 137/137/137 138/138/138 113/113/113
f 113/113/113 138/138/138 114/114/114
f 138/138/138 139/139/139 114/114/114
f 114/114/114 139/139/139 115/115/115
f 139/139/139 140/140/140 115/115/115
f 115/115/115 140/140/140 116/116/116
f 140/140/140 141/141/141 116/116/116
f 116/116/116 141/141/141 117/117/117
f 141/141/141 142/142/142 117/117/117
f 117/117/117 142/142/142 118/118/118
f 142/142/142 143/143/143 118/118/118
f 118/118/118 143/143/143 119/119/119
f 143/143/143 144/144/144 119/119/119
f 119/119/119 144/144/144 120/120/120
f 144/144/144 145/145/145 120/120/120
f 120/120/120 145/145/145 121/121/121
f 145/145/145 146/146/146 121/121/121
f 121/121/121 146/146/146 122/122/122
f 146/146/146 147/147/147 122/122/122
f 122/122/122 147/147/147 123/123/123
f 147/147/147 148/148/148 123/123/123
f 123/123/123 148/148/148 124/124/124
f 148/148/148 149/149/149 124/124/124
f 124/124/124 149/149/149 125/125/125
f 149/149/149 150/150/150 125/125/125
f 126/126/126 151/151/151 127/127/127
f 151/151/151 152/152/152 127/127/127
f 127/127/127 152/152/152 128/128/128
f 152/152/152 153/153/153 128/128/128
f 128/128/128 153/153/153 129/129/129
f 153/153/153 154/154/154 129/129/129
f 129/129/129 154/154/154 130/130/130
f 154/154/154 155/155/155 130/130/130
f 130/130/130 155/155/155 131/131/131
f 155/155/155 156/156/156 131/131/131
f 131/131/131 156/156/156 132/132/132
f 156/156/156 157/157/157 132/132/132
f 132/132/132 157/157/157 133/133/133
f 157/157/157 158/158/158 133/133/133
f 133/133/133 158/158/158 134/134/134
f 158/158/158 159/159/159 134/134/134
f 134/134/134 159/159/159 135/135/135
f 159/159/159 160/160/160 135/135/135
f 135/135/135 160/160/160 136/136/136
f 160/160/160 161/161/161 136/136/136
f 136/136/136 161/161/161 137/137/137
f 161/161/161 162/162/162 137/137/137
f 137/137/137 162/162/162 138/138/138
f 162/162/162 163/163/163 138/138/138
f 138/138/138 163/163/163 139/139/139
f 163/163/163 164/164/164 139/139/139
f 139/139/139 164/164/164 140/140/140
f 164/164/164 165/165/165 140/140/140
f 140/140/140 165/165/165 141/141/141
f 165/165/165 166/166/166 141/141/141
f 141/141/141 166/166/166 142/142/142
f 166/166/166 167/167/167 142/142/142
f 142/142/142 167/167/167 143/143/143
f 167/167/167 168/168/168 143/143/143
f 143/143/143 168/168/168 144/144/144
f 168/168/168 169/169/169 144/144/144
f 144/144/144 169/169/169 145/145/145
f 169/169/169 170/170/170 145/145/145
f 145/145/145 170/170/170 146/146/146
f 170/170/170 171/171/171 146/146/146
f 146/146/146 171/171/171 147/147/147
f 171/171/171 172/172/172 147/147/147
f 147/147/147 172/172/172 148/148/148
f 172/172/172 173/173/173 148/148/148
f 148/148/148 173/173/173 149/149/149
f 173/173/173 174/174/174 149/149/149
f 149/149/149 174/174/174 150/150/150
f 174/174/174 175/175/175 150/150/150
f 151/151/151 176/176/176 152/152/152
f 176/176/176 177/177/177 152/152/152
f 152/152/152 177/177/177 153/153/153
f 177/177/177 178/178/178 153/153/153
f 153/153/153 178/178/178 154/154/154
f 178/178/178 179/179/179 154/154/154
f 154/154/154 179/179/179 155/155/155
f 179/179/179 180/180/180 155/155/155
f 155/155/155 180/180/180 156/156/156
f 180/180/180 181/181/181 156/156/156
f 156/156/156 181/181/181 157/157/157
f 181/181/181 182/182/182 157/157/157
f 157/157/157 182/182/182 158/158/158
f 182/182/182 183/183/183 158/158/158
f 158/158/158 183/183/183 159/159/159
f 183/183/183 184/184/184 159/159/159
f 159/159/159 184/184/184 160/160/160
f 184/184/184 185/185/185 160/160/160
f 160/160/160 185/185/185 161/161/161
f 185/185/185 186/186/186 161/161/161
f 161/161/161 186/186/186 162/162/162
f 186/186/186 187/187/187 162/162/162
f 162/162/162 187/187/187 163/163/163
f 187/187/187 188/188/188 163/163/163
f 163/163/163 188/188/188 164/164/164
f 188/188/188 189/189/189 164/164/164
f 164/164/164 189/189/189 165/165/165
f 189/189/189 190/190/190 165/165/165
f 165/165/165 190/190/190 166/166/166
f 190/190/190 191/191/191 166/166/166
f 166/166/166 191/191/191 167/167/167
f 191/191/191 192/192/192 167/167/167
f 167/167/167 192/192/192 168/168/168
f 192/192/192 193/193/193 168/168/168
f 168/168/168 193/193/193 169/169/169
f 193/193/193 194/194/194 169/169/169
f 169/169/169 194/194/194 170/170/170
f 194/194/194 195/195/195 170/170/170
f 170/170/170 195/195/195 171/171/171
f 195/195/195 196/196/196 171/171/171
f 171/171/171 196/196/196 172/172/172
f 196/196/196 197/197/197 172/172/172
f 172/172/172 197/197/197 173/173/173
f 197/197/197 198/198/198 173/173/173
f 173/173/173 198/198/198 174/174/174
f 198/198/198 199/199/199 174/174/174
f 174/174/174 199/199/199 175/175/175
f 199/199/199 200/200/200 175/175/175
f 176/176/176 201/201/201 177/177/177
f 201/201/201 202/202/202 177/177/177
f 177/177/177 202/202/202 178/178/178
f 202/202/202 203/203/203 178/178/178
f 178/178/178 203/203/203 179/179/179
f 203/203/203 204/204/204 179/179/179
f 179/179/179 204/204/204 180/180/180
f 204/204/204 205/205/205 180/180/180
f 180/180/180 205/205/205 181/181/181
f 205/205/205 206/206/206 181/181/181
f 181/181/181 206/206/206 182/182/182
f 206/206/206 207/207/207 182/182/182
f 182/182/182 207/207/207 183/183/183
f 207/207/207 208/208/208 183/183/183
f 183/183/183 208/208/208 184/184/184
f 208/208/208 209/209/209 184/184/184
f 184/184/184 209/209/209 185/185/185
f 209/209/209 210/210/210 185/185/185
f 185/185/185 210/210/210 186/186/186
f 210/210/210 211/211/211 186/186/186
f 186/186/186 211/211/211 187/187/187
f 211/211/211 212/212/212 187/187/187
f 187/187/187 212/212/212 188/188/188
f 212/212/212 213/213/213 188/188/188
f 188/188/188 213/213/213 189/189/189
f 213/213/213 214/214/214 189/189/189
f 189/189/189 214/214/214 190/190/190
f 214/214/214 215/215/215 190/190/190
f 190/190/190 215/215/215 191/191/191
f 215/215/215 216/216/216 191/191/191
f 191/191/191 216/216/216 192/192/192
f 216/216/216 217/217/217 192/192/192
f 192/192/192 217/217/217 193/193/193
f 217/217/217 218/218/218 193/193/193
f 193/193/193 218/218/218 194/194/194
f 218/218/218 219/219/219 194/194/194
f 194/194/194 219/219/219 195/195/195
f 219/219/219 220/220/220 195/195/195
f 195/195/195 220/220/220 196/196/196
f 220/220/220 221/221/221 196/196/196
f 196/196/196 221/221/221 197/197/197
f 221/221/221 222/222/222 197/197/197
f 197/197/197 222/222/222 198/198/198
f 222/222/222 223/223/223 198/198/198
f 198/198/198 223/223/223 199/199/199
f 223/223/223 224/224/224 199/199/199
f 199/199/199 224/224/224 200/200/200
f 224/224/224 225/225/225 200/200/200
f 201/201/201 226/226/226 202/202/202
f 226/226/226 227/227/227 202/202/202
f 202/202/202 227/227/227 203/203/203
f 227/227/227 228/228/228 203/203/203
f 203/203/203 228/228/228 204/204/204
f 228/228/228 229/229/229 204/204/204
f 204/204/204 229/229/229 205/205/205
f 229/229/229 230/230/230 205/205/205
f 205/205/205 230/230/230 206/206/206
f 230/230/230 231/231/231 206/206/206
f 206/206/206 231/231/231 207/207/207
f 231/231/231 232/232/232 207/207/207
f 207/207/207 232/232/232 208/208/208
f 232/232/232 233/233/233 208/208/208
f 208/208/208 233/233/233 209/209/209
f 233/233/233 234/234/234 209/209/209
f 209/209/209 234/234/234 210/210/210
f 234/234/234 235/235/235 210/210/210
f 210/210/210 235/235/235 211/211/211
f 235/235/235 236/236/236 211/211/211
f 211/211/211 236/236/236 212/212/212
f 236/236/236 237/237/237 212/212/212
f 212/212/212 237/237/237 213/213/213
f 237/237/237 238/238/238 213/213/213
f 213/213/213 238/238/238 214/214/214
f 238/238/238 239/239/239 214/214/214
f 214/214/214 239/239/239 215/215/215
f 239/239/239 240/240/240 215/215/215
f 215/215/215 240/240/240 216/216/216
f 240/240/240 241/241/241 216/216/216
f 216/216/216 241/241/241 217/217/217
f 241/241/241 242/242/242 217/217/217
f 217/217/217 242/242/242 218/218/218
f 242/242/242 243/243/243 218/218/218
f 218/218/218 243/243/243 219/219/219
f 243/243/243 244/244/244 219/219/219
f 219/219/219 244/244/244 220/220/220
f 244/244/244 245/245/245 220/220/220
f 220/220/220 245/245/245 221/221/221
f 245/245/245 246/246/246 221/221/221
f 221/221/221 246/246/246 222/222/222
f 246/246/246 247/247/247 222/222/222
f 222/222/222 247/247/247 223/223/223
f 247/247/247 248/248/248 223/223/223
f 223/223/223 248/248/248 224/224/224
f 248/248/248 249/249/249 224/224/224
f 224/224/224 249/249/249 225/225/225
f 249/249/249 250/250/250 225/225/225
f 226/226/226 251/251/251 227/227/227
f 251/251/251 252/252/252 227/227/227
f 227/227/227 252/252/252 228/228/228
f 252/252/252 253/253/253 228/228/228
f 228/228/228 253/253/253 229/229/229
f 253/253/253 254/254/254 229/229/229
f 229/229/229 254/254/254 230/230/230
f 254/254/254 255/255/255 230/230/230
f 230/230/230 255/255/255 231/231/231
f 255/255/255 256/256/256 231/231/231
f 231/231/231 256/256/256 232/232/232
f 256/256/256 257/257/257 232/232/232
f 232/232/232 257/257/257 233/233/233
f 257/257/257 258/258/258 233/233/233
f 233/233/233 258/258/258 234/234/234
f 258/258/258 259/259/259 234/234/234
f 234/234/234 259/259/259 235/235/235
f 259/259/259 260/260/260 235/235/235
f 235/235/235 260/260/260 236/236/236
f 260/260/260 261/261/261 236/236/236
f 236/236/236 261/261/261 237/237/237
f 261/261/261 262/262/262 237/237/237
f 237/237/237 262/262/262 238/238/238
f 262/262/262 263/263/263 238/238/238
f 238/238/238 263/263/263 239/239/239
f 263/263/263 264/264/264 239/239/239
f 239/239/239 264/264/264 240/240/240
f 264/264/264 265/265/265 240/240/240
f 240/240/240 265/265/265 241/241/241
f 265/265/265 266/266/266 241/241/241
f 241/241/241 266/266/266 242/242/242
f 266/266/266 267/267/267 242/242/242
f 242/242/242 267/267/267 243/243/243
f 267/267/267 268/268/268 243/243/243
f 243/243/243 268/268/268 244/244/244
f 268/268/268 269/269/269 244/244/244
f 244/244/244 269/269/269 245/245/245
f 269/269/269 270/270/270 245/245/245
f 245/245/245 270/270/270 246/246/246
f 270/270/270 271/271/271 246/246/246
f 246/246/246 271/271/271 247/247/247
f 271/271/271 272/272/272 247/247/247
f 247/247/247 272/272/272 248/248/248
f 272/272/272 273/273/273 248/248/248
f 248/248/248 273/273/273 249/249/249
f 273/273/273 274/274/274 249/249/249
f 249/249/249 274/274/274 250/250/250
f 274/274/274 275/275/275 250/250/250
f 251/251/251 276/276/276 252/252/252
f 276/276/276 277/277/277 252/252/252
f 252/252/252 277/277/277 253/253/253
f 277/277/277 278/278/278 253/253/253
f 253/253/253 278/278/278 254/254/254
f 278/278/278 279/279/279 254/254/254
f 254/254/254 279/279/279 255/255/255
f 279/279/279 280/280/280 255/255/255
f 255/255/255 280/280/280 256/256/256
f 280/280/280 281/281/281 256/256/256
f 256/256/256 281/281/281 257/257/257
f 281/281/281 282/282/282 257/257/257
f 257/257/257 282/282/282 258/258/258
f 282/282/282 283/283/283 258/258/258
f 258/258/258 283/283/283 259/259/259
f 283/283/283 284/284/284 259/259/259
f 259/259/259 284/284/284 260/260/260
f 284/284/284 285/285/285 260/260/260
f 260/260/260 285/285/285 261/261/261
f 285/285/285 286/286/286 261/261/261
f 261/261/261 286/286/286 262/262/262
f 286/286/286 287/287/287 262/262/262
f 262/262/262 287/287/287 263/263/263
f 287/287/287 288/288/288 263/263/263
f 263/263/263 288/288/288 264/264/264
f 288/288/288 289/289/289 264/264/264
f 264/264/264 289/289/289 265/265/265
f 289/289/289 290/290/290 265/265/265
f 265/265/265 290/290/290 266/266/266
f 290/290/290 291/291/291 266/266/266
f 266/266/266 291/291/291 267/267/267
f 291/291/291 292/292/292 267/267/267
f 267/267/267 292/292/292 268/268/268
f 292/292/292 293/293/293 268/268/268
f 268/268/268 293/293/293 269/269/269
f 293/293/293 294/294/294 269/269/269
f 269/269/269 294/294/294 270/270/270
f 294/294/294 295/295/295 270/270/270
f 270/270/270 295/295/295 271/271/271
f 295/295/295 296/296/296 271/271/271
f 271/271/271 296/296/296 272/272/272
f 296/296/296 297/297/297 272/272/272
f 272/272/272 297/297/297 273/273/273
f 297/297/297 298/298/298 273/273/273
f 273/273/273 298/298/298 274/274/274
f 298/298/298 299/299/299 274/274/274
f 274/274/274 299/299/299 275/275/275
f 299/299/299 300/300/300 275/275/275
f 276/276/276 301/301/301 277/277/277
f 301/301/301 302/302/302 277/277/277
f 277/277/277 302/302/302 278/278/278
f 302/302/302 303/303/303 278/278/278
f 278/278/278 303/303/303 279/279/279
f 303/303/303 304/304/304 279/279/279
f 279/279/279 304/304/304 280/280/280
f 304/304/304 305/305/305 280/280/280
f 280/280/280 305/305/305 281/281/281
f 305/305/305 306/306/306 281/281/281
f 281/281/281 306/306/306 282/282/282
f 306/306/306 307/307/307 282/282/282
f 282/282/282 307/307/307 283/283/283
f 307/307/307 308/308/308 283/283/283
f 283/283/283 308/308/308 284/284/284
f 308/308/308 309/309/309 284/284/284
f 284/284/284 309/309/309 285/285/285
f 309/309/309 310/310/310 285/285/285
f 285/285/285 310/310/310 286/286/286
f 310/310/310 311/311/311 286/286/286
f 286/286/286 311/311/311 287/287/287
f 311/311/311 312/312/312 287/287/287
f 287/287/287 312/312/312 288/288/288
f 312/312/312 313/313/313 288/288/288
f 288/288/288 313/313/313 289/289/289
f 313/313/313 314/314/314 289/289/289
f 289/289/289 314/314/314 290/290/290
f 314/314/314 315/315/315 290/290/290
f 290/290/290 315/315/315 291/291/291
f 315/315/315 316/316/316 291/291/291
f 291/291/291 316/316/316 292/292/292
f 316/316/316 317/317/317 292/292/292
f 292/292/292 317/317/317 293/293/293
f 317/317/317 318/318/318 293/293/293
f 293/293/293 318/318/318 294/294/294
f 318/318/318 319/319/319 294/294/294
f 294/294/294 319/319/319 295/295/295
f 319/319/319 320/320/320 295/295/295
f 295/295/295 320/320/320 296/296/296
f 320/320/320 321/321/321 296/296/296
f 296/296/296 321/321/321 297/297/297
f 321/321/321 322/322/322 297/297/297
f 297/297/297 322/322/322 298/298/298
f 322/322/322 323/323/323 298/298/298
f 298/298/298 323/323/323 299/299/299
f 323/323/323 324/324/324 299/299/299
f 299/299/299 324/324/324 300/300/300
f 324/324/324 325/325/325 300/300/300
f 301/301/301 326/326/326 302/302/302
f 326/326/326 327/327/327 302/302/302
f 302/302/302 327/327/327 303/303/303
f 327/327/327 328/328/328 303/303/303
f 303/303/303 328/328/328 304/304/304
f 328/328/328 329/329/329 304/304/304
f 304/304/304 329/329/329 305/305/305
f 329/329/329 330/330/330 305/305/305
f 305/305/305 330/330/330 306/306/306
f 330/330/330 331/331/331 306/306/306
f 306/306/306 331/331/331 307/307/307
f 331/331/331 332/332/332 307/307/307
f 307/307/307 332/332/332 308/308/308
f 332/332/332 333/333/333 308/308/308
f 308/308/308 333/333/333 309/309/309
f 333/333/333 334/334/334 309/309/309
f 309/309/309 334/334/334 310/310/310
f 334/334/334 335/335/335 310/310/310
f 310/310/310 335/335/335 311/311/311
f 335/335/335 336/336/336 311/311/311
f 311/311/311 336/336/336 312/312/312
f 336/336/336 337/337/337 312/312/312
f 312/312/312 337/337/337 313/313/313
f 337/337/337 338/338/338 313/313/313
f 313/313/313 338/338/338 314/314/314
f 338/338/338 339/339/339 314/314/314
f 314/314/314 339/339/339 315/315/315
f 339/339/339 340/340/340 315/315/315
f 315/315/315 340/340/340 316/316/316
f 340/340/340 341/341/341 316/316/316
f 316/316/316 341/341/341 317/317/317
f 341/341/341 342/342/342 317/317/317
f 317/317/317 342/342/342 318/318/318
f 342/342/342 343/343/343 318/318/318
f 318/318/318 343/343/343 319/319/319
f 343/343/343 344/344/344 319/319/319
f 319/319/319 344/344/344 320/320/320
f 344/344/344 345/345/345 320/320/320
f 320/320/320 345/345/345 321/321/321
f 345/345/345 346/346/346 321/321/321
f 321/321/321 346/346/346 322/322/322
f 346/346/346 347/347/347 322/322/322
f 322/322/322 347/347/347 323/323/323
f 347/347/347 348/348/348 323/323/323
f 323/323/323 348/348/348 324/324/324
f 348/348/348 349/349/349 324/324/324
f 324/324/324 349/349/349 325/325/325
f 349/349/349 350/350/350 325/325/325
f 326/326/326 351/351/351 327/327/327
f 351/351/351 352/352/352 327/327/327
f 327/327/327 352/352/352 328/328/328
f 352/352/352 353/353/353 328/328/328
f 328/328/328 353/353/353 329/329/329
f 353/353/353 354/354/354 329/329/329
f 329/329/329 354/354/354 330/330/330
f 354/354/354 355/355/355 330/330/330
f 330/330/330 355/355/355 331/331/331
f 355/355/355 356/356/356 331/331/331
f 331/331/331 356/356/356 332/332/332
f 356/356/356 357/357/357 332/332/332
f 332/332/332 357/357/357 333/333/333
f 357/357/357 358/358/358 333/333/333
f 333/333/333 358/358/358 334/334/334
f 358/358/358 359/359/359 334/334/334
f 334/334/334 359/359/359 335/335/335
f 359/359/359 360/360/360 335/335/335
f 335/335/335 360/360/360 336/336/336
f 360/360/360 361/361/361 336/336/336
f 336/336/336 361/361/361 337/337/337
f 361/361/361 362/362/362 337/337/337
f 337/337/337 362/362/362 338/338/338
f 362/362/362 363/363/363 338/338/338
f 338/338/338 363/363/363 339/339/339
f 363/363/363 364/364/364 339/339/339
f 339/339/339 364/364/364 340/340/340
f 364/364/364 365/365/365 340/340/340
f 340/340/340 365/365/365 341/341/341
f 365/365/365 366/366/366 341/341/341
f 341/341/341 366/366/366 342/342/342
f 366/366/366 367/367/367 342/342/342
f 342/342/342 367/367/367 343/343/343
f 367/367/367 368/368/368 343/343/343
f 343/343/343 368/368/368 344/344/344
f 368/368/368 369/369/369 344/344/344
f 344/344/344 369/369/369 345/345/345
f 369/369/369 370/370/370 345/345/345
f 345/345/345 370/370/370 346/346/346
f 370/370/370 371/371/371 346/346/346
f 346/346/346 371/371/371 347/347/347
f 371/371/371 372/372/372 347/347/347
f 347/347/347 372/372/372 348/348/348
f 372/372/372 373/373/373 348/348/348
f 348/348/348 373/373/373 349/349/349
f 373/373/373 374/374/374 349/349/349
f 349/349/349 374/374/374 350/350/350
f 374/374/374 375/375/375 350/350/350
f 351/351/351 376/376/376 352/352/352
f 376/376/376 377/377/377 352/352/352
f 352/352/352 377/377/377 353/353/353
f 377/377/377 378/378/378 353/353/353
f 353/353/353 378/378/378 354/354/354
f 378/378/378 379/379/379 354/354/354
f 354/354/354 379/379/379 355/355/355
f 379/379/379 380/380/380 355/355/355
f 355/355/355 380/380/380 356/356/356
f 380/380/380 381/381/381 356/356/356
f 356/356/356 381/381/381 357/357/357
f 381/381/381 382/382/382 357/357/357
f 357/357/357 382/382/382 358/358/358
f 382/382/382 383/383/383 358/358/358
f 358/358/358 383/383/383 359/359/359
f 383/383/383 384/384/384 359/359/359
f 359/359/359 384/384/384 360/360/360
f 384/384/384 385/385/385 360/360/360
f 360/360/360 385/385/385 361/361/361
f 385/385/385 386/386/386 361/361/361
f 361/361/361 386/386/386 362/362/362
f 386/386/386 387/387/387 362/362/362
f 362/362/362 387/387/387 363/363/363
f 387/387/387 388/388/388 363/363/363
f 363/363/363 388/388/388 364/364/364
f 388/388/388 389/389/389 364/364/364
f 364/364/364 389/389/389 365/365/365
f 389/389/389 390/390/390 365/365/365
f 365/365/365 390/390/390 366/366/366
f 390/390/390 391/391/391 366/366/366
f 366/366/366 391/391/391 367/367/367
f 391/391/391 392/392/392 367/367/367
f 367/367/367 392/392/392 368/368/368
f 392/392/392 393/393/393 368/368/368
f 368/368/368 393/393/393 369/369/369
f 393/393/393 394/394/394 369/369/369
f 369/369/369 394/394/394 370/370/370
f 394/394/394 395/395/395 370/370/370
f 370/370/370 395/395/395 371/371/371
f 395/395/395 396/396/396 371/371/371
f 371/371/371 396/396/396 372/372/372
f 396/396/396 397/397/397 372/372/372
f 372/372/372 397/397/397 373/373/373
f 397/397/397 398/398/398 373/373/373
f 373/373/373 398/398/398 374/374/374
f 398/398/398 399/399/399 374/374/374
f 374/374/374 399/399/399 375/375/375
f 399/399/399 400/400/400 375/375/375
f 376/376/376 401/401/401 377/377/377
f 401/401/401 402/402/402 377/377/377
f 377/377/377 402/402/402 378/378/378
f 402/402/402 403/403/403 378/378/378
f 378/378/378 403/403/403 379/379/379
f 403/403/403 404/404/404 379/379/379
f 379/379/379 404/404/404 380/380/380
f 404/404/404 405/405/405 380/380/380
f 380/380/380 405/405/405 381/381/381
f 405/405/405 406/406/406 381/381/381
f 381/381/381 406/406/406 382/382/382
f 406/406/406 407/407/407 382/382/382
f 382/382/382 407/407/407 383/383/383
f 407/407/407 408/408/408 383/383/383
f 383/383/383 408/408/408 384/384/384
f 408/408/408 409/409/409 384/384/384
f 384/384/384 409/409/409 385/385/385
f 409/409/409 410/410/410 385/385/385
f 385/385/385 410/410/410 386/386/386
f 410/410/410 411/411/411 386/386/386
f 386/386/386 411/411/411 387/387/387
f 411/411/411 412/412/412 387/387/387
f 387/387/387 412/412/412 388/388/388
f 412/412/412 413/413/413 388/388/388
f 388/388/388 413/413/413 389/389/389
f 413/413/413 414/414/414 389/389/389
f 389/389/389 414/414/414 390/390/390
f 414/414/414 415/415/415 390/390/390
f 390/390/390 415/415/415 391/391/391
f 415/415/415 416/416/416 391/391/391
f 391/391/391 416/416/416 392/392/392
f 416/416/416 417/417/417 392/392/392
f 392/392/392 417/417/417 393/393/393
f 417/417/417 418/418/418 393/393/393
f 393/393/393 418/418/418 394/394/394
f 418/418/418 419/419/419 394/394/394
f 394/394/394 419/419/419 395/395/395
f 419/419/419 420/420/420 395/395/395
f 395/395/395 420/420/420 396/396/396
f 420/420/420 421/421/421 396/396/396
f 396/396/396 421/421/421 397/397/397
f 421/421/421 422/422/422 397/397/397
f 397/397/397 422/422/422 398/398/398
f 422/422/422 423/423/423 398/398/398
f 398/398/398 423/423/423 399/399/399
f 423/423/423 424/424/424 399/399/399
f 399/399/399 424/424/424 400/400/400
f 424/424/424 425/425/425 400/400/400
f 401/401/401 426/426/426 402/402/402
f 426/426/426 427/427/427 402/402/402
f 402/402/402 427/427/427 403/403/403
f 427/427/427 428/428/428 403/403/403
f 403/403/403 428/428/428 404/404/404
f 428/428/428 429/429/429 404/404/404
f 404/404/404 429/429/429 405/405/405
f 429/429/429 430/430/430 405/405/405
f 405/405/405 430/430/430 406/406/406
f 430/430/430 431/431/431 406/406/406
f 406/406/406 431/431/431 407/407/407
f 431/431/431 432/432/432 407/407/407
f 407/407/407 432/432/432 408/408/408
f 432/432/432 433/433/433 408/408/408
f 408/408/408 433/433/433 409/409/409
f 433/433/433 434/434/434 409/409/409
f 409/409/409 434/434/434 410/410/410
f 434/434/434 435/435/435 410/410/410
f 410/410/410 435/435/435 411/411/411
f 435/435/435 436/436/436 411/411/411
f 411/411/411 436/436/436 412/412/412
f 436/436/436 437/437/437 412/412/412
f 412/412/412 437/437/437 413/413/413
f 437/437/437 438/438/438 413/413/413
f 413/413/413 438/438/438 414/414/414
f 438/438/438 439/439/439 414/414/414
f 414/414/414 439/439/439 415/415/415
f 439/439/439 440/440/440 415/415/415
f 415/415/415 440/440/440 416/416/416
f 440/440/440 441/441/441 416/416/416
f 416/416/416 441/441/441 417/417/417
f 441/441/441 442/442/442 417/417/417
f 417/417/417 442/442/442 418/418/418
f 442/442/442 443/443/443 418/418/418
f 418/418/418 443/443/443 419/419/419
f 443/443/443 444/444/444 419/419/419
f 419/419/419 444/444/444 420/420/420
f 444/444/444 445/445/445 420/420/420
f 420/420/420 445/445/445 421/421/421
f 445/445/445 446/446/446 421/421/421
f 421/421/421 446/446/446 422/422/422
f 446/446/446 447/447/447 422/422/422
f 422/422/422 447/447/447 423/423/423
f 447/447/447 448/448/448 423/423/423
f 423/423/423 448/448/448 424/424/424
f 448/448/448 449/449/449 424/424/424
f 424/424/424 449/449/449 425/425/425
f 449/449/449 450/450/450 425/425/425
f 426/426/426 451/451/451 427/427/427
f 451/451/451 452/452/452 427/427/427
f 427/427/427 452/452/452 428/428/428
f 452/452/452 453/453/453 428/428/428
f 428/428/428 453/453/453 429/429/429
f 453/453/453 454/454/454 429/429/429
f 429/429/429 454/454/454 430/430/430
f 454/454/454 455/455/455 430/430/430
f 430/430/430 455/455/455 431/431/431
f 455/455/455 456/456/456 431/431/431
f 431/431/431 456/456/456 432/432/432
f 456/456/456 457/457/457 432/432/432
f 432/432/432 457/457/457 433/433/433
f 457/457/457 458/458/458 433/433/433
f 433/433/433 458/458/458 434/434/434
f 458/458/458 459/459/459 434/434/434
f 434/434/434 459/459/459 435/435/435
f 459/459/459 460/460/460 435/435/435
f 435/435/435 460/460/460 436/436/436
f 460/460/460 461/461/461 436/436/436
f 436/436/436 461/461/461 437/437/437
f 461/461/461 462/462/462 437/437/437
f 437/437/437 462/462/462 438/438/438
f 462/462/462 463/463/463 438/438/438
f 438/438/438 463/463/463 439/439/439
f 463/463/463 464/464/464 439/439/439
f 439/439/439 464/464/464 440/440/440
f 464/464/464 465/465/465 440/440/440
f 440/440/440 465/465/465 441/441/441
f 465/465/465 466/466/466 441/441/441
f 441/441/441 466/466/466 442/442/442
f 466/466/466 467/467/467 442/442/442
f 442/442/442 467/467/467 443/443/443
f 467/467/467 468/468/468 443/443/443
f 443/443/443 468/468/468 444/444/444
f 468/468/468 469/469/469 444/444/444
f 444/444/444 469/469/469 445/445/445
f 469/469/469 470/470/470 445/445/445
f 445/445/445 470/470/470 446/446/446
f 470/470/470 471/471/471 446/446/446
f 446/446/446 471/471/471 447/447/447
f 471/471/471 472/472/472 447/447/447
f 447/447/447 472/472/472 448/448/448
f 472/472/472 473/473/473 448/448/448
f 448/448/448 473/473/473 449/449/449
f 473/473/473 474/474/474 449/449/449
f 449/449/449 474/474/474 450/450/450
f 474/474/474 475/475/475 450/450/450
f 451/451/451 476/476/476 452/452/452
f 476/476/476 477/477/477 452/452/452
f 452/452/452 477/477/477 453/453/453
f 477/477/477 478/478/478 453/453/453
f 453/453/453 478/478/478 454/454/454
f 478/478/478 479/479/479 454/454/454
f 454/454/454 479/479/479 455/455/455
f 479/479/479 480/480/480 455/455/455
f 455/455/455 480/480/480 456/456/456
f 480/480/480 481/481/481 456/456/456
f 456/456/456 481/481/481 457/457/457
f 481/481/481 482/482/482 457/457/457
f 457/457/457 482/482/482 458/458/458
f 482/482/482 483/483/483 458/458/458
f 458/458/458 483/483/483 459/459/459
f 483/483/483 484/484/484 459/459/459
f 459/459/459 484/484/484 460/460/460
f 484/484/484 485/485/485 460/460/460
f 460/460/460 485/485/485 461/461/461
f 485/485/485 486/486/486 461/461/461
f 461/461/461 486/486/486 462/462/462
f 486/486/486 487/487/487 462/462/462
f 462/462/462 487/487/487 463/463/463
f 487/487/487 488/488/488 463/463/463
f 463/463/463 488/488/488 464/464/464
f 488/488/488 489/489/489 464/464/464
f 464/464/464 489/489/489 465/465/465
f 489/489/489 490/490/490 465/465/465
f 465/465/465 490/490/490 466/466/466
f 490/490/490 491/491/491 466/466/466
f 466/466/466 491/491/491 467/467/467
f 491/491/491 492/492/492 467/467/467
f 467/467/467 492/492/492 468/468/468
f 492/492/492 493/493/493 468/468/468
f 468/468/468 493/493/493 469/469/469
f 493/493/493 494/494/494 469/469/469
f 469/469/469 494/494/494 470/470/470
f 494/494/494 495/495/495 470/470/470
f 470/470/470 495/495/495 471/471/471
f 495/495/495 496/496/496 471/471/471
f 471/471/471 496/496/496 472/472/472
f 496/496/496 497/497/497 472/472/472
f 472/472/472 497/497/497 473/473/473
f 497/497/497 498/498/498 473/473/473
f 473/473/473 498/498/498 474/474/474
f 498/498/498 499/499/499 474/474/474
f 474/474/474 499/499/499 475/475/475
f 499/499/499 500/500/500 475/475/475
f 476/476/476 501/501/501 477/477/477
f 501/501/501 502/502/502 477/477/477
f 477/477/477 502/502/502 478/478/478
f 502/502/502 503/503/503 478/478/478
f 478/478/478 503/503/503 479/479/479
f 503/503/503 504/504/504 479/479/479
f 479/479/479 504/504/504 480/480/480
f 504/504/504 505/505/505 480/480/480
f 480/480/480 505/505/505 481/481/481
f 505/505/505 506/506/506 481/481/481
f 481/481/481 506/506/506 482/482/482
f 506/506/506 507/507/507 482/482/482
f 482/482/482 507/507/507 483/483/483
f 507/507/507 508/508/508 483/483/483
f 483/483/483 508/508/508 484/484/484
f 508/508/508 509/509/509 484/484/484
f 484/484/484 509/509/509 485/485/485
f 509/509/509 510/510/510 485/485/485
f 485/485/485 510/510/510 486/486/486
f 510/510/510 511/511/511 486/486/486
f 486/486/486 511/511/511 487/487/487
f 511/511/511 512/512/512 487/487/487
f 487/487/487 512/512/512 488/488/488
f 512/512/512 513/513/513 488/488/488
f 488/488/488 513/513/513 489/489/489
f 513/513/513 514/514/514 489/489/489
f 489/489/489 514/514/514 490/490/490
f 514/514/514 515/515/515 490/490/490
f 490/490/490 515/515/515 491/491/491
f 515/515/515 516/516/516 491/491/491
f 491/491/491 516/516/516 492/492/492
f 516/516/516 517/517/517 492/492/492
f 492/492/492 517/517/517 493/493/493
f 517/517/517 518/518/518 493/493/493
f 493/493/493 518/518/518 494/494/494
f 518/518/518 519/519/519 494/494/494
f 494/494/494 519/519/519 495/495/495
f 519/519/519 520/520/520 495/495/495
f 495/495/495 520/520/520 496/496/496
f 520/520/520 521/521/521 496/496/496
f 496/496/496 521/521/521 497/497/497
f 521/521/521 522/522/522 497/497/497
f 497/497/497 522/522/522 498/498/498
f 522/522/522 523/523/523 498/498/498
f 498/498/498 523/523/523 499/499/499
f 523/523/523 524/524/524 499/499/499
f 499/499/499 524/524/524 500/500/500
f 524/524/524 525/525/525 500/500/500
f 501/501/501 526/526/526 502/502/502
f 526/526/526 527/527/527 502/502/502
f 502/502/502 527/527/527 503/503/503
f 527/527/527 528/528/528 503/503/503
f 503/503/503 528/528/528 504/504/504
f 528/528/528 529/529/529 504/504/504
f 504/504/504 529/529/529 505/505/505
f 529/529/529 530/530/530 505/505/505
f 505/505/505 530/530/530 506/506/506
f 530/530/530 531/531/531 506/506/506
f 506/506/506 531/531/531 507/507/507
f 531/531/531 532/532/532 507/507/507
f 507/507/507 532/532/532 508/508/508
f 532/532/532 533/533/533 508/508/508
f 508/508/508 533/533/533 509/509/509
f 533/533/533 534/534/534 509/509/509
f 509/509/509 534/534/534 510/510/510
f 534/534/534 535/535/535 510/510/510
f 510/510/510 535/535/535 511/511/511
f 535/535/535 536/536/536 511/511/511
f 511/511/511 536/536/536 512/512/512
f 536/536/536 537/537/537 512/512/512
f 512/512/512 537/537/537 513/513/513
f 537/537/537 538/538/538 513/513/513
f 513/513/513 538/538/538 514/514/514
f 538/538/538 539/539/539 514/514/514
f 514/514/514 539/539/539 515/515/515
f 539/539/539 540/540/540 515/515/515
f 515/515/515 540/540/540 516/516/516
f 540/540/540 541/541/541 516/516/516
f 516/516/516 541/541/541 517/517/517
f 541/541/541 542/542/542 517/517/517
f 517/517/517 542/542/542 518/518/518
f 542/542/542 543/543/543 518/518/518
f 518/518/518 543/543/543 519/519/519
f 543/543/543 544/544/544 519/519/519
f 519/519/519 544/544/544 520/520/520
f 544/544/544 545/545/545 520/520/520
f 520/520/520 545/545/545 521/521/521
f 545/545/545 546/546/546 521/521/521
f 521/521/521 546/546/546 522/522/522
f 546/546/546 547/547/547 522/522/522
f 522/522/522 547/547/547 523/523/523
f 547/547/547 548/548/548 523/523/523
f 523/523/523 548/548/548 524/524/524
f 548/548/548 549/549/549 524/524/524
f 524/524/524 549/549/549 525/525/525
f 549/549/549 550/550/550 525/525/525
f 526/526/526 551/551/551 527/527/527
f 551/551/551 552/552/552 527/527/527
f 527/527/527 552/552/552 528/528/528
f 552/552/552 553/553/553 528/528/528
f 528/528/528 553/553/553 529/529/529
f 553/553/553 554/554/554 529/529/529
f 529/529/529 554/554/554 530/530/530
f 554/554/554 555/555/555 530/530/530
f 530/530/530 555/555/555 531/531/531
f 555/555/555 556/556/556 531/531/531
f 531/531/531 556/556/556 532/532/532
f 556/556/556 557/557/557 532/532/532
f 532/532/532 557/557/557 533/533/533
f 557/557/557 558/558/558 533/533/533
f 533/533/533 558/558/558 534/534/534
f 558/558/558 559/559/559 534/534/534
f 534/534/534 559/559/559 535/535/535
f 559/559/559 560/560/560 535/535/535
f 535/535/535 560/560/560 536/536/536
f 560/560/560 561/561/561 536/536/536
f 536/536/536 561/561/561 537/537/537
f 561/561/561 562/562/562 537/537/537
f 537/537/537 562/562/562 538/538/538
f 562/562/562 563/563/563 538/538/538
f 538/538/538 563/563/563 539/539/539
f 563/563/563 564/564/564 539/539/539
f 539/539/539 564/564/564 540/540/540
f 564/564/564 565/565/565 540/540/540
f 540/540/540 565/565/565 541/541/541
f 565/565/565 566/566/566 541/541/541
f 541/541/541 566/566/566 542/542/542
f 566/566/566 567/567/567 542/542/542
f 542/542/542 567/567/567 543/543/543
f 567/567/567 568/568/568 543/543/543
f 543/543/543 568/568/568 544/544/544
f 568/568/568 569/569/569 544/544/544
f 544/544/544 569/569/569 545/545/545
f 569/569/569 570/570/570 545/545/545
f 545/545/545 570/570/570 546/546/546
f 570/570/570 571/571/571 546/546/546
f 546/546/546 571/571/571 547/547/547
f 571/571/571 572/572/572 547/547/547
f 547/547/547 572/572/572 548/548/548
f 572/572/572 573/573/573 548/548/548
f 548/548/548 573/573/573 549/549/549
f 573/573/573 574/574/574 549/549/549
f 549/549/549 574/574/574 550/550/550
f 574/574/574 575/575/575 550/550/550
f 551/551/551 576/576/576 552/552/552
f 576/576/576 577/577/577 552/552/552
f 552/552/552 577/577/577 553/553/553
f 577/577/577 578/578/578 553/553/553
f 553/553/553 578/578/578 554/554/554
f 578/578/578 579/579/579 554/554/554
f 554/554/554 579/579/579 555/555/555
f 579/579/579 580/580/580 555/555/555
f 555/555/555 580/580/580 556/556/556
f 580/580/580 581/581/581 556/556/556
f 556/556/556 581/581/581 557/557/557
f 581/581/581 582/582/582 557/557/557
f 557/557/557 582/582/582 558/558/558
f 582/582/582 583/583/583 558/558/558
f 558/558/558 583/583/583 559/559/559
f 583/583/583 584/584/584 559/559/559
f 559/559/559 584/584/584 560/560/560
f 584/584/584 585/585/585 560/560/560
f 560/560/560 585/585/585 561/561/561
f 585/585/585 586/586/586 561/561/561
f 561/561/561 586/586/586 562/562/562
f 586/586/586 587/587/587 562/562/562
f 562/562/562 587/587/587 563/563/563
f 587/587/587 588/588/588 563/563/563
f 563/563/563 588/588/588 564/564/564
f 588/588/588 589/589/589 564/564/564
f 564/564/564 589/589/589 565/565/565
f 589/589/589 590/590/590 565/565/565
f 565/565/565 590/590/590 566/566/566
f 590/590/590 591/591/591 566/566/566
f 566/566/566 591/591/591 567/567/567
f 591/591/591 592/592/592 567/567/567
f 567/567/567 592/592/592 568/568/568
f 592/592/592 593/593/593 568/568/568
f 568/568/568 593/593/593 569/569/569
f 593/593/593 594/594/594 569/569/569
f 569/569/569 594/594/594 570/570/570
f 594/594/594 595/595/595 570/570/570
f 570/570/570 595/595/595 571/571/571
f 595/595/595 596/596/596 571/571/571
f 571/571/571 596/596/596 572/572/572
f 596/596/596 597/597/597 572/572/572
f 572/572/572 597/597/597 573/573/573
f 597/597/597 598/598/598 573/573/573
f 573/573/573 598/598/598 574/574/574
f 598/598/598 599/599/599 574/574/574
f 574/574/574 599/599/599 575/575/575
f 599/599/599 600/600/600 575/575/575
f 576/576/576 601/601/601 577/577/577
f 601/601/601 602/602/602 577/577/577
f 577/577/577 602/602/602 578/578/578
f 602/602/602 603/603/603 578/578/578
f 578/578/578 603/603/603 579/579/579
f 603/603/603 604/604/604 579/579/579
f 579/579/579 604/604/604 580/580/580
f 604/604/604 605/605/605 580/580/580
f 580/580/580 605/605/605 581/581/581
f 605/605/605 606/606/606 581/581/581
f 581/581/581 606/606/606 582/582/582
f 606/606/606 607/607/607 582/582/582
f 582/582/582 607/607/607 583/583/583
f 607/607/607 608/608/608 583/583/583
f 583/583/583 608/608/608 584/584/584
f 608/608/608 609/609/609 584/584/584
f 584/584/584 609/609/609 585/585/585
f 609/609/609 610/610/610 585/585/585
f 585/585/585 610/610/610 586/586/586
f 610/610/610 611/611/611 586/586/586
f 586/586/586 611/611/611 587/587/587
f 611/611/611 612/612/612 587/587/587
f 587/587/587 612/612/612 588/588/588
f 612/612/612 613/613/613 588/588/588
f 588/588/588 613/613/613 589/589/589
f 613/613/613 614/614/614 589/589/589
f 589/589/589 614/614/614 590/590/590
f 614/614/614 615/615/615 590/590/590
f 590/590/590 615/615/615 591/591/591
f 615/615/615 616/616/616 591/591/591
f 591/591/591 616/616/616 592/592/592
f 616/616/616 617/617/617 592/592/592
f 592/592/592 617/617/617 593/593/593
f 617/617/617 618/618/618 593/593/593
f 593/593/593 618/618/618 594/594/594
f 618/618/618 619/619/619 594/594/594
f 594/594/594 619/619/619 595/595/595
f 619/619/619 620/620/620 595/595/595
f 595/595/595 620/620/620 596/596/596
f 620/620/620 621/621/621 596/596/596
f 596/596/596 621/621/621 597/597/597
f 621/621/621 622/622/622 597/597/597
f 597/597/597 622/622/622 598/598/598
f 622/622/622 623/623/623 598/598/598
f 598/598/598 623/623/623 599/599/599
f 623/623/623 624/624/624 599/599/599
f 599/599/599 624/624/624 600/600/600
f 624/624/624 625/625/625 600/600/600
f 601/601/601 626/626/626 602/602/602
f 626/626/626 627/627/627 602/602/602
f 602/602/602 627/627/627 603/603/603
f 627/627/627 628/628/628 603/603/603
f 603/603/603 628/628/628 604/604/604
f 628/628/628 629/629/629 604/604/604
f 604/604/604 629/629/629 605/605/605
f 629/629/629 630/630/630 605/605/605
f 605/605/605 630/630/630 606/606/606
f 630/630/630 631/631/631 606/606/606
f 606/606/606 631/631/631 607/607/607
f 631/631/631 632/632/632 607/607/607
f 607/607/607 632/632/632 608/608/608
f 632/632/632 633/633/633 608/608/608
f 608/608/608 633/633/633 609/609/609
f 633/633/633 634/634/634 609/609/609
f 609/609/609 634/634/634 610/610/610
f 634/634/634 635/635/635 610/610/610
f 610/610/610 635/635/635 611/611/611
f 635/635/635 636/636/636 611/611/611
f 611/611/611 636/636/636 612/612/612
f 636/636/636 637/637/637 612/612/612
f 612/612/612 637/637/637 613/613/613
f 637/637/637 638/638/638 613/613/613
f 613/613/613 638/638/638 614/614/614
f 638/638/638 639/639/639 614/614/614
f 614/614/614 639/639/639 615/615/615
f 639/639/639 640/640/640 615/615/615
f 615/615/615 640/640/640 616/616/616
f 640/640/640 641/641/641 616/616/616
f 616/616/616 641/641/641 617/617/617
f 641/641/641 642/642/642 617/617/617
f 617/617/617 642/642/642 618/618/618
f 642/642/642 643/643/643 618/618/618
f 618/618/618 643/643/643 619/619/619
f 643/643/643 644/644/644 619/619/619
f 619/619/619 644/644/644 620/620/620
f 644/644/644 645/645/645 620/620/620
f 620/620/620 645/645/645 621/621/621
f 645/645/645 646/646/646 621/621/621
f 621/621/621 646/646/646 622/622/622
f 646/646/646 647/647/647 622/622/622
f 622/622/622 647/647/647 623/623/623
f 647/647/647 648/648/648 623/623/623
f 623/623/623 648/648/648 624/624/624
f 648/648/648 649/649/649 624/624/624
f 624/624/624 649/649/649 625/625/625
f 649/649/649 650/650/650 625/625/625
f 626/626/626 651/651/651 627/627/627
f 651/651/651 652/652/652 627/627/627
f 627/627/627 652/652/652 628/628/628
f 652/652/652 653/653/653 628/628/628
f 628/628/628 653/653/653 629/629/629
f 653/653/653 654/654/654 629/629/629
f 629/629/629 654/654/654 630/630/630
f 654/654/654 655/655/655 630/630/630
f 630/630/630 655/655/655 631/631/631
f 655/655/655 656/656/656 631/631/631
f 631/631/631 656/656/656 632/632/632
f 656/656/656 657/657/657 632/632/632
f 632/632/632 657/657/657 633/633/633
f 657/657/657 658/658/658 633/633/633
f 633/633/633 658/658/658 634/634/634
f 658/658/658 659/659/659 634/634/634
f 634/634/634 659/659/659 635/635/635
f 659/659/659 660/660/660 635/635/635
f 635/635/635 660/660/660 636/636/636
f 660/660/660 661/661/661 636/636/636
f 636/636/636 661/661/661 637/637/637
f 661/661/661 662/662/662 637/637/637
f 637/637/637 662/662/662 638/638/638
f 662/662/662 663/663/663 638/638/638
f 638/638/638 663/663/663 639/639/639
f 663/663/663 664/664/664 639/639/639
f 639/639/639 664/664/664 640/640/640
f 664/664/664 665/665/665 640/640/640
f 640/640/640 665/665/665 641/641/641
f 665/665/665 666/666/666 641/641/641
f 641/641/641 666/666/666 642/642/642
f 666/666/666 667/667/667 642/642/642
f 642/642/642 667/667/667 643/643/643
f 667/667/667 668/668/668 643/643/643
f 643/643/643 668/668/668 644/644/644
f 668/668/668 669/669/669 644/644/644
f 644/644/644 669/669/669 645/645/645
f 669/669/669 670/670/670 645/645/645
f 645/645/645 670/670/670 646/646/646
f 670/670/670 671/671/671 646/646/646
f 646/646/646 671/671/671 647/647/647
f 671/671/671 672/672/672 647/647/647
f 647/647/647 672/672/672 648/648/648
f 672/672/672 673/673/673 648/648/648
f 648/648/648 673/673/673 649/649/649
f 673/673/673 674/674/674 649/649/649
f 649/649/649 674/674/674 650/650/650
f 674/674/674 675/675/675 650/650/650
f 651/651/651 676/676/676 652/652/652
f 676/676/676 677/677/677 652/652/652
f 652/652/652 677/677/677 653/653/653
f 677/677/677 678/678/678 653/653/653
f 653/653/653 678/678/678 654/654/654
f 678/678/678 679/679/679 654/654/654
f 654/654/654 679/679/679 655/655/655
f 679/679/679 680/680/680 655/655/655
f 655/655/655 680/680/680 656/656/656
f 680/680/680 681/681/681 656/656/656
f 656/656/656 681/681/681 657/657/657
f 681/681/681 682/682/682 657/657/657
f 657/657/657 682/682/682 658/658/658
f 682/682/682 683/683/683 658/658/658
f 658/658/658 683/683/683 659/659/659
f 683/683/683 684/684/684 659/659/659
f 659/659/659 684/684/684 660/660/660
f 684/684/684 685/685/685 660/660/660
f 660/660/660 685/685/685 661/661/661
f 685/685/685 686/686/686 661/661/661
f 661/661/661 686/686/686 662/662/662
f 686/686/686 687/687/687 662/662/662
f 662/662/662 687/687/687 663/663/663
f 687/687/687 688/688/688 663/663/663
f 663/663/663 688/688/688 664/664/664
f 688/688/688 689/689/689 664/664/664
f 664/664/664 689/689/689 665/665/665
f 689/689/689 690/690/690 665/665/665
f 665/665/665 690/690/690 666/666/666
f 690/690/690 691/691/691 666/666/666
f 666/666/666 691/691/691 667/667/667
f 691/691/691 692/692/692 667/667/667
f 667/667/667 692/692/692 668/668/668
f 692/692/692 693/693/693 668/668/668
f 668/668/668 693/693/693 669/669/669
f 693/693/693 694/694/694 669/669/669
f 669/669/669 694/694/694 670/670/670
f 694/694/694 695/695/695 670/670/670
f 670/670/670 695/695/695 671/671/671
f 695/695/695 696/696/696 671/671/671
f 671/671/671 696/696/696 672/672/672
f 696/696/696 697/697/697 672/672/672
f 672/672/672 697/697/697 673/673/673
f 697/697/697 698/698/698 673/673/673
f 673/673/673 698/698/698 674/674/674
f 698/698/698 699/699/699 674/674/674
f 674/674/674 699/699/699 675/675/675
f 699/699/699 700/700/700 675/675/675
f 676/676/676 701/701/701 677/677/677
f 701/701/701 702/702/702 677/677/677
f 677/677/677 702/702/702 678/678/678
f 702/702/702 703/703/703 678/678/678
f 678/678/678 703/703/703 679/679/679
f 703/703/703 704/704/704 679/679/679
f 679/679/679 704/704/704 680/680/680
f 704/704/704 705/705/705 680/680/680
f 680/680/680 705/705/705 681/681/681
f 705/705/705 706/706/706 681/681/681
f 681/681/681 706/706/706 682/682/682
f 706/706/706 707/707/707 682/682/682
f 682/682/682 707/707/707 683/683/683
f 707/707/707 708/708/708 683/683/683
f 683/683/683 708/708/708 684/684/684
f 708/708/708 709/709/709 684/684/684
f 684/684/684 709/709/709 685/685/685
f 709/709/709 710/710/710 685/685/685
f 685/685/685 710/710/710 686/686/686
f 710/710/710 711/711/711 686/686/686
f 686/686/686 711/711/711 687/687/687
f 711/711/711 712/712/712 687/687/687
f 687/687/687 712/712/712 688/688/688
f 712/712/712 713/713/713 688/688/688
f 688/688/688 713/713/713 689/689/689
f 713/713/713 714/714/714 689/689/689
f 689/689/689 714/714/714 690/690/690
f 714/714/714 715/715/715 690/690/690
f 690/690/690 715/715/715 691/691/691
f 715/715/715 716/716/716 691/691/691
f 691/691/691 716/716/716 692/692/692
f 716/716/716 717/717/717 692/692/692
f 692/692/692 717/717/717 693/693/693
f 717/717/717 718/718/718 693/693/693
f 693/693/693 718/718/718 694/694/694
f 718/718/718 719/719/719 694/694/694
f 694/694/694 719/719/719 695/695/695
f 719/719/719 720/720/720 695/695/695
f 695/695/695 720/720/720 696/696/696
f 720/720/720 721/721/721 696/696/696
f 696/696/696 721/721/721 697/697/697
f 721/721/721 722/722/722 697/697/697
f 697/697/697 722/722/722 698/698/698
f 722/722/722 723/723/723 698/698/698
f 698/698/698 723/723/723 699/699/699
f 723/723/723 724/724/724 699/699/699
f 699/699/699 724/724/724 700/700/700
f 724/724/724 725/725/725 700/700/700
f 701/701/701 726/726/726 702/702/702
f 726/726/726 727/727/727 702/702/702
f 702/702/702 727/727/727 703/703/703
f 727/727/727 728/728/728 703/703/703
f 703/703/703 728/728/728 704/704/704
f 728/728/728 729/729/729 704/704/704
f 704/704/704 729/729/729 705/705/705
f 729/729/729 730/730/730 705/705/705
f 705/705/705 730/730/730 706/706/706
f 730/730/730 731/731/731 706/706/706
f 706/706/706 731/731/731 707/707/707
f 731/731/731 732/732/732 707/707/707
f 707/707/707 732/732/732 708/708/708
f 732/732/732 733/733/733 708/708/708
f 708/708/708 733/733/733 709/709/709
f 733/733/733 734/734/734 709/709/709
f 709/709/709 734/734/734 710/710/710
f 734/734/734 735/735/735 710/710/710
f 710/710/710 735/735/735 711/711/711
f 735/735/735 736/736/736 711/711/711
f 711/711/711 736/736/736 712/712/712
f 736/736/736 737/737/737 712/712/712
f 712/712/712 737/737/737 713/713/713
f 737/737/737 738/738/738 713/713/713
f 713/713/713 738/738/738 714/714/714
f 738/738/738 739/739/739 714/714/714
f 714/714/714 739/739/739 715/715/715
f 739/739/739 740/740/740 715/715/715
f 715/715/715 740/740/740 716/716/716
f 740/740/740 741/741/741 716/716/716
f 716/716/716 741/741/741 717/717/717
f 741/741/741 742/742/742 717/717/717
f 717/717/717 742/742/742 718/718/718
f 742/742/742 743/743/743 718/718/718
f 718/718/718 743/743/743 719/719/719
f 743/743/743 744/744/744 719/719/719
f 719/719/719 744/744/744 720/720/720
f 744/744/744 745/745/745 720/720/720
f 720/720/720 745/745/745 721/721/721
f 745/745/745 746/746/746 721/721/721
f 721/721/721 746/746/746 722/722/722
f 746/746/746 747/747/747 722/722/722
f 722/722/722 747/747/747 723/723/723
f 747/747/747 748/748/748 723/723/723
f 723/723/723 748/748/748 724/724/724
f 748/748/748 749/749/749 724/724/724
f 724/724/724 749/749/749 725/725/725
f 749/749/749 750/750/750 725/725/725
f 726/726/726 751/751/751 727/727/727
f 751/751/751 752/752/752 727/727/727
f 727/727/727 752/752/752 728/728/728
f 752/752/752 753/753/753 728/728/728
f 728/728/728 753/753/753 729/729/729
f 753/753/753 754/754/754 729/729/729
f 729/729/729 754/754/754 730/730/730
f 754/754/754 755/755/755 730/730/730
f 730/730/730 755/755/755 731/731/731
f 755/755/755 756/756/756 731/731/731
f 731/731/731 756/756/756 732/732/732
f 756/756/756 757/757/757 732/732/732
f 732/732/732 757/757/757 733/733/733
f 757/757/757 758/758/758 733/733/733
f 733/733/733 758/758/758 734/734/734
f 758/758/758 759/759/759 734/734/734
f 734/734/734 759/759/759 735/735/735
f 759/759/759 760/760/760 735/735/735
f 735/735/735 760/760/760 736/736/736
f 760/760/760 761/761/761 736/736/736
f 736/736/736 761/761/761 737/737/737
f 761/761/761 762/762/762 737/737/737
f 737/737/737 762/762/762 738/738/738
f 762/762/762 763/763/763 738/738/738
f 738/738/738 763/763/763 739/739/739
f 763/763/763 764/764/764 739/739/739
f 739/739/739 764/764/764 740/740/740
f 764/764/764 765/765/765 740/740/740
f 740/740/740 765/765/765 741/741/741
f 765/765/765 766/766/766 741/741/741
f 741/741/741 766/766/766 742/742/742
f 766/766/766 767/767/767 742/742/742
f 742/742/742 767/767/767 743/743/743
f 767/767/767 768/768/768 743/743/743
f 743/743/743 768/768/768 744/744/744
f 768/768/768 769/769/769 744/744/744
f 744/744/744 769/769/769 745/745/745
f 769/769/769 770/770/770 745/745/745
f 745/745/745 770/770/770 746/746/746
f 770/770/770 771/771/771 746/746/746
f 746/746/746 771/771/771 747/747/747
f 771/771/771 772/772/772 747/747/747
f 747/747/747 772/772/772 748/748/748
f 772/772/772 773/773/773 748/748/748
f 748/748/748 773/773/773 749/749/749
f 773/773/773 774/774/774 749/749/749
f 749/749/749 774/774/774 750/750/750
f 774/774/774 775/775/775 750/750/750
f 751/751/751 776/776/776 752/752/752
f 776/776/776 777/777/777 752/752/752
f 752/752/752 777/777/777 753/753/753
f 777/777/777 778/778/778 753/753/753
f 753/753/753 778/778/778 754/754/754
f 778/778/778 779/779/779 754/754/754
f 754/754/754 779/779/779 755/755/755
f 779/779/779 780/780/780 755/755/755
f 755/755/755 780/780/780 756/756/756
f 780/780/780 781/781/781 756/756/756
f 756/756/756 781/781/781 757/757/757
f 781/781/781 782/782/782 757/757/757
f 757/757/757 782/782/782 758/758/758
f 782/782/782 783/783/783 758/758/758
f 758/758/758 783/783/783 759/759/759
f 783/783/783 784/784/784 759/759/759
f 759/759/759 784/784/784 760/760/760
f 784/784/784 785/785/785 760/760/760
f 760/760/760 785/785/785 761/761/761
f 785/785/785 786/786/786 761/761/761
f 761/761/761 786/786/786 762/762/762
f 786/786/786 787/787/787 762/762/762
f 762/762/762 787/787/787 763/763/763
f 787/787/787 788/788/788 763/763/763
f 763/763/763 788/788/788 764/764/764
f 788/788/788 789/789/789 764/764/764
f 764/764/764 789/789/789 765/765/765
f 789/789/789 790/790/790 765/765/765
f 765/765/765 790/790/790 766/766/766
f 790/790/790 791/791/791 766/766/766
f 766/766/766 791/791/791 767/767/767
f 791/791/791 792/792/792 767/767/767
f 767/767/767 792/792/792 768/768/768
f 792/792/792 793/793/793 768/768/768
f 768/768/768 793/793/793 769/769/769
f 793/793/793 794/794/794 769/769/769
f 769/769/769 794/794/794 770/770/770
f 794/794/794 795/795/795 770/770/770
f 770/770/770 795/795/795 771/771/771
f 795/795/795 796/796/796 771/771/771
f 771/771/771 796/796/796 772/772/772
f 796/796/796 797/797/797 772/772/772
f 772/772/772 797/797/797 773/773/773
f 797/797/797 798/798/798 773/773/773
f 773/773/773 798/798/798 774/774/774
f 798/798/798 799/799/799 774/774/774
f 774/774/774 799/799/799 775/775/775
f 799/799/799 800/800/800 775/775/775
f 776/776/776 801/801/801 777/777/777
f 801/801/801 802/802/802 777/777/777
f 777/777/777 802/802/802 778/778/778
f 802/802/802 803/803/803 778/778/778
f 778/778/778 803/803/803 779/779/779
f 803/803/803 804/804/804 779/779/779
f 779/779/779 804/804/804 780/780/780
f 804/804/804 805/805/805 780/780/780
f 780/780/780 805/805/805 781/781/781
f 805/805/805 806/806/806 781/781/781
f 781/781/781 806/806/806 782/782/782
f 806/806/806 807/807/807 782/782/782
f 782/782/782 807/807/807 783/783/783
f 807/807/807 808/808/808 783/783/783
f 783/783/783 808/808/808 784/784/784
f 808/808/808 809/809/809 784/784/784
f 784/784/784 809/809/809 785/785/785
f 809/809/809 810/810/810 785/785/785
f 785/785/785 810/810/810 786/786/786
f 810/810/810 811/811/811 786/786/786
f 786/786/786 811/811/811 787/787/787
f 811/811/811 812/812/812 787/787/787
f 787/787/787 812/812/812 788/788/788
f 812/812/812 813/813/813 788/788/788
f 788/788/788 813/813/813 789/789/789
f 813/813/813 814/814/814 789/789/789
f 789/789/789 814/814/814 790/790/790
f 814/814/814 815/815/815 790/790/790
f 790/790/790 815/815/815 791/791/791
f 815/815/815 816/816/816 791/791/791
f 791/791/791 816/816/816 792/792/792
f 816/816/816 817/817/817 792/792/792
f 792/792/792 817/817/817 793/793/793
f 817/817/817 818/818/818 793/793/793
f 793/793/793 818/818/818 794/794/794
f 818/818/818 819/819/819 794/794/794
f 794/794/794 819/819/819 795/795/795
f 819/819/819 820/820/820 795/795/795
f 795/795/795 820/820/820 796/796/796
f 820/820/820 821/821/821 796/796/796
f 796/796/796 821/821/821 797/797/797
f 821/821/821 822/822/822 797/797/797
f 797/797/797 822/822/822 798/798/798
f 822/822/822 823/823/823 798/798/798
f 798/798/798 823/823/823 799/799/799
f 823/823/823 824/824/824 799/799/799
f 799/799/799 824/824/824 800/800/800
f 824/824/824 825/825/825 800/800/800
f 801/801/801 826/826/826 802/802/802
f 826/826/826 827/827/827 802/802/802
f 802/802/802 827/827/827 803/803/803
f 827/827/827 828/828/828 803/803/803
f 803/803/803 828/828/828 804/804/804
f 828/828/828 829/829/829 804/804/804
f 804/804/804 829/829/829 805/805/805
f 829/829/829 830/830/830 805/805/805
f 805/805/805 830/830/830 806/806/806
f 830/830/830 831/831/831 806/806/806
f 806/806/806 831/831/831 807/807/807
f 831/831/831 832/832/832 807/807/807
f 807/807/807 832/832/832 808/808/808
f 832/832/832 833/833/833 808/808/808
f 808/808/808 833/833/833 809/809/809
f 833/833/833 834/834/834 809/809/809
f 809/809/809 834/834/834 810/810/810
f 834/834/834 835/835/835 810/810/810
f 810/810/810 835/835/835 811/811/811
f 835/835/835 836/836/836 811/811/811
f 811/811/811 836/836/836 812/812/812
f 836/836/836 837/837/837 812/812/812
f 812/812/812 837/837/837 813/813/813
f 837/837/837 838/838/838 813/813/813
f 813/813/813 838/838/838 814/814/814
f 838/838/838 839/839/839 814/814/814
f 814/814/814 839/839/839 815/815/815
f 839/839/839 840/840/840 815/815/815
f 815/815/815 840/840/840 816/816/816
f 840/840/840 841/841/841 816/816/816
f 816/816/816 841/841/841 817/817/817
f 841/841/841 842/842/842 817/817/817
f 817/817/817 842/842/842 818/818/818
f 842/842/842 843/843/843 818/818/818
f 818/818/818 843/843/843 819/819/819
f 843/843/843 844/844/844 819/819/819
f 819/819/819 844/844/844 820/820/820
f 844/844/844 845/845/845 820/820/820
f 820/820/820 845/845/845 821/821/821
f 845/845/845 846/846/846 821/821/821
f 821/821/821 846/846/846 822/822/822
f 846/846/846 847/847/847 822/822/822
f 822/822/822 847/847/847 823/823/823
f 847/847/847 848/848/848 823/823/823
f 823/823/823 848/848/848 824/824/824
f 848/848/848 849/849/849 824/824/824
f 824/824/824 849/849/849 825/825/825
f 849/849/849 850/850/850 825/825/825
f 826/826/826 851/851/851 827/827/827
f 851/851/851 852/852/852 827/827/827
f 827/827/827 852/852/852 828/828/828
f 852/852/852 853/853/853 828/828/828
f 828/828/828 853/853/853 829/829/829
f 853/853/853 854/854/854 829/829/829
f 829/829/829 854/854/854 830/830/830
f 854/854/854 855/855/855 830/830/830
f 830/830/830 855/855/855 831/831/831
f 855/855/855 856/856/856 831/831/831
f 831/831/831 856/856/856 832/832/832
f 856/856/856 857/857/857 832/832/832
f 832/832/832 857/857/857 833/833/833
f 857/857/857 858/858/858 833/833/833
f 833/833/833 858/858/858 834/834/834
f 858/858/858 859/859/859 834/834/834
f 834/834/834 859/859/859 835/835/835
f 859/859/859 860/860/860 835/835/835
f 835/835/835 860/860/860 836/836/836
f 860/860/860 861/861/861 836/836/836
f 836/836/836 861/861/861 837/837/837
f 861/861/861 862/862/862 837/837/837
f 837/837/837 862/862/862 838/838/838
f 862/862/862 863/863/863 838/838/838
f 838/838/838 863/863/863 839/839/839
f 863/863/863 864/864/864 839/839/839
f 839/839/839 864/864/864 840/840/840
f 864/864/864 865/865/865 840/840/840
f 840/840/840 865/865/865 841/841/841
f 865/865/865 866/866/866 841/841/841
f 841/841/841 866/866/866 842/842/842
f 866/866/866 867/867/867 842/842/842
f 842/842/842 867/867/867 843/843/843
f 867/867/867 868/868/868 843/843/843
f 843/843/843 868/868/868 844/844/844
f 868/868/868 869/869/869 844/844/844
f 844/844/844 869/869/869 845/845/845
f 869/869/869 870/870/870 845/845/845
f 845/845/845 870/870/870 846/846/846
f 870/870/870 871/871/871 846/846/846
f 846/846/846 871/871/871 847/847/847
f 871/871/871 872/872/872 847/847/847
f 847/847/847 872/872/872 848/848/848
f 872/872/872 873/873/873 848/848/848
f 848/848/848 873/873/873 849/849/849
f 873/873/873 874/874/874 849/849/849
f 849/849/849 874/874/874 850/850/850
f 874/874/874 875/875/875 850/850/850
f 851/851/851 876/876/876 852/852/852
f 876/876/876 877/877/877 852/852/852
f 852/852/852 877/877/877 853/853/853
f 877/877/877 878/878/878 853/853/853
f 853/853/853 878/878/878 854/854/854
f 878/878/878 879/879/879 854/854/854
f 854/854/854 879/879/879 855/855/855
f 879/879/879 880/880/880 855/855/855
f 855/855/855 880/880/880 856/856/856
f 880/880/880 881/881/881 856/856/856
f 856/856/856 881/881/881 857/857/857
f 881/881/881 882/882/882 857/857/857
f 857/857/857 882/882/882 858/858/858
f 882/882/882 883/883/883 858/858/858
f 858/858/858 883/883/883 859/859/859
f 883/883/883 884/884/884 859/859/859
f 859/859/859 884/884/884 860/860/860
f 884/884/884 885/885/885 860/860/860
f 860/860/860 885/885/885 861/861/861
f 885/885/885 886/886/886 861/861/861
f 861/861/861 886/886/886 862/862/862
f 886/886/886 887/887/887 862/862/862
f 862/862/862 887/887/887 863/863/863
f 887/887/887 888/888/888 863/863/863
f 863/863/863 888/888/888 864/864/864
f 888/888/888 889/889/889 864/864/864
f 864/864/864 889/889/889 865/865/865
f 889/889/889 890/890/890 865/865/865
f 865/865/865 890/890/890 866/866/866
f 890/890/890 891/891/891 866/866/866
f 866/866/866 891/891/891 867/867/867
f 891/891/891 892/892/892 867/867/867
f 867/867/867 892/892/892 868/868/868
f 892/892/892 893/893/893 868/868/868
f 868/868/868 893/893/893 869/869/869
f 893/893/893 894/894/894 869/869/869
f 869/869/869 894/894/894 870/870/870
f 894/894/894 895/895/895 870/870/870
f 870/870/870 895/895/895 871/871/871
f 895/895/895 896/896/896 871/871/871
f 871/871/871 896/896/896 872/872/872
f 896/896/896 897/897/897 872/872/872
f 872/872/872 897/897/897 873/873/873
f 897/897/897 898/898/898 873/873/873
f 873/873/873 898/898/898 874/874/874
f 898/898/898 899/899/899 874/874/874
f 874/874/874 899/899/899 875/875/875
f 899/899/899 900/900/900 875/875/875
f 876/876/876 901/901/901 877/877/877
f 901/901/901 902/902/902 877/877/877
f 877/877/877 902/902/902 878/878/878
f 902/902/902 903/903/903 878/878/878
f 878/878/878 903/903/903 879/879/879
f 903/903/903 904/904/904 879/879/879
f 879/879/879 904/904/904 880/880/880
f 904/904/904 905/905/905 880/880/880
f 880/880/880 905/905/905 881/881/881
f 905/905/905 906/906/906 881/881/881
f 881/881/881 906/906/906 882/882/882
f 906/906/906 907/907/907 882/882/882
f 882/882/882 907/907/907 883/883/883
f 907/907/907 908/908/908 883/883/883
f 883/883/883 908/908/908 884/884/884
f 908/908/908 909/909/909 884/884/884
f 884/884/884 909/909/909 885/885/885
f 909/909/909 910/910/910 885/885/885
f 885/885/885 910/910/910 886/886/886
f 910/910/910 911/911/911 886/886/886
f 886/886/886 911/911/911 887/887/887
f 911/911/911 912/912/912 887/887/887
f 887/887/887 912/912/912 888/888/888
f 912/912/912 913/913/913 888/888/888
f 888/888/888 913/913/913 889/889/889
f 913/913/913 914/914/914 889/889/889
f 889/889/889 914/914/914 890/890/890
f 914/914/914 915/915/915 890/890/890
f 890/890/890 915/915/915 891/891/891
f 915/915/915 916/916/916 891/891/891
f 891/891/891 916/916/916 892/892/892
f 916/916/916 917/917/917 892/892/892
f 892/892/892 917/917/917 893/893/893
f 917/917/917 918/918/918 893/893/893
f 893/893/893 918/918/918 894/894/894
f 918/918/918 919/919/919 894/894/894
f 894/894/894 919/919/919 895/895/895
f 919/919/919 920/920/920 895/895/895
f 895/895/895 920/920/920 896/896/896
f 920/920/920 921/921/921 896/896/896
f 896/896/896 921/921/921 897/897/897
f 921/921/921 922/922/922 897/897/897
f 897/897/897 922/922/922 898/898/898
f 922/922/922 923/923/923 898/898/898
f 898/898/898 923/923/923 899/899/899
f 923/923/923 924/924/924 899/899/899
f 899/899/899 924/924/924 900/900/900
f 924/924/924 925/925/925 900/900/900
f 901/901/901 926/926/926 902/902/902
f 926/926/926 927/927/927 902/902/902
f 902/902/902 927/927/927 903/903/903
f 927/927/927 928/928/928 903/903/903
f 903/903/903 928/928/928 904/904/904
f 928/928/928 929/929/929 904/904/904
f 904/904/904 929/929/929 905/905/905
f 929/929/929 930/930/930 905/905/905
f 905/905/905 930/930/930 906/906/906
f 930/930/930 931/931/931 906/906/906
f 906/906/906 931/931/931 907/907/907
f 931/931/931 932/932/932 907/907/907
f 907/907/907 932/932/932 908/908/908
f 932/932/932 933/933/933 908/908/908
f 908/908/908 933/933/933 909/909/909
f 933/933/933 934/934/934 909/909/909
f 909/909/909 934/934/934 910/910/910
f 934/934/934 935/935/935 910/910/910
f 910/910/910 935/935/935 911/911/911
f 935/935/935 936/936/936 911/911/911
f 911/911/911 936/936/936 912/912/912
f 936/936/936 937/937/937 912/912/912
f 912/912/912 937/937/937 913/913/913
f 937/937/937 938/938/938 913/913/913
f 913/913/913 938/938/938 914/914/914
f 938/938/938 939/939/939 914/914/914
f 914/914/914 939/939/939 915/915/915
f 939/939/939 940/940/940 915/915/915
f 915/915/915 940/940/940 916/916/916
f 940/940/940 941/941/941 916/916/916
f 916/916/916 941/941/941 917/917/917
f 941/941/941 942/942/942 917/917/917
f 917/917/917 942/942/942 918/918/918
f 942/942/942 943/943/943 918/918/918
f 918/918/918 943/943/943 919/919/919
f 943/943/943 944/944/944 919/919/919
f 919/919/919 944/944/944 920/920/920
f 944/944/944 945/945/945 920/920/920
f 920/920/920 945/945/945 921/921/921
f 945/945/945 946/946/946 921/921/921
f 921/921/921 946/946/946 922/922/922
f 946/946/946 947/947/947 922/922/922
f 922/922/922 947/947/947 923/923/923
f 947/947/947 948/948/948 923/923/923
f 923/923/923 948/948/948 924/924/924
f 948/948/948 949/949/949 924/924/924
f 924/924/924 949/949/949 925/925/925
f 949/949/949 950/950/950 925/925/925
f 926/926/926 951/951/951 927/927/927
f 951/951/951 952/952/952 927/927/927
f 927/927/927 952/952/952 928/928/928
f 952/952/952 953/953/953 928/928/928
f 928/928/928 953/953/953 929/929/929
f 953/953/953 954/954/954 929/929/929
f 929/929/929 954/954/954 930/930/930
f 954/954/954 955/955/955 930/930/930
f 930/930/930 955/955/955 931/931/931
f 955/955/955 956/956/956 931/931/931
f 931/931/931 956/956/956 932/932/932
f 956/956/956 957/957/957 932/932/932
f 932/932/932 957/957/957 933/933/933
f 957/957/957 958/958/958 933/933/933
f 933/933/933 958/958/958 934/934/934
f 958/958/958 959/959/959 934/934/934
f 934/934/934 959/959/959 935/935/935
f 959/959/959 960/960/960 935/935/935
f 935/935/935 960/960/960 936/936/936
f 960/960/960 961/961/961 936/936/936
f 936/936/936 961/961/961 937/937/937
f 961/961/961 962/962/962 937/937/937
f 937/937/937 962/962/962 938/938/938
f 962/962/962 963/963/963 938/938/938
f 938/938/938 963/963/963 939/939/939
f 963/963/963 964/964/964 939/939/939
f 939/939/939 964/964/964 940/940/940
f 964/964/964 965/965/965 940/940/940
f 940/940/940 965/965/965 941/941/941
f 965/965/965 966/966/966 941/941/941
f 941/941/941 966/966/966 942/942/942
f 966/966/966 967/967/967 942/942/942
f 942/942/942 967/967/967 943/943/943
f 967/967/967 968/968/968 943/943/943
f 943/943/943 968/968/968 944/944/944
f 968/968/968 969/969/969 944/944/944
f 944/944/944 969/969/969 945/945/945
f 969/969/969 970/970/970 945/945/945
f 945/945/945 970/970/970 946/946/946
f 970/970/970 971/971/971 946/946/946
f 946/946/946 971/971/971 947/947/947
f 971/971/971 972/972/972 947/947/947
f 947/947/947 972/972/972 948/948/948
f 972/972/972 973/973/973 948/948/948
f 948/948/948 973/973/973 949/949/949
f 973/973/973 974/974/974 949/949/949
f 949/949/949 974/974/974 950/950/950
f 974/974/974 975/975/975 950/950/950
f 951/951/951 976/976/976 952/952/952
f 976/976/976 977/977/977 952/952/952
f 952/952/952 977/977/977 953/953/953
f 977/977/977 978/978/978 953/953/953
f 953/953/953 978/978/978 954/954/954
f 978/978/978 979/979/979 954/954/954
f 954/954/954 979/979/979 955/955/955
f 979/979/979 980/980/980 955/955/955
f 955/955/955 980/980/980 956/956/956
f 980/980/980 981/981/981 956/956/956
f 956/956/956 981/981/981 957/957/957
f 981/981/981 982/982/982 957/957/957
f 957/957/957 982/982/982 958/958/958
f 982/982/982 983/983/983 958/958/958
f 958/958/958 983/983/983 959/959/959
f 983/983/983 984/984/984 959/959/959
f 959/959/959 984/984/984 960/960/960
f 984/984/984 985/985/985 960/960/960
f 960/960/960 985/985/985 961/961/961
f 985/985/985 986/986/986 961/961/961
f 961/961/961 986/986/986 962/962/962
f 986/986/986 987/987/987 962/962/962
f 962/962/962 987/987/987 963/963/963
f 987/987/987 988/988/988 963/963/963
f 963/963/963 988/988/988 964/964/964
f 988/988/988 989/989/989 964/964/964
f 964/964/964 989/989/989 965/965/965
f 989/989/989 990/990/990 965/965/965
f 965/965/965 990/990/990 966/966/966
f 990/990/990 991/991/991 966/966/966
f 966/966/966 991/991/991 967/967/967
f 991/991/991 992/992/992 967/967/967
f 967/967/967 992/992/992 968/968/968
f 992/992/992 993/993/993 968/968/968
f 968/968/968 993/993/993 969/969/969
f 993/993/993 994/994/994 969/969/969
f 969/969/969 994/994/994 970/970/970
f 994/994/994 995/995/995 970/970/970
f 970/970/970 995/995/995 971/971/971
f 995/995/995 996/996/996 971/971/971
f 971/971/971 996/996/996 972/972/972
f 996/996/996 997/997/997 972/972/972
f 972/972/972 997/997/997 973/973/973
f 997/997/997 998/998/998 973/973/973
f 973/973/973 998/998/998 974/974/974
f 998/998/998 999/999/999 974/974/974
f 974/974/974 999/999/999 975/975/975
f 999/999/999 1000/1000/1000 975/975/975
f 976/976/976 1001/1001/1001 977/977/977
f 1001/1001/1001 1002/1002/1002 977/977/977
f 977/977/977 1002/1002/1002 978/978/978
f 1002/1002/1002 1003/1003/1003 978/978/978
f 978/978/978 1003/1003/1003 979/979/979
f 1003/1003/1003 1004/1004/1004 979/979/979
f 979/979/979 1004/1004/1004 980/980/980
f 1004/1004/1004 1005/1005/1005 980/980/980
f 980/980/980 1005/1005/1005 981/981/981
f 1005/1005/1005 1006/1006/1006 981/981/981
f 981/981/981 1006/1006/1006 982/982/982
f 1006/1006/1006 1007/1007/1007 982/982/982
f 982/982/982 1007/1007/1007 983/983/983
f 1007/1007/1007 1008/1008/1008 983/983/983
f 983/983/983 1008/1008/1008 984/984/984
f 1008/1008/1008 1009/1009/1009 984/984/984
f 984/984/984 1009/1009/1009 985/985/985
f 1009/1009/1009 1010/1010/1010 985/985/985
f 985/985/985 1010/1010/1010 986/986/986
f 1010/1010/1010 1011/1011/1011 986/986/986
f 986/986/986 1011/1011/1011 987/987/987
f 1011/1011/1011 1012/1012/1012 987/987/987
f 987/987/987 1012/1012/1012 988/988/988
f 1012/1012/1012 1013/1013/1013 988/988/988
f 988/988/988 1013/1013/1013 989/989/989
f 1013/1013/1013 1014/1014/1014 989/989/989
f 989/989/989 1014/1014/1014 990/990/990
f 1014/1014/1014 1015/1015/1015 990/990/990
f 990/990/990 1015/1015/1015 991/991/991
f 1015/1015/1015 1016/1016/1016 991/991/991
f 991/991/991 1016/1016/1016 992/992/992
f 1016/1016/1016 1017/1017/1017 992/992/992
f 992/992/992 1017/1017/1017 993/993/993
f 1017/1017/1017 1018/1018/1018 993/993/993
f 993/993/993 1018/1018/1018 994/994/994
f 1018/1018/1018 1019/1019/1019 994/994/994
f 994/994/994 1019/1019/1019 995/995/995
f 1019/1019/1019 1020/1020/1020 995/995/995
f 995/995/995 1020/1020/1020 996/996/996
f 1020/1020/1020 1021/1021/1021 996/996/996
f 996/996/996 1021/1021/1021 997/997/997
f 1021/1021/1021 1022/1022/1022 997/997/997
f 997/997/997 1022/1022/1022 998/998/998
f 1022/1022/1022 1023/1023/1023 998/998/998
f 998/998/998 1023/1023/1023 999/999/999
f 1023/1023/1023 1024/1024/1024 999/999/999
f 999/999/999 1024/1024/1024 1000/1000/1000
f 1024/1024/1024 1025/1025/1025 1000/1000/1000
f 1001/1001/1001 1026/1026/1026 1002/1002/1002
f 1026/1026/1026 1027/1027/1027 1002/1002/1002
f 1002/1002/1002 1027/1027/1027 1003/1003/1003
f 1027/1027/1027 1028/1028/1028 1003/1003/1003
f 1003/1003/1003 1028/1028/1028 1004/1004/1004
f 1028/1028/1028 1029/1029/1029 1004/1004/1004
f 1004/1004/1004 1029/1029/1029 1005/1005/1005
f 1029/1029/1029 1030/1030/1030 1005/1005/1005
f 1005/1005/1005 1030/1030/1030 1006/1006/1006
f 1030/1030/1030 1031/1031/1031 1006/1006/1006
f 1006/1006/1006 1031/1031/1031 1007/1007/1007
f 1031/1031/1031 1032/1032/1032 1007/1007/1007
f 1007/1007/1007 1032/1032/1032 1008/1008/1008
f 1032/1032/1032 1033/1033/1033 1008/1008/1008
f 1008/1008/1008 1033/1033/1033 1009/1009/1009
f 1033/1033/1033 1034/1034/1034 1009/1009/1009
f 1009/1009/1009 1034/1034/1034 1010/1010/1010
f 1034/1034/1034 1035/1035/1035 1010/1010/1010
f 1010/1010/1010 1035/1035/1035 1011/1011/1011
f 1035/1035/1035 1036/1036/1036 1011/1011/1011
f 1011/1011/1011 1036/1036/1036 1012/1012/1012
f 1036/1036/1036 1037/1037/1037 1012/1012/1012
f 1012/1012/1012 1037/1037/1037 1013/1013/1013
f 1037/1037/1037 1038/1038/1038 1013/1013/1013
f 1013/1013/1013 1038/1038/1038 1014/1014/1014
f 1038/1038/1038 1039/1039/1039 1014/1014/1014
f 1014/1014/1014 1039/1039/1039 1015/1015/1015
f 1039/1039/1039 1040/1040/1040 1015/1015/1015
f 1015/1015/1015 1040/1040/1040 1016/1016/1016
f 1040/1040/1040 1041/1041/1041 1016/1016/1016
f 1016/1016/1016 1041/1041/1041 1017/1017/1017
f 1041/1041/1041 1042/1042/1042 1017/1017/1017
f 1017/1017/1017 1042/1042/1042 1018/1018/1018
f 1042/1042/1042 1043/1043/1043 1018/1018/1018
f 1018/1018/1018 1043/1043/1043 1019/1019/1019
f 1043/1043/1043 1044/1044/1044 1019/1019/1019
f 1019/1019/1019 1044/1044/1044 1020/1020/1020
f 1044/1044/1044 1045/1045/1045 1020/1020/1020
f 1020/1020/1020 1045/1045/1045 1021/1021/1021
f 1045/1045/1045 1046/1046/1046 1021/1021/1021
f 1021/1021/1021 1046/1046/1046 1022/1022/1022
f 1046/1046/1046 1047/1047/1047 1022/1022/1022
f 1022/1022/1022 1047/1047/1047 1023/1023/1023
f 1047/1047/1047 1048/1048/1048 1023/1023/1023
f 1023/1023/1023 1048/1048/1048 1024/1024/1024
f 1048/1048/1048 1049/1049/1049 1024/1024/1024
f 1024/1024/1024 1049/1049/1049 1025/1025/1025
f 1049/1049/1049 1050/1050/1050 1025/1025/1025
f 1026/1026/1026 1051/1051/1051 1027/1027/1027
f 1051/1051/1051 1052/1052/1052 1027/1027/1027
f 1027/1027/1027 1052/1052/1052 1028/1028/1028
f 1052/1052/1052 1053/1053/1053 1028/1028/1028
f 1028/1028/1028 1053/1053/1053 1029/1029/1029
f 1053/1053/1053 1054/1054/1054 1029/1029/1029
f 1029/1029/1029 1054/1054/1054 1030/1030/1030
f 1054/1054/1054 1055/1055/1055 1030/1030/1030
f 1030/1030/1030 1055/1055/1055 1031/1031/1031
f 1055/1055/1055 1056/1056/1056 1031/1031/1031
f 1031/1031/1031 1056/1056/1056 1032/1032/1032
f 1056/1056/1056 1057/1057/1057 1032/1032/1032
f 1032/1032/1032 1057/1057/1057 1033/1033/1033
f 1057/1057/1057 1058/1058/1058 1033/1033/1033
f 1033/1033/1033 1058/1058/1058 1034/1034/1034
f 1058/1058/1058 1059/1059/1059 1034/1034/1034
f 1034/1034/1034 1059/1059/1059 1035/1035/1035
f 1059/1059/1059 1060/1060/1060 1035/1035/1035
f 1035/1035/1035 1060/1060/1060 1036/1036/1036
f 1060/1060/1060 1061/1061/1061 1036/1036/1036
f 1036/1036/1036 1061/1061/1061 1037/1037/1037
f 1061/1061/1061 1062/1062/1062 1037/1037/1037
f 1037/1037/1037 1062/1062/1062 1038/1038/1038
f 1062/1062/1062 1063/1063/1063 1038/1038/1038
f 1038/1038/1038 1063/1063/1063 1039/1039/1039
f 1063/1063/1063 1064/1064/1064 1039/1039/1039
f 1039/1039/1039 1064/1064/1064 1040/1040/1040
f 1064/1064/1064 1065/1065/1065 1040/1040/1040
f 1040/1040/1040 1065/1065/1065 1041/1041/1041
f 1065/1065/1065 1066/1066/1066 1041/1041/1041
f 1041/1041/1041 1066/1066/1066 1042/1042/1042
f 1066/1066/1066 1067/1067/1067 1042/1042/1042
f 1042/1042/1042 1067/1067/1067 1043/1043/1043
f 1067/1067/1067 1068/1068/1068 1043/1043/1043
f 1043/1043/1043 1068/1068/1068 1044/1044/1044
f 1068/1068/1068 1069/1069/1069 1044/1044/1044
f 1044/1044/1044 1069/1069/1069 1045/1045/1045
f 1069/1069/1069 1070/1070/1070 1045/1045/1045
f 1045/1045/1045 1070/1070/1070 1046/1046/1046
f 1070/1070/1070 1071/1071/1071 1046/1046/1046
f 1046/1046/1046 1071/1071/1071 1047/1047/1047
f 1071/1071/1071 1072/1072/1072 1047/1047/1047
f 1047/1047/1047 1072/1072/1072 1048/1048/1048
f 1072/1072/1072 1073/1073/1073 1048/1048/1048
f 1048/1048/1048 1073/1073/1073 1049/1049/1049
f 1073/1073/1073 1074/1074/1074 1049/1049/1049
f 1049/1049/1049 1074/1074/1074 1050/1050/1050
f 1074/1074/1074 1075/1075/1075 1050/1050/1050
f 1051/1051/1051 1076/1076/1076 1052/1052/1052
f 1076/1076/1076 1077/1077/1077 1052/1052/1052
f 1052/1052/1052 1077/1077/1077 1053/1053/1053
f 1077/1077/1077 1078/1078/1078 1053/1053/1053
f 1053/1053/1053 1078/1078/1078 1054/1054/1054
f 1078/1078/1078 1079/1079/1079 1054/1054/1054
f 1054/1054/1054 1079/1079/1079 1055/1055/1055
f 1079/1079/1079 1080/1080/1080 1055/1055/1055
f 1055/1055/1055 1080/1080/1080 1056/1056/1056
f 1080/1080/1080 1081/1081/1081 1056/1056/1056
f 1056/1056/1056 1081/1081/1081 1057/1057/1057
f 1081/1081/1081 1082/1082/1082 1057/1057/1057
f 1057/1057/1057 1082/1082/1082 1058/1058/1058
f 1082/1082/1082 1083/1083/1083 1058/1058/1058
f 1058/1058/1058 1083/1083/1083 1059/1059/1059
f 1083/1083/1083 1084/1084/1084 1059/1059/1059
f 1059/1059/1059 1084/1084/1084 1060/1060/1060
f 1084/1084/1084 1085/1085/1085 1060/1060/1060
f 1060/1060/1060 1085/1085/1085 1061/1061/1061
f 1085/1085/1085 1086/1086/1086 1061/1061/1061
f 1061/1061/1061 1086/1086/1086 1062/1062/1062
f 1086/1086/1086 1087/1087/1087 1062/1062/1062
f 1062/1062/1062 1087/1087/1087 1063/1063/1063
f 1087/1087/1087 1088/1088/1088 1063/1063/1063
f 1063/1063/1063 1088/1088/1088 1064/1064/1064
f 1088/1088/1088 1089/1089/1089 1064/1064/1064
f 1064/1064/1064 1089/1089/1089 1065/1065/1065
f 1089/1089/1089 1090/1090/1090 1065/1065/1065
f 1065/1065/1065 1090/1090/1090 1066/1066/1066
f 1090/1090/1090 1091/1091/1091 1066/1066/1066
f 1066/1066/1066 1091/1091/1091 1067/1067/1067
f 1091/1091/1091 1092/1092/1092 1067/1067/1067
f 1067/1067/1067 1092/1092/1092 1068/1068/1068
f 1092/1092/1092 1093/1093/1093 1068/1068/1068
f 1068/1068/1068 1093/1093/1093 1069/1069/1069
f 1093/1093/1093 1094/1094/1094 1069/1069/1069
f 1069/1069/1069 1094/1094/1094 1070/1070/1070
f 1094/1094/1094 1095/1095/1095 1070/1070/1070
f 1070/1070/1070 1095/1095/1095 1071/1071/1071
f 1095/1095/1095 1096/1096/1096 1071/1071/1071
f 1071/1071/1071 1096/1096/1096 1072/1072/1072
f 1096/1096/1096 1097/1097/1097 1072/1072/1072
f 1072/1072/1072 1097/1097/1097 1073/1073/1073
f 1097/1097/1097 1098/1098/1098 1073/1073/1073
f 1073/1073/1073 1098/1098/1098 1074/1074/1074
f 1098/1098/1098 1099/1099/1099 1074/1074/1074
f 1074/1074/1074 1099/1099/1099 1075/1075/1075
f 1099/1099/1099 1100/1100/1100 1075/1075/1075
f 1076/1076/1076 1101/1101/1101 1077/1077/1077
f 1101/1101/1101 1102/1102/1102 1077/1077/1077
f 1077/1077/1077 1102/1102/1102 1078/1078/1078
f 1102/1102/1102 1103/1103/1103 1078/1078/1078
f 1078/1078/1078 1103/1103/1103 1079/1079/1079
f 1103/1103/1103 1104/1104/1104 1079/1079/1079
f 1079/1079/1079 1104/1104/1104 1080/1080/1080
f 1104/1104/1104 1105/1105/1105 1080/1080/1080
f 1080/1080/1080 1105/1105/1105 1081/1081/1081
f 1105/1105/1105 1106/1106/1106 1081/1081/1081
f 1081/1081/1081 1106/1106/1106 1082/1082/1082
f 1106/1106/1106 1107/1107/1107 1082/1082/1082
f 1082/1082/1082 1107/1107/1107 1083/1083/1083
f 1107/1107/1107 1108/1108/1108 1083/1083/1083
f 1083/1083/1083 1108/1108/1108 1084/1084/1084
f 1108/1108/1108 1109/1109/1109 1084/1084/1084
f 1084/1084/1084 1109/1109/1109 1085/1085/1085
f 1109/1109/1109 1110/1110/1110 1085/1085/1085
f 1085/1085/1085 1110/1110/1110 1086/1086/1086
f 1110/1110/1110 1111/1111/1111 1086/1086/1086
f 1086/1086/1086 1111/1111/1111 1087/1087/1087
f 1111/1111/1111 1112/1112/1112 1087/1087/1087
f 1087/1087/1087 1112/1112/1112 1088/1088/1088
f 1112/1112/1112 1113/1113/1113 1088/1088/1088
f 1088/1088/1088 1113/1113/1113 1089/1089/1089
f 1113/1113/1113 1114/1114/1114 1089/1089/1089
f 1089/1089/1089 1114/1114/1114 1090/1090/1090
f 1114/1114/1114 1115/1115/1115 1090/1090/1090
f 1090/1090/1090 1115/1115/1115 1091/1091/1091
f 1115/1115/1115 1116/1116/1116 1091/1091/1091
f 1091/1091/1091 1116/1116/1116 1092/1092/1092
f 1116/1116/1116 1117/1117/1117 1092/1092/1092
f 1092/1092/1092 1117/1117/1117 1093/1093/1093
f 1117/1117/1117 1118/1118/1118 1093/1093/1093
f 1093/1093/1093 1118/1118/1118 1094/1094/1094
f 1118/1118/1118 1119/1119/1119 1094/1094/1094
f 1094/1094/1094 1119/1119/1119 1095/1095/1095
f 1119/1119/1119 1120/1120/1120 1095/1095/1095
f 1095/1095/1095 1120/1120/1120 1096/1096/1096
f 1120/1120/1120 1121/1121/1121 1096/1096/1096
f 1096/1096/1096 1121/1121/1121 1097/1097/1097
f 1121/1121/1121 1122/1122/1122 1097/1097/1097
f 1097/1097/1097 1122/1122/1122 1098/1098/1098
f 1122/1122/1122 1123/1123/1123 1098/1098/1098
f 1098/1098/1098 1123/1123/1123 1099/1099/1099
f 1123/1123/1123 1124/1124/1124 1099/1099/1099
f 1099/1099/1099 1124/1124/1124 1100/1100/1100
f 1124/1124/1124 1125/1125/1125 1100/1100/1100
f 1101/1101/1101 1126/1126/1126 1102/1102/1102
f 1126/1126/1126 1127/1127/1127 1102/1102/1102
f 1102/1102/1102 1127/1127/1127 1103/1103/1103
f 1127/1127/1127 1128/1128/1128 1103/1103/1103
f 1103/1103/1103 1128/1128/1128 1104/1104/1104
f 1128/1128/1128 1129/1129/1129 1104/1104/1104
f 1104/1104/1104 1129/1129/1129 1105/1105/1105
f 1129/1129/1129 1130/1130/1130 1105/1105/1105
f 1105/1105/1105 1130/1130/1130 1106/1106/1106
f 1130/1130/1130 1131/1131/1131 1106/1106/1106
f 1106/1106/1106 1131/1131/1131 1107/1107/1107
f 1131/1131/1131 1132/1132/1132 1107/1107/1107
f 1107/1107/1107 1132/1132/1132 1108/1108/1108
f 1132/1132/1132 1133/1133/1133 1108/1108/1108
f 1108/1108/1108 1133/1133/1133 1109/1109/1109
f 1133/1133/1133 1134/1134/1134 1109/1109/1109
f 1109/1109/1109 1134/1134/1134 1110/1110/1110
f 1134/1134/1134 1135/1135/1135 1110/1110/1110
f 1110/1110/1110 1135/1135/1135 1111/1111/1111
f 1135/1135/1135 1136/1136/1136 1111/1111/1111
f 1111/1111/1111 1136/1136/1136 1112/1112/1112
f 1136/1136/1136 1137/1137/1137 1112/1112/1112
f 1112/1112/1112 1137/1137/1137 1113/1113/1113
f 1137/1137/1137 1138/1138/1138 1113/1113/1113
f 1113/1113/1113 1138/1138/1138 1114/1114/1114
f 1138/1138/1138 1139/1139/1139 1114/1114/1114
f 1114/1114/1114 1139/1139/1139 1115/1115/1115
f 1139/1139/1139 1140/1140/1140 1115/1115/1115
f 1115/1115/1115 1140/1140/1140 1116/1116/1116
f 1140/1140/1140 1141/1141/1141 1116/1116/1116
f 1116/1116/1116 1141/1141/1141 1117/1117/1117
f 1141/1141/1141 1142/1142/1142 1117/1117/1117
f 1117/1117/1117 1142/1142/1142 1118/1118/1118
f 1142/1142/1142 1143/1143/1143 1118/1118/1118
f 1118/1118/1118 1143/1143/1143 1119/1119/1119
f 1143/1143/1143 1144/1144/1144 1119/1119/1119
f 1119/1119/1119 1144/1144/1144 1120/1120/1120
f 1144/1144/1144 1145/1145/1145 1120/1120/1120
f 1120/1120/1120 1145/1145/1145 1121/1121/1121
f 1145/1145/1145 1146/1146/1146 1121/1121/1121
f 1121/1121/1121 1146/1146/1146 1122/1122/1122
f 1146/1146/1146 1147/1147/1147 1122/1122/1122
f 1122/1122/1122 1147/1147/1147 1123/1123/1123
f 1147/1147/1147 1148/1148/1148 1123/1123/1123
f 1123/1123/1123 1148/1148/1148 1124/1124/1124
f 1148/1148/1148 1149/1149/1149 1124/1124/1124
f 1124/1124/1124 1149/1149/1149 1125/1125/1125
f 1149/1149/1149 1150/1150/1150 1125/1125/1125
f 1126/1126/1126 1151/1151/1151 1127/1127/1127
f 1151/1151/1151 1152/1152/1152 1127/1127/1127
f 1127/1127/1127 1152/1152/1152 1128/1128/1128
f 1152/1152/1152 1153/1153/1153 1128/1128/1128
f 1128/1128/1128 1153/1153/1153 1129/1129/1129
f 1153/1153/1153 1154/1154/1154 1129/1129/1129
f 1129/1129/1129 1154/1154/1154 1130/1130/1130
f 1154/1154/1154 1155/1155/1155 1130/1130/1130
f 1130/1130/1130 1155/1155/1155 1131/1131/1131
f 1155/1155/1155 1156/1156/1156 1131/1131/1131
f 1131/1131/1131 1156/1156/1156 1132/1132/1132
f 1156/1156/1156 1157/1157/1157 1132/1132/1132
f 1132/1132/1132 1157/1157/1157 1133/1133/1133
f 1157/1157/1157 1158/1158/1158 1133/1133/1133
f 1133/1133/1133 1158/1158/1158 1134/1134/1134
f 1158/1158/1158 1159/1159/1159 1134/1134/1134
f 1134/1134/1134 1159/1159/1159 1135/1135/1135
f 1159/1159/1159 1160/1160/1160 1135/1135/1135
f 1135/1135/1135 1160/1160/1160 1136/1136/1136
f 1160/1160/1160 1161/1161/1161 1136/1136/1136
f 1136/1136/1136 1161/1161/1161 1137/1137/1137
f 1161/1161/1161 1162/1162/1162 1137/1137/1137
f 1137/1137/1137 1162/1162/1162 1138/1138/1138
f 1162/1162/1162 1163/1163/1163 1138/1138/1138
f 1138/1138/1138 1163/1163/1163 1139/1139/1139
f 1163/1163/1163 1164/1164/1164 1139/1139/1139
f 1139/1139/1139 1164/1164/1164 1140/1140/1140
f 1164/1164/1164 1165/1165/1165 1140/1140/1140
f 1140/1140/1140 1165/1165/1165 1141/1141/1141
f 1165/1165/1165 1166/1166/1166 1141/1141/1141
f 1141/1141/1141 1166/1166/1166 1142/1142/1142
f 1166/1166/1166 1167/1167/1167 1142/1142/1142
f 1142/1142/1142 1167/1167/1167 1143/1143/1143
f 1167/1167/1167 1168/1168/1168 1143/1143/1143
f 1143/1143/1143 1168/1168/1168 1144/1144/1144
f 1168/1168/1168 1169/1169/1169 1144/1144/1144
f 1144/1144/1144 1169/1169/1169 1145/1145/1145
f 1169/1169/1169 1170/1170/1170 1145/1145/1145
f 1145/1145/1145 1170/1170/1170 1146/1146/1146
f 1170/1170/1170 1171/1171/1171 1146/1146/1146
f 1146/1146/1146 1171/1171/1171 1147/1147/1147
f 1171/1171/1171 1172/1172/1172 1147/1147/1147
f 1147/1147/1147 1172/1172/1172 1148/1148/1148
f 1172/1172/1172 1173/1173/1173 1148/1148/1148
f 1148/1148/1148 1173/1173/1173 1149/1149/1149
f 1173/1173/1173 1174/1174/1174 1149/1149/1149
f 1149/1149/1149 1174/1174/1174 1150/1150/1150
f 1174/1174/1174 1175/1175/1175 1150/1150/1150
f 1151/1151/1151 1176/1176/1176 1152/1152/1152
f 1176/1176/1176 1177/1177/1177 1152/1152/1152
f 1152/1152/1152 1177/1177/1177 1153/1153/1153
f 1177/1177/1177 1178/1178/1178 1153/1153/1153
f 1153/1153/1153 1178/1178/1178 1154/1154/1154
f 1178/1178/1178 1179/1179/1179 1154/1154/1154
f 1154/1154/1154 1179/1179/1179 1155/1155/1155
f 1179/1179/1179 1180/1180/1180 1155/1155/1155
f 1155/1155/1155 1180/1180/1180 1156/1156/1156
f 1180/1180/1180 1181/1181/1181 1156/1156/1156
f 1156/1156/1156 1181/1181/1181 1157/1157/1157
f 1181/1181/1181 1182/1182/1182 1157/1157/1157
f 1157/1157/1157 1182/1182/1182 1158/1158/1158
f 1182/1182/1182 1183/1183/1183 1158/1158/1158
f 1158/1158/1158 1183/1183/1183 1159/1159/1159
f 1183/1183/1183 1184/1184/1184 1159/1159/1159
f 1159/1159/1159 1184/1184/1184 1160/1160/1160
f 1184/1184/1184 1185/1185/1185 1160/1160/1160
f 1160/1160/1160 1185/1185/1185 1161/1161/1161
f 1185/1185/1185 1186/1186/1186 1161/1161/1161
f 1161/1161/1161 1186/1186/1186 1162/1162/1162
f 1186/1186/1186 1187/1187/1187 1162/1162/1162
f 1162/1162/1162 1187/1187/1187 1163/1163/1163
f 1187/1187/1187 1188/1188/1188 1163/1163/1163
f 1163/1163/1163 1188/1188/1188 1164/1164/1164
f 1188/1188/1188 1189/1189/1189 1164/1164/1164
f 1164/1164/1164 1189/1189/1189 1165/1165/1165
f 1189/1189/1189 1190/1190/1190 1165/1165/1165
f 1165/1165/1165 1190/1190/1190 1166/1166/1166
f 1190/1190/1190 1191/1191/1191 1166/1166/1166
f 1166/1166/1166 1191/1191/1191 1167/1167/1167
f 1191/1191/1191 1192/1192/1192 1167/1167/1167
f 1167/1167/1167 1192/1192/1192 1168/1168/1168
f 1192/1192/1192 1193/1193/1193 1168/1168/1168
f 1168/1168/1168 1193/1193/1193 1169/1169/1169
f 1193/1193/1193 1194/1194/1194 1169/1169/1169
f 1169/1169/1169 1194/1194/1194 1170/1170/1170
f 1194/1194/1194 1195/1195/1195 1170/1170/1170
f 1170/1170/1170 1195/1195/1195 1171/1171/1171
f 1195/1195/1195 1196/1196/1196 1171/1171/1171
f 1171/1171/1171 1196/1196/1196 1172/1172/1172
f 1196/1196/1196 1197/1197/1197 1172/1172/1172
f 1172/1172/1172 1197/1197/1197 1173/1173/1173
f 1197/1197/1197 1198/1198/1198 1173/1173/1173
f 1173/1173/1173 1198/1198/1198 1174/1174/1174
f 1198/1198/1198 1199/1199/1199 1174/1174/1174
f 1174/1174/1174 1199/1199/1199 1175/1175/1175
f 1199/1199/1199 1200/1200/1200 1175/1175/1175
f 1176/1176/1176 1201/1201/1201 1177/1177/1177
f 1201/1201/1201 1202/1202/1202 1177/1177/1177
f 1177/1177/1177 1202/1202/1202 1178/1178/1178
f 1202/1202/1202 1203/1203/1203 1178/1178/1178
f 1178/1178/1178 1203/1203/1203 1179/1179/1179
f 1203/1203/1203 1204/1204/1204 1179/1179/1179
f 1179/1179/1179 1204/1204/1204 1180/1180/1180
f 1204/1204/1204 1205/1205/1205 1180/1180/1180
f 1180/1180/1180 1205/1205/1205 1181/1181/1181
f 1205/1205/1205 1206/1206/1206 1181/1181/1181
f 1181/1181/1181 1206/1206/1206 1182/1182/1182
f 1206/1206/1206 1207/1207/1207 1182/1182/1182
f 1182/1182/1182 1207/1207/1207 1183/1183/1183
f 1207/1207/1207 1208/1208/1208 1183/1183/1183
f 1183/1183/1183 1208/1208/1208 1184/1184/1184
f 1208/1208/1208 1209/1209/1209 1184/1184/1184
f 1184/1184/1184 1209/1209/1209 1185/1185/1185
f 1209/1209/1209 1210/1210/1210 1185/1185/1185
f 1185/1185/1185 1210/1210/1210 1186/1186/1186
f 1210/1210/1210 1211/1211/1211 1186/1186/1186
f 1186/1186/1186 1211/1211/1211 1187/1187/1187
f 1211/1211/1211 1212/1212/1212 1187/1187/1187
f 1187/1187/1187 1212/1212/1212 1188/1188/1188
f 1212/1212/1212 1213/1213/1213 1188/1188/1188
f 1188/1188/1188 1213/1213/1213 1189/1189/1189
f 1213/1213/1213 1214/1214/1214 1189/1189/1189
f 1189/1189/1189 1214/1214/1214 1190/1190/1190
f 1214/1214/1214 1215/1215/1215 1190/1190/1190
f 1190/1190/1190 1215/1215/1215 1191/1191/1191
f 1215/1215/1215 1216/1216/1216 1191/1191/1191
f 1191/1191/1191 1216/1216/1216 1192/1192/1192
f 1216/1216/1216 1217/1217/1217 1192/1192/1192
f 1192/1192/1192 1217/1217/1217 1193/1193/1193
f 1217/1217/1217 1218/1218/1218 1193/1193/1193
f 1193/1193/1193 1218/1218/1218 1194/1194/1194
f 1218/1218/1218 1219/1219/1219 1194/1194/1194
f 1194/1194/1194 1219/1219/1219 1195/1195/1195
f 1219/1219/1219 1220/1220/1220 1195/1195/1195
f 1195/1195/1195 1220/1220/1220 1196/1196/1196
f 1220/1220/1220 1221/1221/1221 1196/1196/1196
f 1196/1196/1196 1221/1221/1221 1197/1197/1197
f 1221/1221/1221 1222/1222/1222 1197/1197/1197
f 1197/1197/1197 1222/1222/1222 1198/1198/1198
f 1222/1222/1222 1223/1223/1223 1198/1198/1198
f 1198/1198/1198 1223/1223/1223 1199/1199/1199
f 1223/1223/1223 1224/1224/1224 1199/1199/1199
f 1199/1199/1199 1224/1224/1224 1200/1200/1200
f 1224/1224/1224 1225/1225/1225 1200/1200/1200
